pincode,district,cluster_key,team
813105,BHAGALPUR,BIHAR,East
813203,BHAGALPUR,BIHAR,East
853202,BHAGALPUR,BIHAR,East
813222,BHAGALPUR,BIHAR,East
812005,BHAGALPUR,BIHAR,East
853203,BHAGALPUR,BIHAR,East
812006,BHAGALPUR,BIHAR,East
853204,BHAGALPUR,BIHAR,East
813209,BHAGALPUR,BIHAR,East
853205,BHAGALPUR,BIHAR,East
813210,BHAGALPUR,BIHAR,East
813108,BHAGALPUR,BIHAR,East
813213,BHAGALPUR,BIHAR,East
853201,BHAGALPUR,BIHAR,East
812004,BHAGALPUR,BIHAR,East
813204,BHAGALPUR,BIHAR,East
813205,BHAGALPUR,BIHAR,East
813206,BHAGALPUR,BIHAR,East
812001,BHAGALPUR,BIHAR,East
812003,BHAGALPUR,BIHAR,East
812002,BHAGALPUR,BIHAR,East
813214,BHAGALPUR,BIHAR,East
812007,BHAGALPUR,BIHAR,East
813212,BANKA,BIHAR,East
813207,BANKA,BIHAR,East
813110,BANKA,BIHAR,East
813109,BANKA,BIHAR,East
813107,BANKA,BIHAR,East
813211,BANKA,BIHAR,East
813101,BANKA,BIHAR,East
813103,BANKA,BIHAR,East
813202,BANKA,BIHAR,East
813104,BANKA,BIHAR,East
814131,BANKA,BIHAR,East
813106,BANKA,BIHAR,East
813102,BANKA,BIHAR,East
851210,BEGUSARAI,BIHAR,East
851127,BEGUSARAI,BIHAR,East
848201,BEGUSARAI,BIHAR,East
851113,BEGUSARAI,BIHAR,East
851111,BEGUSARAI,BIHAR,East
851112,BEGUSARAI,BIHAR,East
851120,BEGUSARAI,BIHAR,East
848204,BEGUSARAI,BIHAR,East
851211,BEGUSARAI,BIHAR,East
851128,BEGUSARAI,BIHAR,East
851118,BEGUSARAI,BIHAR,East
848202,BEGUSARAI,BIHAR,East
851129,BEGUSARAI,BIHAR,East
851130,BEGUSARAI,BIHAR,East
851131,BEGUSARAI,BIHAR,East
851117,BEGUSARAI,BIHAR,East
851217,BEGUSARAI,BIHAR,East
851132,BEGUSARAI,BIHAR,East
851218,BEGUSARAI,BIHAR,East
851133,BEGUSARAI,BIHAR,East
851134,BEGUSARAI,BIHAR,East
851126,BEGUSARAI,BIHAR,East
851116,BEGUSARAI,BIHAR,East
851101,BEGUSARAI,BIHAR,East
851114,BEGUSARAI,BIHAR,East
851135,BEGUSARAI,BIHAR,East
851115,BEGUSARAI,BIHAR,East
847451,SUPAUL,BIHAR,East
852130,SUPAUL,BIHAR,East
852131,SUPAUL,BIHAR,East
852137,SUPAUL,BIHAR,East
852138,SUPAUL,BIHAR,East
852139,SUPAUL,BIHAR,East
852108,SUPAUL,BIHAR,East
852109,SUPAUL,BIHAR,East
852110,SUPAUL,BIHAR,East
852133,SUPAUL,BIHAR,East
847452,SUPAUL,BIHAR,East
852214,SUPAUL,BIHAR,East
852111,SUPAUL,BIHAR,East
852215,SUPAUL,BIHAR,East
852218,SUPAUL,BIHAR,East
852125,SUPAUL,BIHAR,East
854339,SUPAUL,BIHAR,East
852105,SUPAUL,BIHAR,East
854340,SUPAUL,BIHAR,East
854338,SUPAUL,BIHAR,East
851213,KHAGARIA,BIHAR,East
851214,KHAGARIA,BIHAR,East
851201,KHAGARIA,BIHAR,East
851204,KHAGARIA,BIHAR,East
852161,KHAGARIA,BIHAR,East
851203,KHAGARIA,BIHAR,East
851205,KHAGARIA,BIHAR,East
851212,KHAGARIA,BIHAR,East
851215,KHAGARIA,BIHAR,East
851216,KHAGARIA,BIHAR,East
848203,KHAGARIA,BIHAR,East
851206,KHAGARIA,BIHAR,East
851202,KHAGARIA,BIHAR,East
824304,AURANGABAD,BIHAR,East
824111,AURANGABAD,BIHAR,East
824123,AURANGABAD,BIHAR,East
824208,AURANGABAD,BIHAR,East
824303,AURANGABAD,BIHAR,East
824301,AURANGABAD,BIHAR,East
824124,AURANGABAD,BIHAR,East
824125,AURANGABAD,BIHAR,East
824102,AURANGABAD,BIHAR,East
824129,AURANGABAD,BIHAR,East
824115,AURANGABAD,BIHAR,East
824302,AURANGABAD,BIHAR,East
824103,AURANGABAD,BIHAR,East
824112,AURANGABAD,BIHAR,East
824113,AURANGABAD,BIHAR,East
824143,AURANGABAD,BIHAR,East
824202,AURANGABAD,BIHAR,East
824114,AURANGABAD,BIHAR,East
824203,AURANGABAD,BIHAR,East
824120,AURANGABAD,BIHAR,East
824122,AURANGABAD,BIHAR,East
824121,AURANGABAD,BIHAR,East
824101,AURANGABAD,BIHAR,East
802204,BHOJPUR,BIHAR,East
802158,BHOJPUR,BIHAR,East
802205,BHOJPUR,BIHAR,East
802183,BHOJPUR,BIHAR,East
802313,BHOJPUR,BIHAR,East
802206,BHOJPUR,BIHAR,East
802314,BHOJPUR,BIHAR,East
802159,BHOJPUR,BIHAR,East
802222,BHOJPUR,BIHAR,East
802162,BHOJPUR,BIHAR,East
802163,BHOJPUR,BIHAR,East
802160,BHOJPUR,BIHAR,East
802161,BHOJPUR,BIHAR,East
802207,BHOJPUR,BIHAR,East
802208,BHOJPUR,BIHAR,East
802156,BHOJPUR,BIHAR,East
802203,BHOJPUR,BIHAR,East
802202,BHOJPUR,BIHAR,East
802201,BHOJPUR,BIHAR,East
802352,BHOJPUR,BIHAR,East
802311,BHOJPUR,BIHAR,East
802351,BHOJPUR,BIHAR,East
802152,BHOJPUR,BIHAR,East
802312,BHOJPUR,BIHAR,East
802223,BHOJPUR,BIHAR,East
802154,BHOJPUR,BIHAR,East
802155,BHOJPUR,BIHAR,East
802157,BHOJPUR,BIHAR,East
802301,BHOJPUR,BIHAR,East
802164,BHOJPUR,BIHAR,East
802165,BHOJPUR,BIHAR,East
802316,BHOJPUR,BIHAR,East
802210,BHOJPUR,BIHAR,East
802166,BHOJPUR,BIHAR,East
802209,BHOJPUR,BIHAR,East
802302,BHOJPUR,BIHAR,East
847122,MADHUBANI,BIHAR,East
847227,MADHUBANI,BIHAR,East
847232,MADHUBANI,BIHAR,East
847421,MADHUBANI,BIHAR,East
847231,MADHUBANI,BIHAR,East
847214,MADHUBANI,BIHAR,East
847234,MADHUBANI,BIHAR,East
847215,MADHUBANI,BIHAR,East
847235,MADHUBANI,BIHAR,East
847236,MADHUBANI,BIHAR,East
847411,MADHUBANI,BIHAR,East
847308,MADHUBANI,BIHAR,East
847239,MADHUBANI,BIHAR,East
847424,MADHUBANI,BIHAR,East
847410,MADHUBANI,BIHAR,East
847240,MADHUBANI,BIHAR,East
847409,MADHUBANI,BIHAR,East
847238,MADHUBANI,BIHAR,East
847109,MADHUBANI,BIHAR,East
847408,MADHUBANI,BIHAR,East
847213,MADHUBANI,BIHAR,East
847108,MADHUBANI,BIHAR,East
847305,MADHUBANI,BIHAR,East
847401,MADHUBANI,BIHAR,East
847222,MADHUBANI,BIHAR,East
847224,MADHUBANI,BIHAR,East
847102,MADHUBANI,BIHAR,East
847225,MADHUBANI,BIHAR,East
847223,MADHUBANI,BIHAR,East
847212,MADHUBANI,BIHAR,East
847402,MADHUBANI,BIHAR,East
847226,MADHUBANI,BIHAR,East
847403,MADHUBANI,BIHAR,East
847229,MADHUBANI,BIHAR,East
847228,MADHUBANI,BIHAR,East
847404,MADHUBANI,BIHAR,East
847230,MADHUBANI,BIHAR,East
847211,MADHUBANI,BIHAR,East
847301,DARBHANGA,BIHAR,East
847104,DARBHANGA,BIHAR,East
847302,DARBHANGA,BIHAR,East
846003,DARBHANGA,BIHAR,East
847204,DARBHANGA,BIHAR,East
847427,DARBHANGA,BIHAR,East
847304,DARBHANGA,BIHAR,East
847121,DARBHANGA,BIHAR,East
847107,DARBHANGA,BIHAR,East
846009,DARBHANGA,BIHAR,East
847115,DARBHANGA,BIHAR,East
847306,DARBHANGA,BIHAR,East
846005,DARBHANGA,BIHAR,East
847307,DARBHANGA,BIHAR,East
847337,DARBHANGA,BIHAR,East
846007,DARBHANGA,BIHAR,East
847123,DARBHANGA,BIHAR,East
847202,DARBHANGA,BIHAR,East
847101,DARBHANGA,BIHAR,East
847105,DARBHANGA,BIHAR,East
847203,DARBHANGA,BIHAR,East
847303,DARBHANGA,BIHAR,East
847106,DARBHANGA,BIHAR,East
846004,DARBHANGA,BIHAR,East
847201,DARBHANGA,BIHAR,East
847103,DARBHANGA,BIHAR,East
847428,DARBHANGA,BIHAR,East
848213,DARBHANGA,BIHAR,East
847422,DARBHANGA,BIHAR,East
847405,DARBHANGA,BIHAR,East
847407,DARBHANGA,BIHAR,East
847233,DARBHANGA,BIHAR,East
847423,DARBHANGA,BIHAR,East
846002,DARBHANGA,BIHAR,East
847429,DARBHANGA,BIHAR,East
846008,DARBHANGA,BIHAR,East
846001,DARBHANGA,BIHAR,East
846006,DARBHANGA,BIHAR,East
845432,PURBI CHAMPARAN,BIHAR,East
845433,PURBI CHAMPARAN,BIHAR,East
845305,PURBI CHAMPARAN,BIHAR,East
845434,PURBI CHAMPARAN,BIHAR,East
845435,PURBI CHAMPARAN,BIHAR,East
845456,PURBI CHAMPARAN,BIHAR,East
845436,PURBI CHAMPARAN,BIHAR,East
845437,PURBI CHAMPARAN,BIHAR,East
845401,PURBI CHAMPARAN,BIHAR,East
845427,PURBI CHAMPARAN,BIHAR,East
845457,PURBI CHAMPARAN,BIHAR,East
845431,PURBI CHAMPARAN,BIHAR,East
845428,PURBI CHAMPARAN,BIHAR,East
845430,PURBI CHAMPARAN,BIHAR,East
845429,PURBI CHAMPARAN,BIHAR,East
845406,PURBI CHAMPARAN,BIHAR,East
845413,PURBI CHAMPARAN,BIHAR,East
845412,PURBI CHAMPARAN,BIHAR,East
845414,PURBI CHAMPARAN,BIHAR,East
845302,PURBI CHAMPARAN,BIHAR,East
845415,PURBI CHAMPARAN,BIHAR,East
845416,PURBI CHAMPARAN,BIHAR,East
845417,PURBI CHAMPARAN,BIHAR,East
845418,PURBI CHAMPARAN,BIHAR,East
845303,PURBI CHAMPARAN,BIHAR,East
845419,PURBI CHAMPARAN,BIHAR,East
845420,PURBI CHAMPARAN,BIHAR,East
845422,PURBI CHAMPARAN,BIHAR,East
845423,PURBI CHAMPARAN,BIHAR,East
845440,PURBI CHAMPARAN,BIHAR,East
845424,PURBI CHAMPARAN,BIHAR,East
845304,PURBI CHAMPARAN,BIHAR,East
845425,PURBI CHAMPARAN,BIHAR,East
845458,PURBI CHAMPARAN,BIHAR,East
845426,PURBI CHAMPARAN,BIHAR,East
845301,PURBI CHAMPARAN,BIHAR,East
845411,PURBI CHAMPARAN,BIHAR,East
845315,PURBI CHAMPARAN,BIHAR,East
841302,SARAN,BIHAR,East
841403,SARAN,BIHAR,East
841201,SARAN,BIHAR,East
841204,SARAN,BIHAR,East
841205,SARAN,BIHAR,East
841206,SARAN,BIHAR,East
841207,SARAN,BIHAR,East
841208,SARAN,BIHAR,East
841311,SARAN,BIHAR,East
841211,SARAN,BIHAR,East
841202,SARAN,BIHAR,East
841209,SARAN,BIHAR,East
841312,SARAN,BIHAR,East
841419,SARAN,BIHAR,East
841424,SARAN,BIHAR,East
841417,SARAN,BIHAR,East
841442,SARAN,BIHAR,East
841218,SARAN,BIHAR,East
841421,SARAN,BIHAR,East
841422,SARAN,BIHAR,East
841221,SARAN,BIHAR,East
841101,SARAN,BIHAR,East
841222,SARAN,BIHAR,East
841401,SARAN,BIHAR,East
841402,SARAN,BIHAR,East
841460,SARAN,BIHAR,East
841410,SARAN,BIHAR,East
841443,SARAN,BIHAR,East
841411,SARAN,BIHAR,East
841414,SARAN,BIHAR,East
841415,SARAN,BIHAR,East
841412,SARAN,BIHAR,East
841212,SARAN,BIHAR,East
841213,SARAN,BIHAR,East
841215,SARAN,BIHAR,East
841313,SARAN,BIHAR,East
841316,SARAN,BIHAR,East
841216,SARAN,BIHAR,East
841224,SARAN,BIHAR,East
841219,SARAN,BIHAR,East
841214,SARAN,BIHAR,East
841223,SARAN,BIHAR,East
841220,SARAN,BIHAR,East
841305,SARAN,BIHAR,East
841217,SARAN,BIHAR,East
841225,SARAN,BIHAR,East
841301,SARAN,BIHAR,East
841418,SARAN,BIHAR,East
852219,MADHEPURA,BIHAR,East
852128,MADHEPURA,BIHAR,East
852132,MADHEPURA,BIHAR,East
852220,MADHEPURA,BIHAR,East
852115,MADHEPURA,BIHAR,East
852112,MADHEPURA,BIHAR,East
852113,MADHEPURA,BIHAR,East
852122,MADHEPURA,BIHAR,East
852121,MADHEPURA,BIHAR,East
852116,MADHEPURA,BIHAR,East
852101,MADHEPURA,BIHAR,East
852114,MADHEPURA,BIHAR,East
852213,MADHEPURA,BIHAR,East
852126,SAHARSA,BIHAR,East
852127,SAHARSA,BIHAR,East
852129,SAHARSA,BIHAR,East
852221,SAHARSA,BIHAR,East
852216,SAHARSA,BIHAR,East
852217,SAHARSA,BIHAR,East
852123,SAHARSA,BIHAR,East
852124,SAHARSA,BIHAR,East
852202,SAHARSA,BIHAR,East
852212,SAHARSA,BIHAR,East
852106,SAHARSA,BIHAR,East
852107,SAHARSA,BIHAR,East
852201,SAHARSA,BIHAR,East
848506,SAMASTIPUR,BIHAR,East
848216,SAMASTIPUR,BIHAR,East
848113,SAMASTIPUR,BIHAR,East
848207,SAMASTIPUR,BIHAR,East
848114,SAMASTIPUR,BIHAR,East
848210,SAMASTIPUR,BIHAR,East
848127,SAMASTIPUR,BIHAR,East
848236,SAMASTIPUR,BIHAR,East
848209,SAMASTIPUR,BIHAR,East
848130,SAMASTIPUR,BIHAR,East
848132,SAMASTIPUR,BIHAR,East
848503,SAMASTIPUR,BIHAR,East
848125,SAMASTIPUR,BIHAR,East
848129,SAMASTIPUR,BIHAR,East
848131,SAMASTIPUR,BIHAR,East
848133,SAMASTIPUR,BIHAR,East
848115,SAMASTIPUR,BIHAR,East
848205,SAMASTIPUR,BIHAR,East
848117,SAMASTIPUR,BIHAR,East
848134,SAMASTIPUR,BIHAR,East
848302,SAMASTIPUR,BIHAR,East
848160,SAMASTIPUR,BIHAR,East
848101,SAMASTIPUR,BIHAR,East
848301,SAMASTIPUR,BIHAR,East
848122,SAMASTIPUR,BIHAR,East
848208,SAMASTIPUR,BIHAR,East
848502,SAMASTIPUR,BIHAR,East
848121,SAMASTIPUR,BIHAR,East
848211,SAMASTIPUR,BIHAR,East
848505,SAMASTIPUR,BIHAR,East
848504,SAMASTIPUR,BIHAR,East
848206,SAMASTIPUR,BIHAR,East
848501,SAMASTIPUR,BIHAR,East
848102,SAMASTIPUR,BIHAR,East
845307,PASHCHIM CHAMPARAN,BIHAR,East
845107,PASHCHIM CHAMPARAN,BIHAR,East
845101,PASHCHIM CHAMPARAN,BIHAR,East
845438,PASHCHIM CHAMPARAN,BIHAR,East
845449,PASHCHIM CHAMPARAN,BIHAR,East
845450,PASHCHIM CHAMPARAN,BIHAR,East
845451,PASHCHIM CHAMPARAN,BIHAR,East
845103,PASHCHIM CHAMPARAN,BIHAR,East
845459,PASHCHIM CHAMPARAN,BIHAR,East
845452,PASHCHIM CHAMPARAN,BIHAR,East
845453,PASHCHIM CHAMPARAN,BIHAR,East
845104,PASHCHIM CHAMPARAN,BIHAR,East
845306,PASHCHIM CHAMPARAN,BIHAR,East
845454,PASHCHIM CHAMPARAN,BIHAR,East
845105,PASHCHIM CHAMPARAN,BIHAR,East
845455,PASHCHIM CHAMPARAN,BIHAR,East
845106,PASHCHIM CHAMPARAN,BIHAR,East
824219,GAYA,BIHAR,East
824116,GAYA,BIHAR,East
824217,GAYA,BIHAR,East
824201,GAYA,BIHAR,East
824236,GAYA,BIHAR,East
804435,GAYA,BIHAR,East
805131,GAYA,BIHAR,East
824207,GAYA,BIHAR,East
824211,GAYA,BIHAR,East
824210,GAYA,BIHAR,East
805128,GAYA,BIHAR,East
824221,GAYA,BIHAR,East
824220,GAYA,BIHAR,East
824205,GAYA,BIHAR,East
824206,GAYA,BIHAR,East
823311,GAYA,BIHAR,East
804403,GAYA,BIHAR,East
824231,GAYA,BIHAR,East
823003,GAYA,BIHAR,East
804404,GAYA,BIHAR,East
824237,GAYA,BIHAR,East
823004,GAYA,BIHAR,East
824232,GAYA,BIHAR,East
823002,GAYA,BIHAR,East
824118,GAYA,BIHAR,East
824233,GAYA,BIHAR,East
824234,GAYA,BIHAR,East
824235,GAYA,BIHAR,East
824209,GAYA,BIHAR,East
823001,GAYA,BIHAR,East
823005,GAYA,BIHAR,East
841420,GOPALGANJ,BIHAR,East
841423,GOPALGANJ,BIHAR,East
841440,GOPALGANJ,BIHAR,East
841505,GOPALGANJ,BIHAR,East
841441,GOPALGANJ,BIHAR,East
841405,GOPALGANJ,BIHAR,East
841425,GOPALGANJ,BIHAR,East
841426,GOPALGANJ,BIHAR,East
841508,GOPALGANJ,BIHAR,East
841407,GOPALGANJ,BIHAR,East
841427,GOPALGANJ,BIHAR,East
841428,GOPALGANJ,BIHAR,East
841436,GOPALGANJ,BIHAR,East
841437,GOPALGANJ,BIHAR,East
841501,GOPALGANJ,BIHAR,East
841438,GOPALGANJ,BIHAR,East
841503,GOPALGANJ,BIHAR,East
841409,GOPALGANJ,BIHAR,East
811301,JAMUI,BIHAR,East
811303,JAMUI,BIHAR,East
811305,JAMUI,BIHAR,East
811308,JAMUI,BIHAR,East
811317,JAMUI,BIHAR,East
811312,JAMUI,BIHAR,East
811313,JAMUI,BIHAR,East
811315,JAMUI,BIHAR,East
811316,JAMUI,BIHAR,East
811314,JAMUI,BIHAR,East
811307,JAMUI,BIHAR,East
841416,SIWAN,BIHAR,East
841231,SIWAN,BIHAR,East
841227,SIWAN,BIHAR,East
841434,SIWAN,BIHAR,East
841435,SIWAN,BIHAR,East
841236,SIWAN,BIHAR,East
841238,SIWAN,BIHAR,East
841240,SIWAN,BIHAR,East
841239,SIWAN,BIHAR,East
841507,SIWAN,BIHAR,East
841439,SIWAN,BIHAR,East
841241,SIWAN,BIHAR,East
841504,SIWAN,BIHAR,East
841243,SIWAN,BIHAR,East
841226,SIWAN,BIHAR,East
841244,SIWAN,BIHAR,East
841506,SIWAN,BIHAR,East
841245,SIWAN,BIHAR,East
841237,SIWAN,BIHAR,East
841502,SIWAN,BIHAR,East
841242,SIWAN,BIHAR,East
841287,SIWAN,BIHAR,East
841446,SIWAN,BIHAR,East
841286,SIWAN,BIHAR,East
841232,SIWAN,BIHAR,East
841404,SIWAN,BIHAR,East
841406,SIWAN,BIHAR,East
841408,SIWAN,BIHAR,East
841203,SIWAN,BIHAR,East
841234,SIWAN,BIHAR,East
841233,SIWAN,BIHAR,East
841235,SIWAN,BIHAR,East
841210,SIWAN,BIHAR,East
841509,SIWAN,BIHAR,East
841413,SIWAN,BIHAR,East
841447,SIWAN,BIHAR,East
804401,ARWAL,BIHAR,East
804402,ARWAL,BIHAR,East
804419,ARWAL,BIHAR,East
804421,ARWAL,BIHAR,East
804426,ARWAL,BIHAR,East
804428,ARWAL,BIHAR,East
824127,ARWAL,BIHAR,East
804432,JEHANABAD,BIHAR,East
804405,JEHANABAD,BIHAR,East
804406,JEHANABAD,BIHAR,East
804417,JEHANABAD,BIHAR,East
804418,JEHANABAD,BIHAR,East
804420,JEHANABAD,BIHAR,East
804422,JEHANABAD,BIHAR,East
804423,JEHANABAD,BIHAR,East
804429,JEHANABAD,BIHAR,East
804424,JEHANABAD,BIHAR,East
804425,JEHANABAD,BIHAR,East
804427,JEHANABAD,BIHAR,East
804407,JEHANABAD,BIHAR,East
804408,JEHANABAD,BIHAR,East
855101,KISHANGANJ,BIHAR,East
855107,KISHANGANJ,BIHAR,East
855108,KISHANGANJ,BIHAR,East
855117,KISHANGANJ,BIHAR,East
855116,KISHANGANJ,BIHAR,East
855115,KISHANGANJ,BIHAR,East
855106,KISHANGANJ,BIHAR,East
811211,MUNGER,BIHAR,East
811202,MUNGER,BIHAR,East
813221,MUNGER,BIHAR,East
813201,MUNGER,BIHAR,East
811212,MUNGER,BIHAR,East
811213,MUNGER,BIHAR,East
811214,MUNGER,BIHAR,East
811201,MUNGER,BIHAR,East
811302,LAKHISARAI,BIHAR,East
811309,LAKHISARAI,BIHAR,East
811310,LAKHISARAI,BIHAR,East
811311,LAKHISARAI,BIHAR,East
811106,LAKHISARAI,BIHAR,East
811112,LAKHISARAI,BIHAR,East
855102,KATIHAR,BIHAR,East
854112,KATIHAR,BIHAR,East
854101,KATIHAR,BIHAR,East
854317,KATIHAR,BIHAR,East
854103,KATIHAR,BIHAR,East
855105,KATIHAR,BIHAR,East
854104,KATIHAR,BIHAR,East
854106,KATIHAR,BIHAR,East
854107,KATIHAR,BIHAR,East
854116,KATIHAR,BIHAR,East
854108,KATIHAR,BIHAR,East
854113,KATIHAR,BIHAR,East
854114,KATIHAR,BIHAR,East
854117,KATIHAR,BIHAR,East
855113,KATIHAR,BIHAR,East
854115,KATIHAR,BIHAR,East
855114,KATIHAR,BIHAR,East
854105,KATIHAR,BIHAR,East
854109,KATIHAR,BIHAR,East
804453,PATNA,BIHAR,East
803212,PATNA,BIHAR,East
803213,PATNA,BIHAR,East
801104,PATNA,BIHAR,East
803211,PATNA,BIHAR,East
803214,PATNA,BIHAR,East
803307,PATNA,BIHAR,East
800009,PATNA,BIHAR,East
800007,PATNA,BIHAR,East
803203,PATNA,BIHAR,East
801505,PATNA,BIHAR,East
801109,PATNA,BIHAR,East
801110,PATNA,BIHAR,East
801108,PATNA,BIHAR,East
801102,PATNA,BIHAR,East
803302,PATNA,BIHAR,East
803301,PATNA,BIHAR,East
800008,PATNA,BIHAR,East
803303,PATNA,BIHAR,East
803221,PATNA,BIHAR,East
803306,PATNA,BIHAR,East
804454,PATNA,BIHAR,East
804452,PATNA,BIHAR,East
800012,PATNA,BIHAR,East
803202,PATNA,BIHAR,East
801103,PATNA,BIHAR,East
803201,PATNA,BIHAR,East
804451,PATNA,BIHAR,East
801503,PATNA,BIHAR,East
800002,PATNA,BIHAR,East
801111,PATNA,BIHAR,East
801506,PATNA,BIHAR,East
800030,PATNA,BIHAR,East
801105,PATNA,BIHAR,East
801112,PATNA,BIHAR,East
801113,PATNA,BIHAR,East
800020,PATNA,BIHAR,East
800004,PATNA,BIHAR,East
800001,PATNA,BIHAR,East
800016,PATNA,BIHAR,East
800025,PATNA,BIHAR,East
800026,PATNA,BIHAR,East
800022,PATNA,BIHAR,East
800018,PATNA,BIHAR,East
800027,PATNA,BIHAR,East
800013,PATNA,BIHAR,East
800014,PATNA,BIHAR,East
800006,PATNA,BIHAR,East
800028,PATNA,BIHAR,East
800017,PATNA,BIHAR,East
800024,PATNA,BIHAR,East
800003,PATNA,BIHAR,East
800021,PATNA,BIHAR,East
800005,PATNA,BIHAR,East
800019,PATNA,BIHAR,East
800011,PATNA,BIHAR,East
800023,PATNA,BIHAR,East
800015,PATNA,BIHAR,East
800010,PATNA,BIHAR,East
801106,PATNA,BIHAR,East
803215,PATNA,BIHAR,East
801507,PATNA,BIHAR,East
821101,KAIMUR (BHABUA),BIHAR,East
821102,KAIMUR (BHABUA),BIHAR,East
821110,KAIMUR (BHABUA),BIHAR,East
821103,KAIMUR (BHABUA),BIHAR,East
802132,KAIMUR (BHABUA),BIHAR,East
821106,KAIMUR (BHABUA),BIHAR,East
821108,KAIMUR (BHABUA),BIHAR,East
821109,KAIMUR (BHABUA),BIHAR,East
821105,KAIMUR (BHABUA),BIHAR,East
843312,MUZAFFARPUR,BIHAR,East
844127,MUZAFFARPUR,BIHAR,East
843113,MUZAFFARPUR,BIHAR,East
843126,MUZAFFARPUR,BIHAR,East
843118,MUZAFFARPUR,BIHAR,East
843119,MUZAFFARPUR,BIHAR,East
842004,MUZAFFARPUR,BIHAR,East
843108,MUZAFFARPUR,BIHAR,East
843111,MUZAFFARPUR,BIHAR,East
843129,MUZAFFARPUR,BIHAR,East
843112,MUZAFFARPUR,BIHAR,East
843116,MUZAFFARPUR,BIHAR,East
843115,MUZAFFARPUR,BIHAR,East
842002,MUZAFFARPUR,BIHAR,East
843131,MUZAFFARPUR,BIHAR,East
843101,MUZAFFARPUR,BIHAR,East
843102,MUZAFFARPUR,BIHAR,East
843127,MUZAFFARPUR,BIHAR,East
843103,MUZAFFARPUR,BIHAR,East
843120,MUZAFFARPUR,BIHAR,East
843121,MUZAFFARPUR,BIHAR,East
843105,MUZAFFARPUR,BIHAR,East
843107,MUZAFFARPUR,BIHAR,East
843123,MUZAFFARPUR,BIHAR,East
843360,MUZAFFARPUR,BIHAR,East
843109,MUZAFFARPUR,BIHAR,East
843124,MUZAFFARPUR,BIHAR,East
843321,MUZAFFARPUR,BIHAR,East
844120,MUZAFFARPUR,BIHAR,East
843125,MUZAFFARPUR,BIHAR,East
842003,MUZAFFARPUR,BIHAR,East
843128,MUZAFFARPUR,BIHAR,East
843106,MUZAFFARPUR,BIHAR,East
843122,MUZAFFARPUR,BIHAR,East
842001,MUZAFFARPUR,BIHAR,East
842006,MUZAFFARPUR,BIHAR,East
843130,MUZAFFARPUR,BIHAR,East
842005,MUZAFFARPUR,BIHAR,East
801307,NALANDA,BIHAR,East
803108,NALANDA,BIHAR,East
801301,NALANDA,BIHAR,East
803110,NALANDA,BIHAR,East
805105,NALANDA,BIHAR,East
801304,NALANDA,BIHAR,East
801302,NALANDA,BIHAR,East
801303,NALANDA,BIHAR,East
811104,NALANDA,BIHAR,East
803107,NALANDA,BIHAR,East
803120,NALANDA,BIHAR,East
803109,NALANDA,BIHAR,East
801306,NALANDA,BIHAR,East
801305,NALANDA,BIHAR,East
803111,NALANDA,BIHAR,East
803113,NALANDA,BIHAR,East
803114,NALANDA,BIHAR,East
803119,NALANDA,BIHAR,East
803116,NALANDA,BIHAR,East
803216,NALANDA,BIHAR,East
803117,NALANDA,BIHAR,East
803115,NALANDA,BIHAR,East
803118,NALANDA,BIHAR,East
803101,NALANDA,BIHAR,East
803121,NALANDA,BIHAR,East
811101,SHEIKHPURA,BIHAR,East
811102,SHEIKHPURA,BIHAR,East
811103,SHEIKHPURA,BIHAR,East
811105,SHEIKHPURA,BIHAR,East
811107,SHEIKHPURA,BIHAR,East
811304,SHEIKHPURA,BIHAR,East
802212,ROHTAS,BIHAR,East
802219,ROHTAS,BIHAR,East
802220,ROHTAS,BIHAR,East
821113,ROHTAS,BIHAR,East
821111,ROHTAS,BIHAR,East
821311,ROHTAS,BIHAR,East
802221,ROHTAS,BIHAR,East
821312,ROHTAS,BIHAR,East
821104,ROHTAS,BIHAR,East
821305,ROHTAS,BIHAR,East
802226,ROHTAS,BIHAR,East
802213,ROHTAS,BIHAR,East
802215,ROHTAS,BIHAR,East
802214,ROHTAS,BIHAR,East
821107,ROHTAS,BIHAR,East
821112,ROHTAS,BIHAR,East
821310,ROHTAS,BIHAR,East
802218,ROHTAS,BIHAR,East
821306,ROHTAS,BIHAR,East
821308,ROHTAS,BIHAR,East
821309,ROHTAS,BIHAR,East
802216,ROHTAS,BIHAR,East
802217,ROHTAS,BIHAR,East
821301,ROHTAS,BIHAR,East
802211,ROHTAS,BIHAR,East
821304,ROHTAS,BIHAR,East
821302,ROHTAS,BIHAR,East
821115,ROHTAS,BIHAR,East
821307,ROHTAS,BIHAR,East
821303,ROHTAS,BIHAR,East
844103,VAISHALI,BIHAR,East
844113,VAISHALI,BIHAR,East
844501,VAISHALI,BIHAR,East
844503,VAISHALI,BIHAR,East
844502,VAISHALI,BIHAR,East
844504,VAISHALI,BIHAR,East
844116,VAISHALI,BIHAR,East
844118,VAISHALI,BIHAR,East
844102,VAISHALI,BIHAR,East
844505,VAISHALI,BIHAR,East
844111,VAISHALI,BIHAR,East
844114,VAISHALI,BIHAR,East
844115,VAISHALI,BIHAR,East
844119,VAISHALI,BIHAR,East
844117,VAISHALI,BIHAR,East
844112,VAISHALI,BIHAR,East
843104,VAISHALI,BIHAR,East
844122,VAISHALI,BIHAR,East
843114,VAISHALI,BIHAR,East
844508,VAISHALI,BIHAR,East
844123,VAISHALI,BIHAR,East
844124,VAISHALI,BIHAR,East
844509,VAISHALI,BIHAR,East
844125,VAISHALI,BIHAR,East
844126,VAISHALI,BIHAR,East
844128,VAISHALI,BIHAR,East
844506,VAISHALI,BIHAR,East
843110,VAISHALI,BIHAR,East
844121,VAISHALI,BIHAR,East
844507,VAISHALI,BIHAR,East
844101,VAISHALI,BIHAR,East
843117,SITAMARHI,BIHAR,East
843326,SITAMARHI,BIHAR,East
843327,SITAMARHI,BIHAR,East
843328,SITAMARHI,BIHAR,East
843302,SITAMARHI,BIHAR,East
843330,SITAMARHI,BIHAR,East
843331,SITAMARHI,BIHAR,East
843311,SITAMARHI,BIHAR,East
843313,SITAMARHI,BIHAR,East
843314,SITAMARHI,BIHAR,East
843315,SITAMARHI,BIHAR,East
843316,SITAMARHI,BIHAR,East
843318,SITAMARHI,BIHAR,East
843319,SITAMARHI,BIHAR,East
843320,SITAMARHI,BIHAR,East
843317,SITAMARHI,BIHAR,East
843322,SITAMARHI,BIHAR,East
843332,SITAMARHI,BIHAR,East
843323,SITAMARHI,BIHAR,East
843333,SITAMARHI,BIHAR,East
843324,SITAMARHI,BIHAR,East
843325,SITAMARHI,BIHAR,East
843301,SITAMARHI,BIHAR,East
843334,SHEOHAR,BIHAR,East
843329,SHEOHAR,BIHAR,East
843335,SHEOHAR,BIHAR,East
854330,PURNIA,BIHAR,East
854202,PURNIA,BIHAR,East
854315,PURNIA,BIHAR,East
854201,PURNIA,BIHAR,East
854304,PURNIA,BIHAR,East
854303,PURNIA,BIHAR,East
854337,PURNIA,BIHAR,East
854306,PURNIA,BIHAR,East
854203,PURNIA,BIHAR,East
854204,PURNIA,BIHAR,East
854102,PURNIA,BIHAR,East
854205,PURNIA,BIHAR,East
854326,PURNIA,BIHAR,East
854327,PURNIA,BIHAR,East
854301,PURNIA,BIHAR,East
854305,PURNIA,BIHAR,East
854302,PURNIA,BIHAR,East
805104,NAWADA,BIHAR,East
805106,NAWADA,BIHAR,East
805109,NAWADA,BIHAR,East
805122,NAWADA,BIHAR,East
805121,NAWADA,BIHAR,East
805123,NAWADA,BIHAR,East
805124,NAWADA,BIHAR,East
805125,NAWADA,BIHAR,East
805126,NAWADA,BIHAR,East
805127,NAWADA,BIHAR,East
805129,NAWADA,BIHAR,East
805130,NAWADA,BIHAR,East
805107,NAWADA,BIHAR,East
805111,NAWADA,BIHAR,East
805112,NAWADA,BIHAR,East
805113,NAWADA,BIHAR,East
805103,NAWADA,BIHAR,East
805108,NAWADA,BIHAR,East
805132,NAWADA,BIHAR,East
805102,NAWADA,BIHAR,East
805101,NAWADA,BIHAR,East
805110,NAWADA,BIHAR,East
805114,NAWADA,BIHAR,East
854332,ARARIA,BIHAR,East
854333,ARARIA,BIHAR,East
854331,ARARIA,BIHAR,East
854312,ARARIA,BIHAR,East
854311,ARARIA,BIHAR,East
854316,ARARIA,BIHAR,East
854318,ARARIA,BIHAR,East
854325,ARARIA,BIHAR,East
854328,ARARIA,BIHAR,East
854329,ARARIA,BIHAR,East
854334,ARARIA,BIHAR,East
854335,ARARIA,BIHAR,East
854336,ARARIA,BIHAR,East
802134,BUXAR,BIHAR,East
802135,BUXAR,BIHAR,East
802111,BUXAR,BIHAR,East
802112,BUXAR,BIHAR,East
802102,BUXAR,BIHAR,East
802115,BUXAR,BIHAR,East
802114,BUXAR,BIHAR,East
802116,BUXAR,BIHAR,East
802117,BUXAR,BIHAR,East
802118,BUXAR,BIHAR,East
802122,BUXAR,BIHAR,East
802123,BUXAR,BIHAR,East
802125,BUXAR,BIHAR,East
802126,BUXAR,BIHAR,East
802128,BUXAR,BIHAR,East
802129,BUXAR,BIHAR,East
802131,BUXAR,BIHAR,East
802130,BUXAR,BIHAR,East
802133,BUXAR,BIHAR,East
802119,BUXAR,BIHAR,East
802136,BUXAR,BIHAR,East
802127,BUXAR,BIHAR,East
802113,BUXAR,BIHAR,East
802103,BUXAR,BIHAR,East
802120,BUXAR,BIHAR,East
802101,BUXAR,BIHAR,East
160101,CHANDIGARH,CHANDIGARH,North
160003,CHANDIGARH,CHANDIGARH,North
160014,CHANDIGARH,CHANDIGARH,North
160002,CHANDIGARH,CHANDIGARH,North
160036,CHANDIGARH,CHANDIGARH,North
160102,CHANDIGARH,CHANDIGARH,North
160047,CHANDIGARH,CHANDIGARH,North
160017,CHANDIGARH,CHANDIGARH,North
160004,CHANDIGARH,CHANDIGARH,North
160012,CHANDIGARH,CHANDIGARH,North
160019,CHANDIGARH,CHANDIGARH,North
160001,CHANDIGARH,CHANDIGARH,North
160011,CHANDIGARH,CHANDIGARH,North
160015,CHANDIGARH,CHANDIGARH,North
160022,CHANDIGARH,CHANDIGARH,North
160030,CHANDIGARH,CHANDIGARH,North
160005,CHANDIGARH,CHANDIGARH,North
160006,CHANDIGARH,CHANDIGARH,North
160025,CHANDIGARH,CHANDIGARH,North
160018,CHANDIGARH,CHANDIGARH,North
160020,CHANDIGARH,CHANDIGARH,North
160009,CHANDIGARH,CHANDIGARH,North
160043,CHANDIGARH,CHANDIGARH,North
160023,CHANDIGARH,CHANDIGARH,North
160016,CHANDIGARH,CHANDIGARH,North
494230,KONDAGAON,CHHATTISGARH,Central
494347,KONDAGAON,CHHATTISGARH,Central
494237,KONDAGAON,CHHATTISGARH,Central
494226,KONDAGAON,CHHATTISGARH,Central
494229,KONDAGAON,CHHATTISGARH,Central
494228,KONDAGAON,CHHATTISGARH,Central
494331,KONDAGAON,CHHATTISGARH,Central
495116,BILASPUR,CHHATTISGARH,Central
495004,BILASPUR,CHHATTISGARH,Central
495224,BILASPUR,CHHATTISGARH,Central
495112,BILASPUR,CHHATTISGARH,Central
495222,BILASPUR,CHHATTISGARH,Central
495550,BILASPUR,CHHATTISGARH,Central
495113,BILASPUR,CHHATTISGARH,Central
495220,BILASPUR,CHHATTISGARH,Central
495442,BILASPUR,CHHATTISGARH,Central
495003,BILASPUR,CHHATTISGARH,Central
495555,BILASPUR,CHHATTISGARH,Central
495006,BILASPUR,CHHATTISGARH,Central
495551,BILASPUR,CHHATTISGARH,Central
495009,BILASPUR,CHHATTISGARH,Central
495001,BILASPUR,CHHATTISGARH,Central
494010,BASTAR,CHHATTISGARH,Central
494442,BASTAR,CHHATTISGARH,Central
494001,BASTAR,CHHATTISGARH,Central
494222,BASTAR,CHHATTISGARH,Central
494223,BASTAR,CHHATTISGARH,Central
494224,BASTAR,CHHATTISGARH,Central
494221,BASTAR,CHHATTISGARH,Central
494552,DANTEWADA,CHHATTISGARH,Central
494553,DANTEWADA,CHHATTISGARH,Central
494449,DANTEWADA,CHHATTISGARH,Central
494441,DANTEWADA,CHHATTISGARH,Central
494556,DANTEWADA,CHHATTISGARH,Central
495552,JANJGIR-CHAMPA,CHHATTISGARH,Central
495559,JANJGIR-CHAMPA,CHHATTISGARH,Central
495668,JANJGIR-CHAMPA,CHHATTISGARH,Central
495669,JANJGIR-CHAMPA,CHHATTISGARH,Central
495663,JANJGIR-CHAMPA,CHHATTISGARH,Central
495691,JANJGIR-CHAMPA,CHHATTISGARH,Central
495689,JANJGIR-CHAMPA,CHHATTISGARH,Central
495557,JANJGIR-CHAMPA,CHHATTISGARH,Central
495687,JANJGIR-CHAMPA,CHHATTISGARH,Central
495661,JANJGIR-CHAMPA,CHHATTISGARH,Central
495686,JANJGIR-CHAMPA,CHHATTISGARH,Central
495695,JANJGIR-CHAMPA,CHHATTISGARH,Central
495660,JANJGIR-CHAMPA,CHHATTISGARH,Central
495671,JANJGIR-CHAMPA,CHHATTISGARH,Central
495556,JANJGIR-CHAMPA,CHHATTISGARH,Central
495554,JANJGIR-CHAMPA,CHHATTISGARH,Central
495553,JANJGIR-CHAMPA,CHHATTISGARH,Central
495692,JANJGIR-CHAMPA,CHHATTISGARH,Central
495688,JANJGIR-CHAMPA,CHHATTISGARH,Central
495690,JANJGIR-CHAMPA,CHHATTISGARH,Central
494635,KANKER,CHHATTISGARH,Central
494335,KANKER,CHHATTISGARH,Central
494332,KANKER,CHHATTISGARH,Central
494670,KANKER,CHHATTISGARH,Central
494336,KANKER,CHHATTISGARH,Central
494333,KANKER,CHHATTISGARH,Central
494776,KANKER,CHHATTISGARH,Central
494334,KANKER,CHHATTISGARH,Central
494665,KANKER,CHHATTISGARH,Central
494777,KANKER,CHHATTISGARH,Central
494669,KANKER,CHHATTISGARH,Central
494337,KANKER,CHHATTISGARH,Central
494771,KANKER,CHHATTISGARH,Central
494111,SUKMA,CHHATTISGARH,Central
494115,SUKMA,CHHATTISGARH,Central
494122,SUKMA,CHHATTISGARH,Central
494114,SUKMA,CHHATTISGARH,Central
491441,RAJNANDGAON,CHHATTISGARH,Central
491888,RAJNANDGAON,CHHATTISGARH,Central
491445,RAJNANDGAON,CHHATTISGARH,Central
491668,RAJNANDGAON,CHHATTISGARH,Central
491885,RAJNANDGAON,CHHATTISGARH,Central
491558,RAJNANDGAON,CHHATTISGARH,Central
491557,RAJNANDGAON,CHHATTISGARH,Central
491661,RAJNANDGAON,CHHATTISGARH,Central
491444,RAJNANDGAON,CHHATTISGARH,Central
491881,RAJNANDGAON,CHHATTISGARH,Central
491229,RAJNANDGAON,CHHATTISGARH,Central
491666,RAJNANDGAON,CHHATTISGARH,Central
491665,RAJNANDGAON,CHHATTISGARH,Central
494448,BIJAPUR,CHHATTISGARH,Central
494446,BIJAPUR,CHHATTISGARH,Central
494444,BIJAPUR,CHHATTISGARH,Central
494447,BIJAPUR,CHHATTISGARH,Central
494450,BIJAPUR,CHHATTISGARH,Central
493344,BALODA BAZAR,CHHATTISGARH,Central
493332,BALODA BAZAR,CHHATTISGARH,Central
493118,BALODA BAZAR,CHHATTISGARH,Central
493338,BALODA BAZAR,CHHATTISGARH,Central
493335,BALODA BAZAR,CHHATTISGARH,Central
493222,BALODA BAZAR,CHHATTISGARH,Central
493196,BALODA BAZAR,CHHATTISGARH,Central
493113,BALODA BAZAR,CHHATTISGARH,Central
493526,BALODA BAZAR,CHHATTISGARH,Central
493228,BALODA BAZAR,CHHATTISGARH,Central
493331,BALODA BAZAR,CHHATTISGARH,Central
492112,BALODA BAZAR,CHHATTISGARH,Central
493559,BALODA BAZAR,CHHATTISGARH,Central
493101,BALODA BAZAR,CHHATTISGARH,Central
493229,BALODA BAZAR,CHHATTISGARH,Central
493449,MAHASAMUND,CHHATTISGARH,Central
493554,MAHASAMUND,CHHATTISGARH,Central
493555,MAHASAMUND,CHHATTISGARH,Central
493445,MAHASAMUND,CHHATTISGARH,Central
493551,MAHASAMUND,CHHATTISGARH,Central
493558,MAHASAMUND,CHHATTISGARH,Central
493448,MAHASAMUND,CHHATTISGARH,Central
493116,RAIPUR,CHHATTISGARH,Central
493221,RAIPUR,CHHATTISGARH,Central
493441,RAIPUR,CHHATTISGARH,Central
493195,RAIPUR,CHHATTISGARH,Central
493661,RAIPUR,CHHATTISGARH,Central
493225,RAIPUR,CHHATTISGARH,Central
493111,RAIPUR,CHHATTISGARH,Central
492101,RAIPUR,CHHATTISGARH,Central
493114,RAIPUR,CHHATTISGARH,Central
492015,RAIPUR,CHHATTISGARH,Central
492013,RAIPUR,CHHATTISGARH,Central
492099,RAIPUR,CHHATTISGARH,Central
492008,RAIPUR,CHHATTISGARH,Central
492001,RAIPUR,CHHATTISGARH,Central
492012,RAIPUR,CHHATTISGARH,Central
493881,RAIPUR,CHHATTISGARH,Central
492010,RAIPUR,CHHATTISGARH,Central
492009,RAIPUR,CHHATTISGARH,Central
492018,RAIPUR,CHHATTISGARH,Central
492004,RAIPUR,CHHATTISGARH,Central
492014,RAIPUR,CHHATTISGARH,Central
492005,RAIPUR,CHHATTISGARH,Central
492002,RAIPUR,CHHATTISGARH,Central
492003,RAIPUR,CHHATTISGARH,Central
492016,RAIPUR,CHHATTISGARH,Central
492017,RAIPUR,CHHATTISGARH,Central
493770,DHAMTARI,CHHATTISGARH,Central
493773,DHAMTARI,CHHATTISGARH,Central
493663,DHAMTARI,CHHATTISGARH,Central
493662,DHAMTARI,CHHATTISGARH,Central
493778,DHAMTARI,CHHATTISGARH,Central
492109,DHAMTARI,CHHATTISGARH,Central
493776,DHAMTARI,CHHATTISGARH,Central
493996,GARIYABAND,CHHATTISGARH,Central
493890,GARIYABAND,CHHATTISGARH,Central
493889,GARIYABAND,CHHATTISGARH,Central
493891,GARIYABAND,CHHATTISGARH,Central
493888,GARIYABAND,CHHATTISGARH,Central
493992,GARIYABAND,CHHATTISGARH,Central
493885,GARIYABAND,CHHATTISGARH,Central
493887,GARIYABAND,CHHATTISGARH,Central
494661,NARAYANPUR,CHHATTISGARH,Central
495683,KORBA,CHHATTISGARH,Central
495448,KORBA,CHHATTISGARH,Central
495674,KORBA,CHHATTISGARH,Central
495682,KORBA,CHHATTISGARH,Central
495445,KORBA,CHHATTISGARH,Central
495684,KORBA,CHHATTISGARH,Central
495447,KORBA,CHHATTISGARH,Central
495449,KORBA,CHHATTISGARH,Central
495446,KORBA,CHHATTISGARH,Central
495450,KORBA,CHHATTISGARH,Central
495454,KORBA,CHHATTISGARH,Central
495677,KORBA,CHHATTISGARH,Central
495452,KORBA,CHHATTISGARH,Central
495444,KORBA,CHHATTISGARH,Central
495455,KORBA,CHHATTISGARH,Central
495330,MUNGELI,CHHATTISGARH,Central
495115,MUNGELI,CHHATTISGARH,Central
495334,MUNGELI,CHHATTISGARH,Central
495335,MUNGELI,CHHATTISGARH,Central
491001,DURG,CHHATTISGARH,Central
491221,DURG,CHHATTISGARH,Central
490021,DURG,CHHATTISGARH,Central
490025,DURG,CHHATTISGARH,Central
491223,DURG,CHHATTISGARH,Central
490042,DURG,CHHATTISGARH,Central
490036,DURG,CHHATTISGARH,Central
491111,DURG,CHHATTISGARH,Central
491107,DURG,CHHATTISGARH,Central
490024,DURG,CHHATTISGARH,Central
490001,DURG,CHHATTISGARH,Central
490026,DURG,CHHATTISGARH,Central
490011,DURG,CHHATTISGARH,Central
490009,DURG,CHHATTISGARH,Central
490006,DURG,CHHATTISGARH,Central
490023,DURG,CHHATTISGARH,Central
490020,DURG,CHHATTISGARH,Central
490022,DURG,CHHATTISGARH,Central
491335,BEMETARA,CHHATTISGARH,Central
491332,BEMETARA,CHHATTISGARH,Central
491331,BEMETARA,CHHATTISGARH,Central
491340,BEMETARA,CHHATTISGARH,Central
491337,BEMETARA,CHHATTISGARH,Central
491993,BEMETARA,CHHATTISGARH,Central
491338,BEMETARA,CHHATTISGARH,Central
496001,RAIGARH,CHHATTISGARH,Central
496113,RAIGARH,CHHATTISGARH,Central
496661,RAIGARH,CHHATTISGARH,Central
496100,RAIGARH,CHHATTISGARH,Central
496118,RAIGARH,CHHATTISGARH,Central
496440,RAIGARH,CHHATTISGARH,Central
496115,RAIGARH,CHHATTISGARH,Central
496445,RAIGARH,CHHATTISGARH,Central
496554,RAIGARH,CHHATTISGARH,Central
496107,RAIGARH,CHHATTISGARH,Central
496551,RAIGARH,CHHATTISGARH,Central
496665,RAIGARH,CHHATTISGARH,Central
496116,RAIGARH,CHHATTISGARH,Central
496111,RAIGARH,CHHATTISGARH,Central
496450,RAIGARH,CHHATTISGARH,Central
496005,RAIGARH,CHHATTISGARH,Central
496108,RAIGARH,CHHATTISGARH,Central
496109,RAIGARH,CHHATTISGARH,Central
491225,BALOD,CHHATTISGARH,Central
491226,BALOD,CHHATTISGARH,Central
491228,BALOD,CHHATTISGARH,Central
491230,BALOD,CHHATTISGARH,Central
491771,BALOD,CHHATTISGARH,Central
491227,BALOD,CHHATTISGARH,Central
491222,BALOD,CHHATTISGARH,Central
491336,KABIRDHAM,CHHATTISGARH,Central
491995,KABIRDHAM,CHHATTISGARH,Central
491559,KABIRDHAM,CHHATTISGARH,Central
491996,KABIRDHAM,CHHATTISGARH,Central
495118,GAURELLA PENDRA MARWAHI,CHHATTISGARH,Central
495117,GAURELLA PENDRA MARWAHI,CHHATTISGARH,Central
495119,GAURELLA PENDRA MARWAHI,CHHATTISGARH,Central
497101,SURGUJA,CHHATTISGARH,Central
497001,SURGUJA,CHHATTISGARH,Central
497117,SURGUJA,CHHATTISGARH,Central
497116,SURGUJA,CHHATTISGARH,Central
497114,SURGUJA,CHHATTISGARH,Central
497111,SURGUJA,CHHATTISGARH,Central
497231,SURAJPUR,CHHATTISGARH,Central
497235,SURAJPUR,CHHATTISGARH,Central
497223,SURAJPUR,CHHATTISGARH,Central
497333,SURAJPUR,CHHATTISGARH,Central
497226,SURAJPUR,CHHATTISGARH,Central
497229,SURAJPUR,CHHATTISGARH,Central
497335,KOREA,CHHATTISGARH,Central
497449,KOREA,CHHATTISGARH,Central
497339,KOREA,CHHATTISGARH,Central
497778,KOREA,CHHATTISGARH,Central
497559,KOREA,CHHATTISGARH,Central
497442,KOREA,CHHATTISGARH,Central
497447,KOREA,CHHATTISGARH,Central
497331,KOREA,CHHATTISGARH,Central
497555,KOREA,CHHATTISGARH,Central
497446,KOREA,CHHATTISGARH,Central
497450,KOREA,CHHATTISGARH,Central
497773,KOREA,CHHATTISGARH,Central
497553,KOREA,CHHATTISGARH,Central
497451,KOREA,CHHATTISGARH,Central
497557,KOREA,CHHATTISGARH,Central
497448,KOREA,CHHATTISGARH,Central
497119,BALRAMPUR,CHHATTISGARH,Central
497224,BALRAMPUR,CHHATTISGARH,Central
497118,BALRAMPUR,CHHATTISGARH,Central
497220,BALRAMPUR,CHHATTISGARH,Central
497225,BALRAMPUR,CHHATTISGARH,Central
496223,JASHPUR,CHHATTISGARH,Central
496225,JASHPUR,CHHATTISGARH,Central
496220,JASHPUR,CHHATTISGARH,Central
496330,JASHPUR,CHHATTISGARH,Central
496245,JASHPUR,CHHATTISGARH,Central
496336,JASHPUR,CHHATTISGARH,Central
496227,JASHPUR,CHHATTISGARH,Central
496224,JASHPUR,CHHATTISGARH,Central
496331,JASHPUR,CHHATTISGARH,Central
496334,JASHPUR,CHHATTISGARH,Central
496242,JASHPUR,CHHATTISGARH,Central
496338,JASHPUR,CHHATTISGARH,Central
110074,SOUTH,DELHI,North
110047,SOUTH,DELHI,North
110080,SOUTH,DELHI,North
110076,SOUTH,DELHI,North
110030,SOUTH,DELHI,North
110068,SOUTH,DELHI,North
110044,SOUTH,DELHI,North
110029,SOUTH,DELHI,North
110016,SOUTH,DELHI,North
110062,SOUTH,DELHI,North
110017,SOUTH,DELHI,North
110073,SOUTH WEST,DELHI,North
110072,SOUTH WEST,DELHI,North
110043,SOUTH WEST,DELHI,North
110061,SOUTH WEST,DELHI,North
110045,SOUTH WEST,DELHI,North
110077,SOUTH WEST,DELHI,North
110071,SOUTH WEST,DELHI,North
110075,SOUTH WEST,DELHI,North
110078,SOUTH WEST,DELHI,North
110097,SOUTH WEST,DELHI,North
110041,WEST,DELHI,North
110059,WEST,DELHI,North
110087,WEST,DELHI,North
110063,WEST,DELHI,North
110018,WEST,DELHI,North
110064,WEST,DELHI,North
110015,WEST,DELHI,North
110058,WEST,DELHI,North
110026,WEST,DELHI,North
110027,WEST,DELHI,North
110012,WEST,DELHI,North
110008,WEST,DELHI,North
110094,NORTH EAST,DELHI,North
110090,NORTH EAST,DELHI,North
110093,NORTH EAST,DELHI,North
110053,NORTH EAST,DELHI,North
110049,SOUTH EAST,DELHI,North
110014,SOUTH EAST,DELHI,North
110019,SOUTH EAST,DELHI,North
110025,SOUTH EAST,DELHI,North
110024,SOUTH EAST,DELHI,North
110013,SOUTH EAST,DELHI,North
110003,SOUTH EAST,DELHI,North
110020,SOUTH EAST,DELHI,North
110065,SOUTH EAST,DELHI,North
110048,SOUTH EAST,DELHI,North
110036,NORTH,DELHI,North
110039,NORTH,DELHI,North
110088,NORTH,DELHI,North
110082,NORTH,DELHI,North
110042,NORTH,DELHI,North
110033,NORTH,DELHI,North
110052,NORTH,DELHI,North
110007,NORTH,DELHI,North
110009,NORTH,DELHI,North
110081,NORTH WEST,DELHI,North
110040,NORTH WEST,DELHI,North
110035,NORTH WEST,DELHI,North
110085,NORTH WEST,DELHI,North
110086,NORTH WEST,DELHI,North
110083,NORTH WEST,DELHI,North
110034,NORTH WEST,DELHI,North
110089,NORTH WEST,DELHI,North
110110,NORTH WEST,DELHI,North
110056,NORTH WEST,DELHI,North
110099,NORTH WEST,DELHI,North
110037,NEW DELHI,DELHI,North
110070,NEW DELHI,DELHI,North
110010,NEW DELHI,DELHI,North
110038,NEW DELHI,DELHI,North
110022,NEW DELHI,DELHI,North
110066,NEW DELHI,DELHI,North
110021,NEW DELHI,DELHI,North
110057,NEW DELHI,DELHI,North
110028,NEW DELHI,DELHI,North
110046,NEW DELHI,DELHI,North
110001,NEW DELHI,DELHI,North
110023,NEW DELHI,DELHI,North
110004,NEW DELHI,DELHI,North
110069,NEW DELHI,DELHI,North
110011,NEW DELHI,DELHI,North
110067,NEW DELHI,DELHI,North
110091,EAST,DELHI,North
110096,EAST,DELHI,North
110051,EAST,DELHI,North
110092,EAST,DELHI,North
110084,CENTRAL,DELHI,North
110054,CENTRAL,DELHI,North
110002,CENTRAL,DELHI,North
110006,CENTRAL,DELHI,North
110005,CENTRAL,DELHI,North
110055,CENTRAL,DELHI,North
110060,CENTRAL,DELHI,North
110095,SHAHDARA,DELHI,North
110032,SHAHDARA,DELHI,North
110031,SHAHDARA,DELHI,North
383002,SABAR KANTHA,GUJARAT,Central
383422,SABAR KANTHA,GUJARAT,Central
383030,SABAR KANTHA,GUJARAT,Central
383001,SABAR KANTHA,GUJARAT,Central
383235,SABAR KANTHA,GUJARAT,Central
383010,SABAR KANTHA,GUJARAT,Central
383450,SABAR KANTHA,GUJARAT,Central
383434,SABAR KANTHA,GUJARAT,Central
383460,SABAR KANTHA,GUJARAT,Central
383275,SABAR KANTHA,GUJARAT,Central
383462,SABAR KANTHA,GUJARAT,Central
383205,SABAR KANTHA,GUJARAT,Central
383270,SABAR KANTHA,GUJARAT,Central
383276,SABAR KANTHA,GUJARAT,Central
383120,SABAR KANTHA,GUJARAT,Central
383210,SABAR KANTHA,GUJARAT,Central
383215,SABAR KANTHA,GUJARAT,Central
383230,SABAR KANTHA,GUJARAT,Central
383421,SABAR KANTHA,GUJARAT,Central
383225,SABAR KANTHA,GUJARAT,Central
383305,SABAR KANTHA,GUJARAT,Central
383430,SABAR KANTHA,GUJARAT,Central
383110,SABAR KANTHA,GUJARAT,Central
383440,SABAR KANTHA,GUJARAT,Central
383255,SABAR KANTHA,GUJARAT,Central
383220,SABAR KANTHA,GUJARAT,Central
383410,SABAR KANTHA,GUJARAT,Central
383240,SABAR KANTHA,GUJARAT,Central
383006,SABAR KANTHA,GUJARAT,Central
382430,AHMADABAD,GUJARAT,Central
380058,AHMADABAD,GUJARAT,Central
382210,AHMADABAD,GUJARAT,Central
382433,AHMADABAD,GUJARAT,Central
382330,AHMADABAD,GUJARAT,Central
382425,AHMADABAD,GUJARAT,Central
382435,AHMADABAD,GUJARAT,Central
382424,AHMADABAD,GUJARAT,Central
382405,AHMADABAD,GUJARAT,Central
382120,AHMADABAD,GUJARAT,Central
382460,AHMADABAD,GUJARAT,Central
382455,AHMADABAD,GUJARAT,Central
382115,AHMADABAD,GUJARAT,Central
382145,AHMADABAD,GUJARAT,Central
382265,AHMADABAD,GUJARAT,Central
382240,AHMADABAD,GUJARAT,Central
382230,AHMADABAD,GUJARAT,Central
382427,AHMADABAD,GUJARAT,Central
382465,AHMADABAD,GUJARAT,Central
382130,AHMADABAD,GUJARAT,Central
382250,AHMADABAD,GUJARAT,Central
382140,AHMADABAD,GUJARAT,Central
382110,AHMADABAD,GUJARAT,Central
382150,AHMADABAD,GUJARAT,Central
382170,AHMADABAD,GUJARAT,Central
382449,AHMADABAD,GUJARAT,Central
382470,AHMADABAD,GUJARAT,Central
380060,AHMADABAD,GUJARAT,Central
382225,AHMADABAD,GUJARAT,Central
382220,AHMADABAD,GUJARAT,Central
382463,AHMADABAD,GUJARAT,Central
382481,AHMADABAD,GUJARAT,Central
382450,AHMADABAD,GUJARAT,Central
382260,AHMADABAD,GUJARAT,Central
382213,AHMADABAD,GUJARAT,Central
382445,AHMADABAD,GUJARAT,Central
380059,AHMADABAD,GUJARAT,Central
380002,AHMADABAD,GUJARAT,Central
380001,AHMADABAD,GUJARAT,Central
380009,AHMADABAD,GUJARAT,Central
380015,AHMADABAD,GUJARAT,Central
380054,AHMADABAD,GUJARAT,Central
380051,AHMADABAD,GUJARAT,Central
380013,AHMADABAD,GUJARAT,Central
380019,AHMADABAD,GUJARAT,Central
380027,AHMADABAD,GUJARAT,Central
380005,AHMADABAD,GUJARAT,Central
380006,AHMADABAD,GUJARAT,Central
380052,AHMADABAD,GUJARAT,Central
380007,AHMADABAD,GUJARAT,Central
380061,AHMADABAD,GUJARAT,Central
380055,AHMADABAD,GUJARAT,Central
380014,AHMADABAD,GUJARAT,Central
380016,AHMADABAD,GUJARAT,Central
380004,AHMADABAD,GUJARAT,Central
380024,AHMADABAD,GUJARAT,Central
382415,AHMADABAD,GUJARAT,Central
382345,AHMADABAD,GUJARAT,Central
380018,AHMADABAD,GUJARAT,Central
380026,AHMADABAD,GUJARAT,Central
380008,AHMADABAD,GUJARAT,Central
382340,AHMADABAD,GUJARAT,Central
380022,AHMADABAD,GUJARAT,Central
382428,AHMADABAD,GUJARAT,Central
380063,AHMADABAD,GUJARAT,Central
380021,AHMADABAD,GUJARAT,Central
380023,AHMADABAD,GUJARAT,Central
382350,AHMADABAD,GUJARAT,Central
380003,AHMADABAD,GUJARAT,Central
380028,AHMADABAD,GUJARAT,Central
382443,AHMADABAD,GUJARAT,Central
382480,AHMADABAD,GUJARAT,Central
382475,AHMADABAD,GUJARAT,Central
380049,AHMADABAD,GUJARAT,Central
380050,AHMADABAD,GUJARAT,Central
382418,AHMADABAD,GUJARAT,Central
384330,MAHESANA,GUJARAT,Central
384440,MAHESANA,GUJARAT,Central
384260,MAHESANA,GUJARAT,Central
384325,MAHESANA,GUJARAT,Central
384540,MAHESANA,GUJARAT,Central
384412,MAHESANA,GUJARAT,Central
384005,MAHESANA,GUJARAT,Central
384560,MAHESANA,GUJARAT,Central
384335,MAHESANA,GUJARAT,Central
384170,MAHESANA,GUJARAT,Central
384355,MAHESANA,GUJARAT,Central
384570,MAHESANA,GUJARAT,Central
384315,MAHESANA,GUJARAT,Central
384530,MAHESANA,GUJARAT,Central
384465,MAHESANA,GUJARAT,Central
384435,MAHESANA,GUJARAT,Central
384340,MAHESANA,GUJARAT,Central
384441,MAHESANA,GUJARAT,Central
384430,MAHESANA,GUJARAT,Central
384310,MAHESANA,GUJARAT,Central
384565,MAHESANA,GUJARAT,Central
384550,MAHESANA,GUJARAT,Central
384445,MAHESANA,GUJARAT,Central
384140,MAHESANA,GUJARAT,Central
384001,MAHESANA,GUJARAT,Central
384455,MAHESANA,GUJARAT,Central
384410,MAHESANA,GUJARAT,Central
384120,MAHESANA,GUJARAT,Central
384450,MAHESANA,GUJARAT,Central
384460,MAHESANA,GUJARAT,Central
384415,MAHESANA,GUJARAT,Central
384360,MAHESANA,GUJARAT,Central
384421,MAHESANA,GUJARAT,Central
384305,MAHESANA,GUJARAT,Central
384135,MAHESANA,GUJARAT,Central
384520,MAHESANA,GUJARAT,Central
384515,MAHESANA,GUJARAT,Central
384130,MAHESANA,GUJARAT,Central
384012,MAHESANA,GUJARAT,Central
384320,MAHESANA,GUJARAT,Central
384160,MAHESANA,GUJARAT,Central
384002,MAHESANA,GUJARAT,Central
384345,MAHESANA,GUJARAT,Central
384470,MAHESANA,GUJARAT,Central
384003,MAHESANA,GUJARAT,Central
385320,BANAS KANTHA,GUJARAT,Central
385505,BANAS KANTHA,GUJARAT,Central
385535,BANAS KANTHA,GUJARAT,Central
385421,BANAS KANTHA,GUJARAT,Central
385135,BANAS KANTHA,GUJARAT,Central
385545,BANAS KANTHA,GUJARAT,Central
385550,BANAS KANTHA,GUJARAT,Central
385570,BANAS KANTHA,GUJARAT,Central
385555,BANAS KANTHA,GUJARAT,Central
385565,BANAS KANTHA,GUJARAT,Central
385540,BANAS KANTHA,GUJARAT,Central
385520,BANAS KANTHA,GUJARAT,Central
385001,BANAS KANTHA,GUJARAT,Central
385110,BANAS KANTHA,GUJARAT,Central
385530,BANAS KANTHA,GUJARAT,Central
385510,BANAS KANTHA,GUJARAT,Central
385210,BANAS KANTHA,GUJARAT,Central
385010,BANAS KANTHA,GUJARAT,Central
385120,BANAS KANTHA,GUJARAT,Central
385330,BANAS KANTHA,GUJARAT,Central
385130,BANAS KANTHA,GUJARAT,Central
385560,BANAS KANTHA,GUJARAT,Central
385410,BANAS KANTHA,GUJARAT,Central
385575,BANAS KANTHA,GUJARAT,Central
385310,BANAS KANTHA,GUJARAT,Central
385566,BANAS KANTHA,GUJARAT,Central
385515,BANAS KANTHA,GUJARAT,Central
385506,BANAS KANTHA,GUJARAT,Central
382315,GANDHINAGAR,GUJARAT,Central
382122,GANDHINAGAR,GUJARAT,Central
382016,GANDHINAGAR,GUJARAT,Central
382421,GANDHINAGAR,GUJARAT,Central
382308,GANDHINAGAR,GUJARAT,Central
382305,GANDHINAGAR,GUJARAT,Central
382423,GANDHINAGAR,GUJARAT,Central
382610,GANDHINAGAR,GUJARAT,Central
382321,GANDHINAGAR,GUJARAT,Central
382042,GANDHINAGAR,GUJARAT,Central
382355,GANDHINAGAR,GUJARAT,Central
382028,GANDHINAGAR,GUJARAT,Central
382426,GANDHINAGAR,GUJARAT,Central
382007,GANDHINAGAR,GUJARAT,Central
382010,GANDHINAGAR,GUJARAT,Central
382722,GANDHINAGAR,GUJARAT,Central
382320,GANDHINAGAR,GUJARAT,Central
382422,GANDHINAGAR,GUJARAT,Central
382725,GANDHINAGAR,GUJARAT,Central
382810,GANDHINAGAR,GUJARAT,Central
382845,GANDHINAGAR,GUJARAT,Central
382735,GANDHINAGAR,GUJARAT,Central
382740,GANDHINAGAR,GUJARAT,Central
382650,GANDHINAGAR,GUJARAT,Central
382835,GANDHINAGAR,GUJARAT,Central
382855,GANDHINAGAR,GUJARAT,Central
382640,GANDHINAGAR,GUJARAT,Central
382721,GANDHINAGAR,GUJARAT,Central
382024,GANDHINAGAR,GUJARAT,Central
382030,GANDHINAGAR,GUJARAT,Central
382620,GANDHINAGAR,GUJARAT,Central
382021,GANDHINAGAR,GUJARAT,Central
382045,GANDHINAGAR,GUJARAT,Central
382041,GANDHINAGAR,GUJARAT,Central
382006,GANDHINAGAR,GUJARAT,Central
382630,GANDHINAGAR,GUJARAT,Central
382729,GANDHINAGAR,GUJARAT,Central
384241,PATAN,GUJARAT,Central
385340,PATAN,GUJARAT,Central
384275,PATAN,GUJARAT,Central
384245,PATAN,GUJARAT,Central
384246,PATAN,GUJARAT,Central
385350,PATAN,GUJARAT,Central
384272,PATAN,GUJARAT,Central
384151,PATAN,GUJARAT,Central
385360,PATAN,GUJARAT,Central
384285,PATAN,GUJARAT,Central
384221,PATAN,GUJARAT,Central
384265,PATAN,GUJARAT,Central
384110,PATAN,GUJARAT,Central
384220,PATAN,GUJARAT,Central
384225,PATAN,GUJARAT,Central
384240,PATAN,GUJARAT,Central
384229,PATAN,GUJARAT,Central
384290,PATAN,GUJARAT,Central
384255,PATAN,GUJARAT,Central
384230,PATAN,GUJARAT,Central
393140,NARMADA,GUJARAT,Central
393145,NARMADA,GUJARAT,Central
393150,NARMADA,GUJARAT,Central
393151,NARMADA,GUJARAT,Central
391120,NARMADA,GUJARAT,Central
393050,NARMADA,GUJARAT,Central
393025,NARMADA,GUJARAT,Central
393041,NARMADA,GUJARAT,Central
393040,NARMADA,GUJARAT,Central
392165,BHARUCH,GUJARAT,Central
392220,BHARUCH,GUJARAT,Central
394115,BHARUCH,GUJARAT,Central
393115,BHARUCH,GUJARAT,Central
393030,BHARUCH,GUJARAT,Central
394810,BHARUCH,GUJARAT,Central
392150,BHARUCH,GUJARAT,Central
393110,BHARUCH,GUJARAT,Central
392160,BHARUCH,GUJARAT,Central
392170,BHARUCH,GUJARAT,Central
392155,BHARUCH,GUJARAT,Central
392012,BHARUCH,GUJARAT,Central
392210,BHARUCH,GUJARAT,Central
392015,BHARUCH,GUJARAT,Central
393130,BHARUCH,GUJARAT,Central
392230,BHARUCH,GUJARAT,Central
393010,BHARUCH,GUJARAT,Central
393020,BHARUCH,GUJARAT,Central
392035,BHARUCH,GUJARAT,Central
392030,BHARUCH,GUJARAT,Central
393120,BHARUCH,GUJARAT,Central
392140,BHARUCH,GUJARAT,Central
393135,BHARUCH,GUJARAT,Central
392025,BHARUCH,GUJARAT,Central
392180,BHARUCH,GUJARAT,Central
392040,BHARUCH,GUJARAT,Central
392240,BHARUCH,GUJARAT,Central
392011,BHARUCH,GUJARAT,Central
392110,BHARUCH,GUJARAT,Central
393002,BHARUCH,GUJARAT,Central
393001,BHARUCH,GUJARAT,Central
392130,BHARUCH,GUJARAT,Central
392020,BHARUCH,GUJARAT,Central
391810,BHARUCH,GUJARAT,Central
393125,BHARUCH,GUJARAT,Central
392001,BHARUCH,GUJARAT,Central
393017,BHARUCH,GUJARAT,Central
392135,BHARUCH,GUJARAT,Central
392215,BHARUCH,GUJARAT,Central
387710,KHEDA,GUJARAT,Central
387550,KHEDA,GUJARAT,Central
387365,KHEDA,GUJARAT,Central
387380,KHEDA,GUJARAT,Central
387115,KHEDA,GUJARAT,Central
387330,KHEDA,GUJARAT,Central
387650,KHEDA,GUJARAT,Central
387350,KHEDA,GUJARAT,Central
387560,KHEDA,GUJARAT,Central
387570,KHEDA,GUJARAT,Central
387430,KHEDA,GUJARAT,Central
387345,KHEDA,GUJARAT,Central
387355,KHEDA,GUJARAT,Central
387360,KHEDA,GUJARAT,Central
387002,KHEDA,GUJARAT,Central
387230,KHEDA,GUJARAT,Central
387305,KHEDA,GUJARAT,Central
387510,KHEDA,GUJARAT,Central
387635,KHEDA,GUJARAT,Central
387110,KHEDA,GUJARAT,Central
387120,KHEDA,GUJARAT,Central
387620,KHEDA,GUJARAT,Central
387630,KHEDA,GUJARAT,Central
387640,KHEDA,GUJARAT,Central
387610,KHEDA,GUJARAT,Central
388245,KHEDA,GUJARAT,Central
388215,KHEDA,GUJARAT,Central
388250,KHEDA,GUJARAT,Central
387320,KHEDA,GUJARAT,Central
387520,KHEDA,GUJARAT,Central
387130,KHEDA,GUJARAT,Central
387340,KHEDA,GUJARAT,Central
387335,KHEDA,GUJARAT,Central
387530,KHEDA,GUJARAT,Central
387540,KHEDA,GUJARAT,Central
387370,KHEDA,GUJARAT,Central
388225,KHEDA,GUJARAT,Central
388235,KHEDA,GUJARAT,Central
388230,KHEDA,GUJARAT,Central
387411,KHEDA,GUJARAT,Central
387001,KHEDA,GUJARAT,Central
388239,KHEDA,GUJARAT,Central
387315,KHEDA,GUJARAT,Central
387003,KHEDA,GUJARAT,Central
387325,KHEDA,GUJARAT,Central
388430,ANAND,GUJARAT,Central
388625,ANAND,GUJARAT,Central
388150,ANAND,GUJARAT,Central
388450,ANAND,GUJARAT,Central
388460,ANAND,GUJARAT,Central
388570,ANAND,GUJARAT,Central
388170,ANAND,GUJARAT,Central
387240,ANAND,GUJARAT,Central
387210,ANAND,GUJARAT,Central
388610,ANAND,GUJARAT,Central
388590,ANAND,GUJARAT,Central
388550,ANAND,GUJARAT,Central
388620,ANAND,GUJARAT,Central
388440,ANAND,GUJARAT,Central
388480,ANAND,GUJARAT,Central
388180,ANAND,GUJARAT,Central
387310,ANAND,GUJARAT,Central
388140,ANAND,GUJARAT,Central
388160,ANAND,GUJARAT,Central
388630,ANAND,GUJARAT,Central
387220,ANAND,GUJARAT,Central
388365,ANAND,GUJARAT,Central
388220,ANAND,GUJARAT,Central
388370,ANAND,GUJARAT,Central
388306,ANAND,GUJARAT,Central
388640,ANAND,GUJARAT,Central
387375,ANAND,GUJARAT,Central
388580,ANAND,GUJARAT,Central
388307,ANAND,GUJARAT,Central
388325,ANAND,GUJARAT,Central
388340,ANAND,GUJARAT,Central
388560,ANAND,GUJARAT,Central
388350,ANAND,GUJARAT,Central
388345,ANAND,GUJARAT,Central
388210,ANAND,GUJARAT,Central
388360,ANAND,GUJARAT,Central
388335,ANAND,GUJARAT,Central
388520,ANAND,GUJARAT,Central
388530,ANAND,GUJARAT,Central
388205,ANAND,GUJARAT,Central
388130,ANAND,GUJARAT,Central
388540,ANAND,GUJARAT,Central
388320,ANAND,GUJARAT,Central
388305,ANAND,GUJARAT,Central
388510,ANAND,GUJARAT,Central
388110,ANAND,GUJARAT,Central
388315,ANAND,GUJARAT,Central
388001,ANAND,GUJARAT,Central
388330,ANAND,GUJARAT,Central
388543,ANAND,GUJARAT,Central
388545,ANAND,GUJARAT,Central
388121,ANAND,GUJARAT,Central
388120,ANAND,GUJARAT,Central
388310,ANAND,GUJARAT,Central
388355,ANAND,GUJARAT,Central
388470,ANAND,GUJARAT,Central
388465,ANAND,GUJARAT,Central
388410,ANAND,GUJARAT,Central
388421,ANAND,GUJARAT,Central
396440,NAVSARI,GUJARAT,Central
396427,NAVSARI,GUJARAT,Central
396521,NAVSARI,GUJARAT,Central
396540,NAVSARI,GUJARAT,Central
396040,NAVSARI,GUJARAT,Central
396560,NAVSARI,GUJARAT,Central
396060,NAVSARI,GUJARAT,Central
396590,NAVSARI,GUJARAT,Central
396580,NAVSARI,GUJARAT,Central
396406,NAVSARI,GUJARAT,Central
396310,NAVSARI,GUJARAT,Central
396412,NAVSARI,GUJARAT,Central
396360,NAVSARI,GUJARAT,Central
396418,NAVSARI,GUJARAT,Central
396325,NAVSARI,GUJARAT,Central
396110,NAVSARI,GUJARAT,Central
396570,NAVSARI,GUJARAT,Central
396409,NAVSARI,GUJARAT,Central
396415,NAVSARI,GUJARAT,Central
396530,NAVSARI,GUJARAT,Central
396450,NAVSARI,GUJARAT,Central
396350,NAVSARI,GUJARAT,Central
396380,NAVSARI,GUJARAT,Central
396430,NAVSARI,GUJARAT,Central
396436,NAVSARI,GUJARAT,Central
396460,NAVSARI,GUJARAT,Central
396466,NAVSARI,GUJARAT,Central
396463,NAVSARI,GUJARAT,Central
396439,NAVSARI,GUJARAT,Central
396433,NAVSARI,GUJARAT,Central
396469,NAVSARI,GUJARAT,Central
396475,NAVSARI,GUJARAT,Central
396472,NAVSARI,GUJARAT,Central
396445,NAVSARI,GUJARAT,Central
396321,NAVSARI,GUJARAT,Central
396421,NAVSARI,GUJARAT,Central
396370,NAVSARI,GUJARAT,Central
396403,NAVSARI,GUJARAT,Central
396424,NAVSARI,GUJARAT,Central
365555,AMRELI,GUJARAT,Central
365601,AMRELI,GUJARAT,Central
365610,AMRELI,GUJARAT,Central
365421,AMRELI,GUJARAT,Central
364522,AMRELI,GUJARAT,Central
365440,AMRELI,GUJARAT,Central
365630,AMRELI,GUJARAT,Central
365410,AMRELI,GUJARAT,Central
365435,AMRELI,GUJARAT,Central
365620,AMRELI,GUJARAT,Central
365220,AMRELI,GUJARAT,Central
365540,AMRELI,GUJARAT,Central
365550,AMRELI,GUJARAT,Central
365640,AMRELI,GUJARAT,Central
365645,AMRELI,GUJARAT,Central
364521,AMRELI,GUJARAT,Central
365650,AMRELI,GUJARAT,Central
365450,AMRELI,GUJARAT,Central
365430,AMRELI,GUJARAT,Central
365535,AMRELI,GUJARAT,Central
365460,AMRELI,GUJARAT,Central
365635,AMRELI,GUJARAT,Central
365730,AMRELI,GUJARAT,Central
365560,AMRELI,GUJARAT,Central
364515,AMRELI,GUJARAT,Central
365480,AMRELI,GUJARAT,Central
365456,AMRELI,GUJARAT,Central
364525,AMRELI,GUJARAT,Central
365455,AMRELI,GUJARAT,Central
364530,AMRELI,GUJARAT,Central
365541,AMRELI,GUJARAT,Central
364130,BHAVNAGAR,GUJARAT,Central
364320,BHAVNAGAR,GUJARAT,Central
364505,BHAVNAGAR,GUJARAT,Central
364140,BHAVNAGAR,GUJARAT,Central
364260,BHAVNAGAR,GUJARAT,Central
364120,BHAVNAGAR,GUJARAT,Central
364145,BHAVNAGAR,GUJARAT,Central
364150,BHAVNAGAR,GUJARAT,Central
364330,BHAVNAGAR,GUJARAT,Central
364310,BHAVNAGAR,GUJARAT,Central
364060,BHAVNAGAR,GUJARAT,Central
364210,BHAVNAGAR,GUJARAT,Central
364295,BHAVNAGAR,GUJARAT,Central
364050,BHAVNAGAR,GUJARAT,Central
364002,BHAVNAGAR,GUJARAT,Central
364005,BHAVNAGAR,GUJARAT,Central
364004,BHAVNAGAR,GUJARAT,Central
364265,BHAVNAGAR,GUJARAT,Central
364110,BHAVNAGAR,GUJARAT,Central
364510,BHAVNAGAR,GUJARAT,Central
364070,BHAVNAGAR,GUJARAT,Central
364290,BHAVNAGAR,GUJARAT,Central
364280,BHAVNAGAR,GUJARAT,Central
364270,BHAVNAGAR,GUJARAT,Central
364275,BHAVNAGAR,GUJARAT,Central
364313,BHAVNAGAR,GUJARAT,Central
364230,BHAVNAGAR,GUJARAT,Central
364240,BHAVNAGAR,GUJARAT,Central
364135,BHAVNAGAR,GUJARAT,Central
364250,BHAVNAGAR,GUJARAT,Central
364001,BHAVNAGAR,GUJARAT,Central
364081,BHAVNAGAR,GUJARAT,Central
364003,BHAVNAGAR,GUJARAT,Central
364006,BHAVNAGAR,GUJARAT,Central
360005,RAJKOT,GUJARAT,Central
360024,RAJKOT,GUJARAT,Central
360311,RAJKOT,GUJARAT,Central
360060,RAJKOT,GUJARAT,Central
360360,RAJKOT,GUJARAT,Central
360370,RAJKOT,GUJARAT,Central
360470,RAJKOT,GUJARAT,Central
360030,RAJKOT,GUJARAT,Central
360022,RAJKOT,GUJARAT,Central
360110,RAJKOT,GUJARAT,Central
360003,RAJKOT,GUJARAT,Central
360002,RAJKOT,GUJARAT,Central
360021,RAJKOT,GUJARAT,Central
360025,RAJKOT,GUJARAT,Central
360450,RAJKOT,GUJARAT,Central
360452,RAJKOT,GUJARAT,Central
360465,RAJKOT,GUJARAT,Central
360410,RAJKOT,GUJARAT,Central
360405,RAJKOT,GUJARAT,Central
360050,RAJKOT,GUJARAT,Central
360020,RAJKOT,GUJARAT,Central
360023,RAJKOT,GUJARAT,Central
360004,RAJKOT,GUJARAT,Central
360485,RAJKOT,GUJARAT,Central
360040,RAJKOT,GUJARAT,Central
360320,RAJKOT,GUJARAT,Central
360070,RAJKOT,GUJARAT,Central
360330,RAJKOT,GUJARAT,Central
360375,RAJKOT,GUJARAT,Central
360325,RAJKOT,GUJARAT,Central
360440,RAJKOT,GUJARAT,Central
360490,RAJKOT,GUJARAT,Central
360380,RAJKOT,GUJARAT,Central
360006,RAJKOT,GUJARAT,Central
360035,RAJKOT,GUJARAT,Central
360045,RAJKOT,GUJARAT,Central
360055,RAJKOT,GUJARAT,Central
360421,RAJKOT,GUJARAT,Central
360430,RAJKOT,GUJARAT,Central
360001,RAJKOT,GUJARAT,Central
360026,RAJKOT,GUJARAT,Central
360028,RAJKOT,GUJARAT,Central
360007,RAJKOT,GUJARAT,Central
360460,RAJKOT,GUJARAT,Central
363650,MORBI,GUJARAT,Central
363621,MORBI,GUJARAT,Central
363330,MORBI,GUJARAT,Central
363660,MORBI,GUJARAT,Central
363630,MORBI,GUJARAT,Central
363670,MORBI,GUJARAT,Central
363641,MORBI,GUJARAT,Central
363642,MORBI,GUJARAT,Central
363655,MORBI,GUJARAT,Central
363351,MORBI,GUJARAT,Central
363643,MORBI,GUJARAT,Central
363623,MORBI,GUJARAT,Central
364730,BOTAD,GUJARAT,Central
364740,BOTAD,GUJARAT,Central
364750,BOTAD,GUJARAT,Central
364765,BOTAD,GUJARAT,Central
382245,BOTAD,GUJARAT,Central
382255,BOTAD,GUJARAT,Central
364710,BOTAD,GUJARAT,Central
364760,BOTAD,GUJARAT,Central
364720,BOTAD,GUJARAT,Central
363745,SURENDRANAGAR,GUJARAT,Central
363520,SURENDRANAGAR,GUJARAT,Central
363410,SURENDRANAGAR,GUJARAT,Central
363750,SURENDRANAGAR,GUJARAT,Central
363115,SURENDRANAGAR,GUJARAT,Central
363310,SURENDRANAGAR,GUJARAT,Central
363780,SURENDRANAGAR,GUJARAT,Central
363040,SURENDRANAGAR,GUJARAT,Central
363423,SURENDRANAGAR,GUJARAT,Central
363020,SURENDRANAGAR,GUJARAT,Central
363760,SURENDRANAGAR,GUJARAT,Central
363775,SURENDRANAGAR,GUJARAT,Central
363435,SURENDRANAGAR,GUJARAT,Central
363421,SURENDRANAGAR,GUJARAT,Central
363510,SURENDRANAGAR,GUJARAT,Central
363320,SURENDRANAGAR,GUJARAT,Central
363430,SURENDRANAGAR,GUJARAT,Central
363427,SURENDRANAGAR,GUJARAT,Central
363530,SURENDRANAGAR,GUJARAT,Central
363755,SURENDRANAGAR,GUJARAT,Central
363765,SURENDRANAGAR,GUJARAT,Central
363440,SURENDRANAGAR,GUJARAT,Central
363110,SURENDRANAGAR,GUJARAT,Central
363030,SURENDRANAGAR,GUJARAT,Central
363001,SURENDRANAGAR,GUJARAT,Central
363002,SURENDRANAGAR,GUJARAT,Central
363035,SURENDRANAGAR,GUJARAT,Central
362263,JUNAGADH,GUJARAT,Central
362625,JUNAGADH,GUJARAT,Central
362225,JUNAGADH,GUJARAT,Central
362120,JUNAGADH,GUJARAT,Central
362205,JUNAGADH,GUJARAT,Central
362255,JUNAGADH,GUJARAT,Central
362630,JUNAGADH,GUJARAT,Central
362130,JUNAGADH,GUJARAT,Central
362640,JUNAGADH,GUJARAT,Central
362240,JUNAGADH,GUJARAT,Central
362620,JUNAGADH,GUJARAT,Central
362015,JUNAGADH,GUJARAT,Central
362610,JUNAGADH,GUJARAT,Central
362310,JUNAGADH,GUJARAT,Central
362222,JUNAGADH,GUJARAT,Central
362020,JUNAGADH,GUJARAT,Central
362110,JUNAGADH,GUJARAT,Central
362250,JUNAGADH,GUJARAT,Central
362037,JUNAGADH,GUJARAT,Central
362002,JUNAGADH,GUJARAT,Central
362220,JUNAGADH,GUJARAT,Central
362227,JUNAGADH,GUJARAT,Central
362215,JUNAGADH,GUJARAT,Central
362245,JUNAGADH,GUJARAT,Central
362260,JUNAGADH,GUJARAT,Central
362030,JUNAGADH,GUJARAT,Central
362011,JUNAGADH,GUJARAT,Central
362315,JUNAGADH,GUJARAT,Central
362001,JUNAGADH,GUJARAT,Central
362226,JUNAGADH,GUJARAT,Central
362140,GIR SOMNATH,GUJARAT,Central
362150,GIR SOMNATH,GUJARAT,Central
362275,GIR SOMNATH,GUJARAT,Central
362135,GIR SOMNATH,GUJARAT,Central
362560,GIR SOMNATH,GUJARAT,Central
362265,GIR SOMNATH,GUJARAT,Central
362268,GIR SOMNATH,GUJARAT,Central
362510,GIR SOMNATH,GUJARAT,Central
362565,GIR SOMNATH,GUJARAT,Central
362710,GIR SOMNATH,GUJARAT,Central
362530,GIR SOMNATH,GUJARAT,Central
362720,GIR SOMNATH,GUJARAT,Central
362550,GIR SOMNATH,GUJARAT,Central
362715,GIR SOMNATH,GUJARAT,Central
360576,PORBANDAR,GUJARAT,Central
362230,PORBANDAR,GUJARAT,Central
360570,PORBANDAR,GUJARAT,Central
360550,PORBANDAR,GUJARAT,Central
360590,PORBANDAR,GUJARAT,Central
360579,PORBANDAR,GUJARAT,Central
362650,PORBANDAR,GUJARAT,Central
360545,PORBANDAR,GUJARAT,Central
360575,PORBANDAR,GUJARAT,Central
360577,PORBANDAR,GUJARAT,Central
360578,PORBANDAR,GUJARAT,Central
391165,CHHOTAUDEPUR,GUJARAT,Central
391152,CHHOTAUDEPUR,GUJARAT,Central
391135,CHHOTAUDEPUR,GUJARAT,Central
391170,CHHOTAUDEPUR,GUJARAT,Central
391140,CHHOTAUDEPUR,GUJARAT,Central
391150,CHHOTAUDEPUR,GUJARAT,Central
391168,CHHOTAUDEPUR,GUJARAT,Central
391160,CHHOTAUDEPUR,GUJARAT,Central
391156,CHHOTAUDEPUR,GUJARAT,Central
391145,CHHOTAUDEPUR,GUJARAT,Central
391125,CHHOTAUDEPUR,GUJARAT,Central
391130,CHHOTAUDEPUR,GUJARAT,Central
361335,DEVBHUMI DWARKA,GUJARAT,Central
361320,DEVBHUMI DWARKA,GUJARAT,Central
361305,DEVBHUMI DWARKA,GUJARAT,Central
361306,DEVBHUMI DWARKA,GUJARAT,Central
360510,DEVBHUMI DWARKA,GUJARAT,Central
361315,DEVBHUMI DWARKA,GUJARAT,Central
361345,DEVBHUMI DWARKA,GUJARAT,Central
361325,DEVBHUMI DWARKA,GUJARAT,Central
361010,DEVBHUMI DWARKA,GUJARAT,Central
360515,DEVBHUMI DWARKA,GUJARAT,Central
361310,DEVBHUMI DWARKA,GUJARAT,Central
361347,DEVBHUMI DWARKA,GUJARAT,Central
361350,DEVBHUMI DWARKA,GUJARAT,Central
361330,DEVBHUMI DWARKA,GUJARAT,Central
360530,JAMNAGAR,GUJARAT,Central
361007,JAMNAGAR,GUJARAT,Central
361011,JAMNAGAR,GUJARAT,Central
361130,JAMNAGAR,GUJARAT,Central
361250,JAMNAGAR,GUJARAT,Central
361160,JAMNAGAR,GUJARAT,Central
361013,JAMNAGAR,GUJARAT,Central
361280,JAMNAGAR,GUJARAT,Central
360540,JAMNAGAR,GUJARAT,Central
361240,JAMNAGAR,GUJARAT,Central
361012,JAMNAGAR,GUJARAT,Central
361210,JAMNAGAR,GUJARAT,Central
361120,JAMNAGAR,GUJARAT,Central
360480,JAMNAGAR,GUJARAT,Central
361110,JAMNAGAR,GUJARAT,Central
361006,JAMNAGAR,GUJARAT,Central
360520,JAMNAGAR,GUJARAT,Central
361230,JAMNAGAR,GUJARAT,Central
361140,JAMNAGAR,GUJARAT,Central
361170,JAMNAGAR,GUJARAT,Central
361220,JAMNAGAR,GUJARAT,Central
361162,JAMNAGAR,GUJARAT,Central
360531,JAMNAGAR,GUJARAT,Central
361008,JAMNAGAR,GUJARAT,Central
361001,JAMNAGAR,GUJARAT,Central
361004,JAMNAGAR,GUJARAT,Central
361009,JAMNAGAR,GUJARAT,Central
361003,JAMNAGAR,GUJARAT,Central
361002,JAMNAGAR,GUJARAT,Central
361005,JAMNAGAR,GUJARAT,Central
361142,JAMNAGAR,GUJARAT,Central
361150,JAMNAGAR,GUJARAT,Central
391110,VADODARA,GUJARAT,Central
391250,VADODARA,GUJARAT,Central
391107,VADODARA,GUJARAT,Central
391115,VADODARA,GUJARAT,Central
391105,VADODARA,GUJARAT,Central
391761,VADODARA,GUJARAT,Central
391520,VADODARA,GUJARAT,Central
391530,VADODARA,GUJARAT,Central
391770,VADODARA,GUJARAT,Central
391101,VADODARA,GUJARAT,Central
391760,VADODARA,GUJARAT,Central
391445,VADODARA,GUJARAT,Central
393105,VADODARA,GUJARAT,Central
391745,VADODARA,GUJARAT,Central
391775,VADODARA,GUJARAT,Central
392310,VADODARA,GUJARAT,Central
390019,VADODARA,GUJARAT,Central
390022,VADODARA,GUJARAT,Central
390014,VADODARA,GUJARAT,Central
390004,VADODARA,GUJARAT,Central
391780,VADODARA,GUJARAT,Central
391740,VADODARA,GUJARAT,Central
391244,VADODARA,GUJARAT,Central
391774,VADODARA,GUJARAT,Central
391510,VADODARA,GUJARAT,Central
391210,VADODARA,GUJARAT,Central
391450,VADODARA,GUJARAT,Central
391220,VADODARA,GUJARAT,Central
391330,VADODARA,GUJARAT,Central
391421,VADODARA,GUJARAT,Central
391240,VADODARA,GUJARAT,Central
391430,VADODARA,GUJARAT,Central
391440,VADODARA,GUJARAT,Central
391243,VADODARA,GUJARAT,Central
391350,VADODARA,GUJARAT,Central
390009,VADODARA,GUJARAT,Central
390010,VADODARA,GUJARAT,Central
390012,VADODARA,GUJARAT,Central
391310,VADODARA,GUJARAT,Central
391410,VADODARA,GUJARAT,Central
391340,VADODARA,GUJARAT,Central
390003,VADODARA,GUJARAT,Central
390006,VADODARA,GUJARAT,Central
390001,VADODARA,GUJARAT,Central
390017,VADODARA,GUJARAT,Central
390025,VADODARA,GUJARAT,Central
391345,VADODARA,GUJARAT,Central
390020,VADODARA,GUJARAT,Central
391776,VADODARA,GUJARAT,Central
390024,VADODARA,GUJARAT,Central
391320,VADODARA,GUJARAT,Central
390016,VADODARA,GUJARAT,Central
390023,VADODARA,GUJARAT,Central
390021,VADODARA,GUJARAT,Central
390018,VADODARA,GUJARAT,Central
390011,VADODARA,GUJARAT,Central
390013,VADODARA,GUJARAT,Central
390007,VADODARA,GUJARAT,Central
391750,VADODARA,GUJARAT,Central
390002,VADODARA,GUJARAT,Central
394540,SURAT,GUJARAT,Central
395005,SURAT,GUJARAT,Central
394510,SURAT,GUJARAT,Central
394550,SURAT,GUJARAT,Central
394517,SURAT,GUJARAT,Central
395009,SURAT,GUJARAT,Central
394235,SURAT,GUJARAT,Central
394530,SURAT,GUJARAT,Central
394317,SURAT,GUJARAT,Central
394310,SURAT,GUJARAT,Central
396510,SURAT,GUJARAT,Central
394140,SURAT,GUJARAT,Central
394305,SURAT,GUJARAT,Central
394125,SURAT,GUJARAT,Central
394112,SURAT,GUJARAT,Central
394110,SURAT,GUJARAT,Central
394410,SURAT,GUJARAT,Central
394130,SURAT,GUJARAT,Central
394120,SURAT,GUJARAT,Central
395004,SURAT,GUJARAT,Central
395010,SURAT,GUJARAT,Central
394210,SURAT,GUJARAT,Central
394421,SURAT,GUJARAT,Central
394155,SURAT,GUJARAT,Central
394163,SURAT,GUJARAT,Central
394335,SURAT,GUJARAT,Central
394180,SURAT,GUJARAT,Central
394240,SURAT,GUJARAT,Central
394340,SURAT,GUJARAT,Central
394250,SURAT,GUJARAT,Central
394160,SURAT,GUJARAT,Central
394345,SURAT,GUJARAT,Central
394330,SURAT,GUJARAT,Central
394352,SURAT,GUJARAT,Central
394350,SURAT,GUJARAT,Central
394320,SURAT,GUJARAT,Central
394150,SURAT,GUJARAT,Central
394445,SURAT,GUJARAT,Central
394315,SURAT,GUJARAT,Central
394170,SURAT,GUJARAT,Central
394430,SURAT,GUJARAT,Central
395013,SURAT,GUJARAT,Central
394405,SURAT,GUJARAT,Central
394440,SURAT,GUJARAT,Central
395012,SURAT,GUJARAT,Central
394185,SURAT,GUJARAT,Central
394246,SURAT,GUJARAT,Central
394105,SURAT,GUJARAT,Central
394325,SURAT,GUJARAT,Central
394248,SURAT,GUJARAT,Central
394355,SURAT,GUJARAT,Central
394620,SURAT,GUJARAT,Central
394230,SURAT,GUJARAT,Central
395007,SURAT,GUJARAT,Central
394107,SURAT,GUJARAT,Central
394245,SURAT,GUJARAT,Central
394520,SURAT,GUJARAT,Central
394326,SURAT,GUJARAT,Central
395008,SURAT,GUJARAT,Central
395003,SURAT,GUJARAT,Central
394111,SURAT,GUJARAT,Central
394101,SURAT,GUJARAT,Central
395011,SURAT,GUJARAT,Central
394541,SURAT,GUJARAT,Central
395006,SURAT,GUJARAT,Central
395002,SURAT,GUJARAT,Central
395001,SURAT,GUJARAT,Central
394601,SURAT,GUJARAT,Central
394190,SURAT,GUJARAT,Central
394516,SURAT,GUJARAT,Central
395017,SURAT,GUJARAT,Central
394270,SURAT,GUJARAT,Central
394515,SURAT,GUJARAT,Central
394518,SURAT,GUJARAT,Central
394327,SURAT,GUJARAT,Central
395023,SURAT,GUJARAT,Central
394221,SURAT,GUJARAT,Central
383316,ARVALLI,GUJARAT,Central
383251,ARVALLI,GUJARAT,Central
383345,ARVALLI,GUJARAT,Central
383350,ARVALLI,GUJARAT,Central
383246,ARVALLI,GUJARAT,Central
383315,ARVALLI,GUJARAT,Central
383340,ARVALLI,GUJARAT,Central
383355,ARVALLI,GUJARAT,Central
383250,ARVALLI,GUJARAT,Central
383307,ARVALLI,GUJARAT,Central
383320,ARVALLI,GUJARAT,Central
383245,ARVALLI,GUJARAT,Central
383317,ARVALLI,GUJARAT,Central
383330,ARVALLI,GUJARAT,Central
383310,ARVALLI,GUJARAT,Central
383335,ARVALLI,GUJARAT,Central
383260,ARVALLI,GUJARAT,Central
383325,ARVALLI,GUJARAT,Central
388713,PANCH MAHALS,GUJARAT,Central
389330,PANCH MAHALS,GUJARAT,Central
389390,PANCH MAHALS,GUJARAT,Central
389115,PANCH MAHALS,GUJARAT,Central
389360,PANCH MAHALS,GUJARAT,Central
389120,PANCH MAHALS,GUJARAT,Central
389210,PANCH MAHALS,GUJARAT,Central
389370,PANCH MAHALS,GUJARAT,Central
388710,PANCH MAHALS,GUJARAT,Central
389340,PANCH MAHALS,GUJARAT,Central
389110,PANCH MAHALS,GUJARAT,Central
389341,PANCH MAHALS,GUJARAT,Central
389310,PANCH MAHALS,GUJARAT,Central
389320,PANCH MAHALS,GUJARAT,Central
389365,PANCH MAHALS,GUJARAT,Central
389002,PANCH MAHALS,GUJARAT,Central
389350,PANCH MAHALS,GUJARAT,Central
389001,PANCH MAHALS,GUJARAT,Central
389220,MAHISAGAR,GUJARAT,Central
389230,MAHISAGAR,GUJARAT,Central
389235,MAHISAGAR,GUJARAT,Central
388270,MAHISAGAR,GUJARAT,Central
388255,MAHISAGAR,GUJARAT,Central
389265,MAHISAGAR,GUJARAT,Central
389260,MAHISAGAR,GUJARAT,Central
389232,MAHISAGAR,GUJARAT,Central
388265,MAHISAGAR,GUJARAT,Central
389250,MAHISAGAR,GUJARAT,Central
388260,MAHISAGAR,GUJARAT,Central
370490,KACHCHH,GUJARAT,Central
370445,KACHCHH,GUJARAT,Central
370627,KACHCHH,GUJARAT,Central
370450,KACHCHH,GUJARAT,Central
370240,KACHCHH,GUJARAT,Central
370410,KACHCHH,GUJARAT,Central
370455,KACHCHH,GUJARAT,Central
370465,KACHCHH,GUJARAT,Central
370415,KACHCHH,GUJARAT,Central
370430,KACHCHH,GUJARAT,Central
370510,KACHCHH,GUJARAT,Central
370130,KACHCHH,GUJARAT,Central
370485,KACHCHH,GUJARAT,Central
370630,KACHCHH,GUJARAT,Central
370641,KACHCHH,GUJARAT,Central
370605,KACHCHH,GUJARAT,Central
370645,KACHCHH,GUJARAT,Central
370105,KACHCHH,GUJARAT,Central
370475,KACHCHH,GUJARAT,Central
370670,KACHCHH,GUJARAT,Central
370145,KACHCHH,GUJARAT,Central
370020,KACHCHH,GUJARAT,Central
370610,KACHCHH,GUJARAT,Central
370030,KACHCHH,GUJARAT,Central
370650,KACHCHH,GUJARAT,Central
370421,KACHCHH,GUJARAT,Central
370001,KACHCHH,GUJARAT,Central
370155,KACHCHH,GUJARAT,Central
370205,KACHCHH,GUJARAT,Central
370110,KACHCHH,GUJARAT,Central
370427,KACHCHH,GUJARAT,Central
370140,KACHCHH,GUJARAT,Central
370460,KACHCHH,GUJARAT,Central
370015,KACHCHH,GUJARAT,Central
370405,KACHCHH,GUJARAT,Central
370435,KACHCHH,GUJARAT,Central
370135,KACHCHH,GUJARAT,Central
370160,KACHCHH,GUJARAT,Central
370615,KACHCHH,GUJARAT,Central
370655,KACHCHH,GUJARAT,Central
370620,KACHCHH,GUJARAT,Central
370425,KACHCHH,GUJARAT,Central
370165,KACHCHH,GUJARAT,Central
370625,KACHCHH,GUJARAT,Central
370150,KACHCHH,GUJARAT,Central
370601,KACHCHH,GUJARAT,Central
370660,KACHCHH,GUJARAT,Central
370665,KACHCHH,GUJARAT,Central
370675,KACHCHH,GUJARAT,Central
370040,KACHCHH,GUJARAT,Central
370115,KACHCHH,GUJARAT,Central
370201,KACHCHH,GUJARAT,Central
370230,KACHCHH,GUJARAT,Central
370210,KACHCHH,GUJARAT,Central
370203,KACHCHH,GUJARAT,Central
396051,VALSAD,GUJARAT,Central
396045,VALSAD,GUJARAT,Central
396020,VALSAD,GUJARAT,Central
396035,VALSAD,GUJARAT,Central
396125,VALSAD,GUJARAT,Central
396126,VALSAD,GUJARAT,Central
396067,VALSAD,GUJARAT,Central
396065,VALSAD,GUJARAT,Central
396145,VALSAD,GUJARAT,Central
396055,VALSAD,GUJARAT,Central
396155,VALSAD,GUJARAT,Central
396165,VALSAD,GUJARAT,Central
396185,VALSAD,GUJARAT,Central
396007,VALSAD,GUJARAT,Central
396191,VALSAD,GUJARAT,Central
396130,VALSAD,GUJARAT,Central
396235,VALSAD,GUJARAT,Central
396140,VALSAD,GUJARAT,Central
396170,VALSAD,GUJARAT,Central
396030,VALSAD,GUJARAT,Central
396150,VALSAD,GUJARAT,Central
396385,VALSAD,GUJARAT,Central
396135,VALSAD,GUJARAT,Central
396195,VALSAD,GUJARAT,Central
396105,VALSAD,GUJARAT,Central
396193,VALSAD,GUJARAT,Central
396050,VALSAD,GUJARAT,Central
396375,VALSAD,GUJARAT,Central
396120,VALSAD,GUJARAT,Central
396171,VALSAD,GUJARAT,Central
396002,VALSAD,GUJARAT,Central
396001,VALSAD,GUJARAT,Central
396180,VALSAD,GUJARAT,Central
396115,VALSAD,GUJARAT,Central
394651,TAPI,GUJARAT,Central
394630,TAPI,GUJARAT,Central
394635,TAPI,GUJARAT,Central
394670,TAPI,GUJARAT,Central
394633,TAPI,GUJARAT,Central
394690,TAPI,GUJARAT,Central
394360,TAPI,GUJARAT,Central
394655,TAPI,GUJARAT,Central
394380,TAPI,GUJARAT,Central
394370,TAPI,GUJARAT,Central
394365,TAPI,GUJARAT,Central
394375,TAPI,GUJARAT,Central
394640,TAPI,GUJARAT,Central
394650,TAPI,GUJARAT,Central
394680,TAPI,GUJARAT,Central
394652,TAPI,GUJARAT,Central
394641,TAPI,GUJARAT,Central
394660,TAPI,GUJARAT,Central
394710,DANG,GUJARAT,Central
394715,DANG,GUJARAT,Central
394716,DANG,GUJARAT,Central
394720,DANG,GUJARAT,Central
394730,DANG,GUJARAT,Central
389180,DOHAD,GUJARAT,Central
389140,DOHAD,GUJARAT,Central
389130,DOHAD,GUJARAT,Central
389190,DOHAD,GUJARAT,Central
389175,DOHAD,GUJARAT,Central
389154,DOHAD,GUJARAT,Central
389380,DOHAD,GUJARAT,Central
389382,DOHAD,GUJARAT,Central
389146,DOHAD,GUJARAT,Central
389172,DOHAD,GUJARAT,Central
389160,DOHAD,GUJARAT,Central
389155,DOHAD,GUJARAT,Central
389152,DOHAD,GUJARAT,Central
389170,DOHAD,GUJARAT,Central
389151,DOHAD,GUJARAT,Central
126110,JIND,HARYANA,North
126101,JIND,HARYANA,North
126125,JIND,HARYANA,North
126116,JIND,HARYANA,North
126113,JIND,HARYANA,North
126112,JIND,HARYANA,North
126114,JIND,HARYANA,North
126115,JIND,HARYANA,North
126152,JIND,HARYANA,North
126102,JIND,HARYANA,North
126111,JIND,HARYANA,North
121102,PALWAL,HARYANA,North
121106,PALWAL,HARYANA,North
121105,PALWAL,HARYANA,North
121107,PALWAL,HARYANA,North
121103,PALWAL,HARYANA,North
134205,PANCHKULA,HARYANA,North
133302,PANCHKULA,HARYANA,North
134118,PANCHKULA,HARYANA,North
134109,PANCHKULA,HARYANA,North
134204,PANCHKULA,HARYANA,North
134102,PANCHKULA,HARYANA,North
133301,PANCHKULA,HARYANA,North
134108,PANCHKULA,HARYANA,North
134101,PANCHKULA,HARYANA,North
134116,PANCHKULA,HARYANA,North
134107,PANCHKULA,HARYANA,North
134103,PANCHKULA,HARYANA,North
134113,PANCHKULA,HARYANA,North
134104,PANCHKULA,HARYANA,North
134112,PANCHKULA,HARYANA,North
134114,PANCHKULA,HARYANA,North
134117,PANCHKULA,HARYANA,North
134105,PANCHKULA,HARYANA,North
134203,AMBALA,HARYANA,North
134201,AMBALA,HARYANA,North
134008,AMBALA,HARYANA,North
134007,AMBALA,HARYANA,North
133205,AMBALA,HARYANA,North
133201,AMBALA,HARYANA,North
133102,AMBALA,HARYANA,North
133004,AMBALA,HARYANA,North
133203,AMBALA,HARYANA,North
133104,AMBALA,HARYANA,North
134202,AMBALA,HARYANA,North
133005,AMBALA,HARYANA,North
133202,AMBALA,HARYANA,North
133101,AMBALA,HARYANA,North
134003,AMBALA,HARYANA,North
133001,AMBALA,HARYANA,North
133010,AMBALA,HARYANA,North
133207,AMBALA,HARYANA,North
134005,AMBALA,HARYANA,North
133006,AMBALA,HARYANA,North
133008,AMBALA,HARYANA,North
123411,REWARI,HARYANA,North
123301,REWARI,HARYANA,North
123103,REWARI,HARYANA,North
123106,REWARI,HARYANA,North
123302,REWARI,HARYANA,North
123101,REWARI,HARYANA,North
123412,REWARI,HARYANA,North
123102,REWARI,HARYANA,North
123303,REWARI,HARYANA,North
123035,REWARI,HARYANA,North
123401,REWARI,HARYANA,North
122502,REWARI,HARYANA,North
123501,REWARI,HARYANA,North
123110,REWARI,HARYANA,North
123027,MAHENDRAGARH,HARYANA,North
123021,MAHENDRAGARH,HARYANA,North
123029,MAHENDRAGARH,HARYANA,North
123023,MAHENDRAGARH,HARYANA,North
123024,MAHENDRAGARH,HARYANA,North
123028,MAHENDRAGARH,HARYANA,North
123001,MAHENDRAGARH,HARYANA,North
123034,MAHENDRAGARH,HARYANA,North
123031,MAHENDRAGARH,HARYANA,North
124412,ROHTAK,HARYANA,North
124113,ROHTAK,HARYANA,North
124112,ROHTAK,HARYANA,North
124022,ROHTAK,HARYANA,North
124010,ROHTAK,HARYANA,North
124303,ROHTAK,HARYANA,North
124514,ROHTAK,HARYANA,North
124111,ROHTAK,HARYANA,North
124406,ROHTAK,HARYANA,North
124404,ROHTAK,HARYANA,North
124411,ROHTAK,HARYANA,North
124021,ROHTAK,HARYANA,North
124501,ROHTAK,HARYANA,North
124401,ROHTAK,HARYANA,North
124001,ROHTAK,HARYANA,North
124513,ROHTAK,HARYANA,North
125047,HISAR,HARYANA,North
125007,HISAR,HARYANA,North
125121,HISAR,HARYANA,North
125042,HISAR,HARYANA,North
125011,HISAR,HARYANA,North
125044,HISAR,HARYANA,North
125113,HISAR,HARYANA,North
125049,HISAR,HARYANA,North
125004,HISAR,HARYANA,North
125033,HISAR,HARYANA,North
125052,HISAR,HARYANA,North
125005,HISAR,HARYANA,North
125037,HISAR,HARYANA,North
125039,HISAR,HARYANA,North
125006,HISAR,HARYANA,North
125038,HISAR,HARYANA,North
125112,HISAR,HARYANA,North
125001,HISAR,HARYANA,North
131001,SONIPAT,HARYANA,North
131021,SONIPAT,HARYANA,North
131304,SONIPAT,HARYANA,North
131409,SONIPAT,HARYANA,North
131302,SONIPAT,HARYANA,North
131039,SONIPAT,HARYANA,North
131408,SONIPAT,HARYANA,North
131101,SONIPAT,HARYANA,North
131301,SONIPAT,HARYANA,North
131028,SONIPAT,HARYANA,North
131024,SONIPAT,HARYANA,North
131022,SONIPAT,HARYANA,North
131023,SONIPAT,HARYANA,North
131305,SONIPAT,HARYANA,North
131402,SONIPAT,HARYANA,North
131027,SONIPAT,HARYANA,North
131029,SONIPAT,HARYANA,North
131102,SONIPAT,HARYANA,North
131403,SONIPAT,HARYANA,North
131306,SONIPAT,HARYANA,North
131103,SONIPAT,HARYANA,North
131030,SONIPAT,HARYANA,North
124102,JHAJJAR,HARYANA,North
124103,JHAJJAR,HARYANA,North
124106,JHAJJAR,HARYANA,North
124104,JHAJJAR,HARYANA,North
124146,JHAJJAR,HARYANA,North
124108,JHAJJAR,HARYANA,North
124508,JHAJJAR,HARYANA,North
124505,JHAJJAR,HARYANA,North
124105,JHAJJAR,HARYANA,North
124504,JHAJJAR,HARYANA,North
124142,JHAJJAR,HARYANA,North
124109,JHAJJAR,HARYANA,North
124107,JHAJJAR,HARYANA,North
124202,JHAJJAR,HARYANA,North
124506,JHAJJAR,HARYANA,North
124201,JHAJJAR,HARYANA,North
124507,JHAJJAR,HARYANA,North
124141,JHAJJAR,HARYANA,North
136034,KAITHAL,HARYANA,North
136042,KAITHAL,HARYANA,North
136027,KAITHAL,HARYANA,North
136020,KAITHAL,HARYANA,North
136035,KAITHAL,HARYANA,North
136117,KAITHAL,HARYANA,North
136043,KAITHAL,HARYANA,North
136026,KAITHAL,HARYANA,North
136033,KAITHAL,HARYANA,North
136021,KAITHAL,HARYANA,North
136044,KAITHAL,HARYANA,North
136156,KURUKSHETRA,HARYANA,North
136030,KURUKSHETRA,HARYANA,North
136129,KURUKSHETRA,HARYANA,North
136130,KURUKSHETRA,HARYANA,North
136119,KURUKSHETRA,HARYANA,North
136132,KURUKSHETRA,HARYANA,North
136131,KURUKSHETRA,HARYANA,North
136135,KURUKSHETRA,HARYANA,North
136136,KURUKSHETRA,HARYANA,North
136128,KURUKSHETRA,HARYANA,North
136118,KURUKSHETRA,HARYANA,North
136134,KURUKSHETRA,HARYANA,North
136038,KURUKSHETRA,HARYANA,North
125048,FATEHABAD,HARYANA,North
125051,FATEHABAD,HARYANA,North
125120,FATEHABAD,HARYANA,North
125111,FATEHABAD,HARYANA,North
125106,FATEHABAD,HARYANA,North
125050,FATEHABAD,HARYANA,North
125053,FATEHABAD,HARYANA,North
125133,FATEHABAD,HARYANA,North
132039,KARNAL,HARYANA,North
132054,KARNAL,HARYANA,North
132114,KARNAL,HARYANA,North
132036,KARNAL,HARYANA,North
132037,KARNAL,HARYANA,North
132157,KARNAL,HARYANA,North
132024,KARNAL,HARYANA,North
132023,KARNAL,HARYANA,North
132046,KARNAL,HARYANA,North
132116,KARNAL,HARYANA,North
132040,KARNAL,HARYANA,North
132041,KARNAL,HARYANA,North
132001,KARNAL,HARYANA,North
132022,KARNAL,HARYANA,North
132117,KARNAL,HARYANA,North
125055,SIRSA,HARYANA,North
125078,SIRSA,HARYANA,North
125101,SIRSA,HARYANA,North
125110,SIRSA,HARYANA,North
125054,SIRSA,HARYANA,North
125102,SIRSA,HARYANA,North
125103,SIRSA,HARYANA,North
125201,SIRSA,HARYANA,North
125104,SIRSA,HARYANA,North
125077,SIRSA,HARYANA,North
125076,SIRSA,HARYANA,North
125060,SIRSA,HARYANA,North
125075,SIRSA,HARYANA,North
125058,SIRSA,HARYANA,North
125056,SIRSA,HARYANA,North
132122,PANIPAT,HARYANA,North
132107,PANIPAT,HARYANA,North
132113,PANIPAT,HARYANA,North
132104,PANIPAT,HARYANA,North
132140,PANIPAT,HARYANA,North
132105,PANIPAT,HARYANA,North
132102,PANIPAT,HARYANA,North
132101,PANIPAT,HARYANA,North
132108,PANIPAT,HARYANA,North
132106,PANIPAT,HARYANA,North
132145,PANIPAT,HARYANA,North
132115,PANIPAT,HARYANA,North
132103,PANIPAT,HARYANA,North
122102,GURUGRAM,HARYANA,North
122506,GURUGRAM,HARYANA,North
122505,GURUGRAM,HARYANA,North
122504,GURUGRAM,HARYANA,North
122004,GURUGRAM,HARYANA,North
122017,GURUGRAM,HARYANA,North
122503,GURUGRAM,HARYANA,North
122103,GURUGRAM,HARYANA,North
122101,GURUGRAM,HARYANA,North
122413,GURUGRAM,HARYANA,North
122003,GURUGRAM,HARYANA,North
122414,GURUGRAM,HARYANA,North
122006,GURUGRAM,HARYANA,North
122051,GURUGRAM,HARYANA,North
122001,GURUGRAM,HARYANA,North
122002,GURUGRAM,HARYANA,North
122018,GURUGRAM,HARYANA,North
122015,GURUGRAM,HARYANA,North
122008,GURUGRAM,HARYANA,North
122010,GURUGRAM,HARYANA,North
122009,GURUGRAM,HARYANA,North
122011,GURUGRAM,HARYANA,North
122016,GURUGRAM,HARYANA,North
122007,GURUGRAM,HARYANA,North
122052,GURUGRAM,HARYANA,North
122012,GURUGRAM,HARYANA,North
122005,GURUGRAM,HARYANA,North
122098,GURUGRAM,HARYANA,North
122107,NUH,HARYANA,North
122508,NUH,HARYANA,North
122105,NUH,HARYANA,North
122104,NUH,HARYANA,North
122108,NUH,HARYANA,North
121101,FARIDABAD,HARYANA,North
121004,FARIDABAD,HARYANA,North
121003,FARIDABAD,HARYANA,North
121002,FARIDABAD,HARYANA,North
121007,FARIDABAD,HARYANA,North
121005,FARIDABAD,HARYANA,North
121006,FARIDABAD,HARYANA,North
121001,FARIDABAD,HARYANA,North
121012,FARIDABAD,HARYANA,North
121010,FARIDABAD,HARYANA,North
121015,FARIDABAD,HARYANA,North
121008,FARIDABAD,HARYANA,North
121013,FARIDABAD,HARYANA,North
121014,FARIDABAD,HARYANA,North
121009,FARIDABAD,HARYANA,North
133206,YAMUNANAGAR,HARYANA,North
135106,YAMUNANAGAR,HARYANA,North
135102,YAMUNANAGAR,HARYANA,North
135101,YAMUNANAGAR,HARYANA,North
135103,YAMUNANAGAR,HARYANA,North
135003,YAMUNANAGAR,HARYANA,North
135002,YAMUNANAGAR,HARYANA,North
133103,YAMUNANAGAR,HARYANA,North
135133,YAMUNANAGAR,HARYANA,North
133204,YAMUNANAGAR,HARYANA,North
135004,YAMUNANAGAR,HARYANA,North
135021,YAMUNANAGAR,HARYANA,North
135001,YAMUNANAGAR,HARYANA,North
127307,CHARKI DADRI,HARYANA,North
127308,CHARKI DADRI,HARYANA,North
127312,CHARKI DADRI,HARYANA,North
127025,CHARKI DADRI,HARYANA,North
127026,CHARKI DADRI,HARYANA,North
127306,CHARKI DADRI,HARYANA,North
127022,CHARKI DADRI,HARYANA,North
127310,CHARKI DADRI,HARYANA,North
127042,CHARKI DADRI,HARYANA,North
127111,BHIWANI,HARYANA,North
127311,BHIWANI,HARYANA,North
127032,BHIWANI,HARYANA,North
127028,BHIWANI,HARYANA,North
127027,BHIWANI,HARYANA,North
127035,BHIWANI,HARYANA,North
127030,BHIWANI,HARYANA,North
127029,BHIWANI,HARYANA,North
127114,BHIWANI,HARYANA,North
127201,BHIWANI,HARYANA,North
127309,BHIWANI,HARYANA,North
127043,BHIWANI,HARYANA,North
127031,BHIWANI,HARYANA,North
127041,BHIWANI,HARYANA,North
127046,BHIWANI,HARYANA,North
127040,BHIWANI,HARYANA,North
127021,BHIWANI,HARYANA,North
127045,BHIWANI,HARYANA,North
176200,KANGRA,HIMACHAL_PRADESH,North
176059,KANGRA,HIMACHAL_PRADESH,North
176217,KANGRA,HIMACHAL_PRADESH,North
176057,KANGRA,HIMACHAL_PRADESH,North
176204,KANGRA,HIMACHAL_PRADESH,North
176210,KANGRA,HIMACHAL_PRADESH,North
176213,KANGRA,HIMACHAL_PRADESH,North
176205,KANGRA,HIMACHAL_PRADESH,North
176202,KANGRA,HIMACHAL_PRADESH,North
176065,KANGRA,HIMACHAL_PRADESH,North
176058,KANGRA,HIMACHAL_PRADESH,North
176211,KANGRA,HIMACHAL_PRADESH,North
176206,KANGRA,HIMACHAL_PRADESH,North
176029,KANGRA,HIMACHAL_PRADESH,North
176022,KANGRA,HIMACHAL_PRADESH,North
176056,KANGRA,HIMACHAL_PRADESH,North
176037,KANGRA,HIMACHAL_PRADESH,North
176225,KANGRA,HIMACHAL_PRADESH,North
176403,KANGRA,HIMACHAL_PRADESH,North
176216,KANGRA,HIMACHAL_PRADESH,North
176051,KANGRA,HIMACHAL_PRADESH,North
176401,KANGRA,HIMACHAL_PRADESH,North
176214,KANGRA,HIMACHAL_PRADESH,North
176201,KANGRA,HIMACHAL_PRADESH,North
176060,KANGRA,HIMACHAL_PRADESH,North
176402,KANGRA,HIMACHAL_PRADESH,North
176064,KANGRA,HIMACHAL_PRADESH,North
176203,KANGRA,HIMACHAL_PRADESH,North
176219,KANGRA,HIMACHAL_PRADESH,North
176052,KANGRA,HIMACHAL_PRADESH,North
176061,KANGRA,HIMACHAL_PRADESH,North
176082,KANGRA,HIMACHAL_PRADESH,North
176125,KANGRA,HIMACHAL_PRADESH,North
176073,KANGRA,HIMACHAL_PRADESH,North
176067,KANGRA,HIMACHAL_PRADESH,North
176083,KANGRA,HIMACHAL_PRADESH,North
176088,KANGRA,HIMACHAL_PRADESH,North
176092,KANGRA,HIMACHAL_PRADESH,North
176086,KANGRA,HIMACHAL_PRADESH,North
176098,KANGRA,HIMACHAL_PRADESH,North
176096,KANGRA,HIMACHAL_PRADESH,North
176103,KANGRA,HIMACHAL_PRADESH,North
176115,KANGRA,HIMACHAL_PRADESH,North
176081,KANGRA,HIMACHAL_PRADESH,North
176076,KANGRA,HIMACHAL_PRADESH,North
176071,KANGRA,HIMACHAL_PRADESH,North
176077,KANGRA,HIMACHAL_PRADESH,North
176128,KANGRA,HIMACHAL_PRADESH,North
176101,KANGRA,HIMACHAL_PRADESH,North
176095,KANGRA,HIMACHAL_PRADESH,North
176094,KANGRA,HIMACHAL_PRADESH,North
176063,KANGRA,HIMACHAL_PRADESH,North
176093,KANGRA,HIMACHAL_PRADESH,North
176102,KANGRA,HIMACHAL_PRADESH,North
176084,KANGRA,HIMACHAL_PRADESH,North
176087,KANGRA,HIMACHAL_PRADESH,North
176091,KANGRA,HIMACHAL_PRADESH,North
176085,KANGRA,HIMACHAL_PRADESH,North
176107,KANGRA,HIMACHAL_PRADESH,North
176097,KANGRA,HIMACHAL_PRADESH,North
176089,KANGRA,HIMACHAL_PRADESH,North
177114,KANGRA,HIMACHAL_PRADESH,North
177103,KANGRA,HIMACHAL_PRADESH,North
177108,KANGRA,HIMACHAL_PRADESH,North
176033,KANGRA,HIMACHAL_PRADESH,North
176031,KANGRA,HIMACHAL_PRADESH,North
176030,KANGRA,HIMACHAL_PRADESH,North
176036,KANGRA,HIMACHAL_PRADESH,North
177034,KANGRA,HIMACHAL_PRADESH,North
177111,KANGRA,HIMACHAL_PRADESH,North
177043,KANGRA,HIMACHAL_PRADESH,North
176501,KANGRA,HIMACHAL_PRADESH,North
177105,KANGRA,HIMACHAL_PRADESH,North
177112,KANGRA,HIMACHAL_PRADESH,North
176001,KANGRA,HIMACHAL_PRADESH,North
176054,KANGRA,HIMACHAL_PRADESH,North
176021,KANGRA,HIMACHAL_PRADESH,North
176038,KANGRA,HIMACHAL_PRADESH,North
176025,KANGRA,HIMACHAL_PRADESH,North
176209,KANGRA,HIMACHAL_PRADESH,North
176023,KANGRA,HIMACHAL_PRADESH,North
176047,KANGRA,HIMACHAL_PRADESH,North
176027,KANGRA,HIMACHAL_PRADESH,North
176208,KANGRA,HIMACHAL_PRADESH,North
177106,KANGRA,HIMACHAL_PRADESH,North
176502,KANGRA,HIMACHAL_PRADESH,North
176028,KANGRA,HIMACHAL_PRADESH,North
177117,KANGRA,HIMACHAL_PRADESH,North
177104,KANGRA,HIMACHAL_PRADESH,North
177107,KANGRA,HIMACHAL_PRADESH,North
176032,KANGRA,HIMACHAL_PRADESH,North
176053,KANGRA,HIMACHAL_PRADESH,North
176026,KANGRA,HIMACHAL_PRADESH,North
177113,KANGRA,HIMACHAL_PRADESH,North
176055,KANGRA,HIMACHAL_PRADESH,North
177101,KANGRA,HIMACHAL_PRADESH,North
176215,KANGRA,HIMACHAL_PRADESH,North
176218,KANGRA,HIMACHAL_PRADESH,North
176066,KANGRA,HIMACHAL_PRADESH,North
176002,KANGRA,HIMACHAL_PRADESH,North
176062,KANGRA,HIMACHAL_PRADESH,North
176075,KANGRA,HIMACHAL_PRADESH,North
174305,HAMIRPUR,HIMACHAL_PRADESH,North
174309,HAMIRPUR,HIMACHAL_PRADESH,North
174304,HAMIRPUR,HIMACHAL_PRADESH,North
177024,HAMIRPUR,HIMACHAL_PRADESH,North
176041,HAMIRPUR,HIMACHAL_PRADESH,North
176040,HAMIRPUR,HIMACHAL_PRADESH,North
176039,HAMIRPUR,HIMACHAL_PRADESH,North
177118,HAMIRPUR,HIMACHAL_PRADESH,North
177119,HAMIRPUR,HIMACHAL_PRADESH,North
177028,HAMIRPUR,HIMACHAL_PRADESH,North
177040,HAMIRPUR,HIMACHAL_PRADESH,North
177025,HAMIRPUR,HIMACHAL_PRADESH,North
177027,HAMIRPUR,HIMACHAL_PRADESH,North
177041,HAMIRPUR,HIMACHAL_PRADESH,North
177026,HAMIRPUR,HIMACHAL_PRADESH,North
174405,HAMIRPUR,HIMACHAL_PRADESH,North
176048,HAMIRPUR,HIMACHAL_PRADESH,North
177020,HAMIRPUR,HIMACHAL_PRADESH,North
177029,HAMIRPUR,HIMACHAL_PRADESH,North
177033,HAMIRPUR,HIMACHAL_PRADESH,North
174312,HAMIRPUR,HIMACHAL_PRADESH,North
174505,HAMIRPUR,HIMACHAL_PRADESH,North
177401,HAMIRPUR,HIMACHAL_PRADESH,North
177042,HAMIRPUR,HIMACHAL_PRADESH,North
177007,HAMIRPUR,HIMACHAL_PRADESH,North
176109,HAMIRPUR,HIMACHAL_PRADESH,North
177501,HAMIRPUR,HIMACHAL_PRADESH,North
176111,HAMIRPUR,HIMACHAL_PRADESH,North
177048,HAMIRPUR,HIMACHAL_PRADESH,North
177038,HAMIRPUR,HIMACHAL_PRADESH,North
176110,HAMIRPUR,HIMACHAL_PRADESH,North
177023,HAMIRPUR,HIMACHAL_PRADESH,North
177006,HAMIRPUR,HIMACHAL_PRADESH,North
176049,HAMIRPUR,HIMACHAL_PRADESH,North
176042,HAMIRPUR,HIMACHAL_PRADESH,North
177001,HAMIRPUR,HIMACHAL_PRADESH,North
177601,HAMIRPUR,HIMACHAL_PRADESH,North
177044,HAMIRPUR,HIMACHAL_PRADESH,North
176045,HAMIRPUR,HIMACHAL_PRADESH,North
177022,HAMIRPUR,HIMACHAL_PRADESH,North
174311,HAMIRPUR,HIMACHAL_PRADESH,North
177301,HAMIRPUR,HIMACHAL_PRADESH,North
177045,HAMIRPUR,HIMACHAL_PRADESH,North
176043,HAMIRPUR,HIMACHAL_PRADESH,North
176044,HAMIRPUR,HIMACHAL_PRADESH,North
176108,HAMIRPUR,HIMACHAL_PRADESH,North
177021,HAMIRPUR,HIMACHAL_PRADESH,North
177005,HAMIRPUR,HIMACHAL_PRADESH,North
175132,LAHUL AND SPITI,HIMACHAL_PRADESH,North
175140,LAHUL AND SPITI,HIMACHAL_PRADESH,North
175139,LAHUL AND SPITI,HIMACHAL_PRADESH,North
175142,LAHUL AND SPITI,HIMACHAL_PRADESH,North
175133,LAHUL AND SPITI,HIMACHAL_PRADESH,North
172114,LAHUL AND SPITI,HIMACHAL_PRADESH,North
172117,LAHUL AND SPITI,HIMACHAL_PRADESH,North
172113,LAHUL AND SPITI,HIMACHAL_PRADESH,North
175106,MANDI,HIMACHAL_PRADESH,North
175040,MANDI,HIMACHAL_PRADESH,North
175006,MANDI,HIMACHAL_PRADESH,North
175036,MANDI,HIMACHAL_PRADESH,North
175049,MANDI,HIMACHAL_PRADESH,North
175015,MANDI,HIMACHAL_PRADESH,North
175003,MANDI,HIMACHAL_PRADESH,North
175032,MANDI,HIMACHAL_PRADESH,North
175005,MANDI,HIMACHAL_PRADESH,North
175014,MANDI,HIMACHAL_PRADESH,North
175007,MANDI,HIMACHAL_PRADESH,North
175016,MANDI,HIMACHAL_PRADESH,North
175001,MANDI,HIMACHAL_PRADESH,North
175121,MANDI,HIMACHAL_PRADESH,North
175033,MANDI,HIMACHAL_PRADESH,North
175004,MANDI,HIMACHAL_PRADESH,North
175013,MANDI,HIMACHAL_PRADESH,North
175050,MANDI,HIMACHAL_PRADESH,North
175008,MANDI,HIMACHAL_PRADESH,North
175023,MANDI,HIMACHAL_PRADESH,North
175052,MANDI,HIMACHAL_PRADESH,North
175034,MANDI,HIMACHAL_PRADESH,North
176090,MANDI,HIMACHAL_PRADESH,North
175024,MANDI,HIMACHAL_PRADESH,North
175026,MANDI,HIMACHAL_PRADESH,North
175027,MANDI,HIMACHAL_PRADESH,North
175002,MANDI,HIMACHAL_PRADESH,North
175029,MANDI,HIMACHAL_PRADESH,North
175021,MANDI,HIMACHAL_PRADESH,North
175012,MANDI,HIMACHAL_PRADESH,North
175124,MANDI,HIMACHAL_PRADESH,North
175042,MANDI,HIMACHAL_PRADESH,North
175025,MANDI,HIMACHAL_PRADESH,North
175019,MANDI,HIMACHAL_PRADESH,North
175035,MANDI,HIMACHAL_PRADESH,North
175045,MANDI,HIMACHAL_PRADESH,North
175028,MANDI,HIMACHAL_PRADESH,North
175030,MANDI,HIMACHAL_PRADESH,North
175031,MANDI,HIMACHAL_PRADESH,North
175047,MANDI,HIMACHAL_PRADESH,North
175011,MANDI,HIMACHAL_PRADESH,North
175037,MANDI,HIMACHAL_PRADESH,North
175010,MANDI,HIMACHAL_PRADESH,North
175038,MANDI,HIMACHAL_PRADESH,North
175046,MANDI,HIMACHAL_PRADESH,North
175017,MANDI,HIMACHAL_PRADESH,North
175018,MANDI,HIMACHAL_PRADESH,North
175009,MANDI,HIMACHAL_PRADESH,North
175048,MANDI,HIMACHAL_PRADESH,North
175039,MANDI,HIMACHAL_PRADESH,North
175051,MANDI,HIMACHAL_PRADESH,North
175075,MANDI,HIMACHAL_PRADESH,North
175020,MANDI,HIMACHAL_PRADESH,North
175123,KULLU,HIMACHAL_PRADESH,North
175101,KULLU,HIMACHAL_PRADESH,North
175103,KULLU,HIMACHAL_PRADESH,North
175138,KULLU,HIMACHAL_PRADESH,North
175102,KULLU,HIMACHAL_PRADESH,North
175136,KULLU,HIMACHAL_PRADESH,North
175143,KULLU,HIMACHAL_PRADESH,North
175105,KULLU,HIMACHAL_PRADESH,North
175129,KULLU,HIMACHAL_PRADESH,North
175141,KULLU,HIMACHAL_PRADESH,North
175128,KULLU,HIMACHAL_PRADESH,North
175134,KULLU,HIMACHAL_PRADESH,North
175126,KULLU,HIMACHAL_PRADESH,North
175104,KULLU,HIMACHAL_PRADESH,North
175131,KULLU,HIMACHAL_PRADESH,North
175130,KULLU,HIMACHAL_PRADESH,North
175125,KULLU,HIMACHAL_PRADESH,North
172026,KULLU,HIMACHAL_PRADESH,North
172032,KULLU,HIMACHAL_PRADESH,North
172023,KULLU,HIMACHAL_PRADESH,North
172002,KULLU,HIMACHAL_PRADESH,North
172025,KULLU,HIMACHAL_PRADESH,North
172033,KULLU,HIMACHAL_PRADESH,North
174001,BILASPUR,HIMACHAL_PRADESH,North
174024,BILASPUR,HIMACHAL_PRADESH,North
174029,BILASPUR,HIMACHAL_PRADESH,North
174201,BILASPUR,HIMACHAL_PRADESH,North
174034,BILASPUR,HIMACHAL_PRADESH,North
174021,BILASPUR,HIMACHAL_PRADESH,North
174003,BILASPUR,HIMACHAL_PRADESH,North
174028,BILASPUR,HIMACHAL_PRADESH,North
174033,BILASPUR,HIMACHAL_PRADESH,North
174035,BILASPUR,HIMACHAL_PRADESH,North
174026,BILASPUR,HIMACHAL_PRADESH,North
174027,BILASPUR,HIMACHAL_PRADESH,North
174030,BILASPUR,HIMACHAL_PRADESH,North
174036,BILASPUR,HIMACHAL_PRADESH,North
174013,BILASPUR,HIMACHAL_PRADESH,North
174002,BILASPUR,HIMACHAL_PRADESH,North
174015,BILASPUR,HIMACHAL_PRADESH,North
174017,BILASPUR,HIMACHAL_PRADESH,North
174031,BILASPUR,HIMACHAL_PRADESH,North
174004,BILASPUR,HIMACHAL_PRADESH,North
174310,BILASPUR,HIMACHAL_PRADESH,North
174012,BILASPUR,HIMACHAL_PRADESH,North
174011,BILASPUR,HIMACHAL_PRADESH,North
174023,BILASPUR,HIMACHAL_PRADESH,North
174032,BILASPUR,HIMACHAL_PRADESH,North
174005,BILASPUR,HIMACHAL_PRADESH,North
171204,SHIMLA,HIMACHAL_PRADESH,North
171202,SHIMLA,HIMACHAL_PRADESH,North
171217,SHIMLA,HIMACHAL_PRADESH,North
171216,SHIMLA,HIMACHAL_PRADESH,North
171007,SHIMLA,HIMACHAL_PRADESH,North
171213,SHIMLA,HIMACHAL_PRADESH,North
171210,SHIMLA,HIMACHAL_PRADESH,North
171207,SHIMLA,HIMACHAL_PRADESH,North
171224,SHIMLA,HIMACHAL_PRADESH,North
171212,SHIMLA,HIMACHAL_PRADESH,North
171006,SHIMLA,HIMACHAL_PRADESH,North
171221,SHIMLA,HIMACHAL_PRADESH,North
171219,SHIMLA,HIMACHAL_PRADESH,North
171003,SHIMLA,HIMACHAL_PRADESH,North
171225,SHIMLA,HIMACHAL_PRADESH,North
171226,SHIMLA,HIMACHAL_PRADESH,North
171018,SHIMLA,HIMACHAL_PRADESH,North
171220,SHIMLA,HIMACHAL_PRADESH,North
171208,SHIMLA,HIMACHAL_PRADESH,North
171211,SHIMLA,HIMACHAL_PRADESH,North
171012,SHIMLA,HIMACHAL_PRADESH,North
171103,SHIMLA,HIMACHAL_PRADESH,North
171209,SHIMLA,HIMACHAL_PRADESH,North
171206,SHIMLA,HIMACHAL_PRADESH,North
171019,SHIMLA,HIMACHAL_PRADESH,North
171214,SHIMLA,HIMACHAL_PRADESH,North
171205,SHIMLA,HIMACHAL_PRADESH,North
171222,SHIMLA,HIMACHAL_PRADESH,North
171005,SHIMLA,HIMACHAL_PRADESH,North
171014,SHIMLA,HIMACHAL_PRADESH,North
171009,SHIMLA,HIMACHAL_PRADESH,North
171004,SHIMLA,HIMACHAL_PRADESH,North
172001,SHIMLA,HIMACHAL_PRADESH,North
172027,SHIMLA,HIMACHAL_PRADESH,North
172201,SHIMLA,HIMACHAL_PRADESH,North
171201,SHIMLA,HIMACHAL_PRADESH,North
171203,SHIMLA,HIMACHAL_PRADESH,North
171011,SHIMLA,HIMACHAL_PRADESH,North
172021,SHIMLA,HIMACHAL_PRADESH,North
172022,SHIMLA,HIMACHAL_PRADESH,North
171301,SHIMLA,HIMACHAL_PRADESH,North
172024,SHIMLA,HIMACHAL_PRADESH,North
172029,SHIMLA,HIMACHAL_PRADESH,North
172102,SHIMLA,HIMACHAL_PRADESH,North
172030,SHIMLA,HIMACHAL_PRADESH,North
172031,SHIMLA,HIMACHAL_PRADESH,North
171013,SHIMLA,HIMACHAL_PRADESH,North
171001,SHIMLA,HIMACHAL_PRADESH,North
171015,SHIMLA,HIMACHAL_PRADESH,North
172028,SHIMLA,HIMACHAL_PRADESH,North
171008,SHIMLA,HIMACHAL_PRADESH,North
171215,SHIMLA,HIMACHAL_PRADESH,North
171002,SHIMLA,HIMACHAL_PRADESH,North
172034,SHIMLA,HIMACHAL_PRADESH,North
171223,SHIMLA,HIMACHAL_PRADESH,North
171218,SHIMLA,HIMACHAL_PRADESH,North
171010,SHIMLA,HIMACHAL_PRADESH,North
173101,SIRMAUR,HIMACHAL_PRADESH,North
173023,SIRMAUR,HIMACHAL_PRADESH,North
173024,SIRMAUR,HIMACHAL_PRADESH,North
173029,SIRMAUR,HIMACHAL_PRADESH,North
173027,SIRMAUR,HIMACHAL_PRADESH,North
173031,SIRMAUR,HIMACHAL_PRADESH,North
173032,SIRMAUR,HIMACHAL_PRADESH,North
173223,SIRMAUR,HIMACHAL_PRADESH,North
173025,SIRMAUR,HIMACHAL_PRADESH,North
173001,SIRMAUR,HIMACHAL_PRADESH,North
173022,SIRMAUR,HIMACHAL_PRADESH,North
173030,SIRMAUR,HIMACHAL_PRADESH,North
173104,SIRMAUR,HIMACHAL_PRADESH,North
173021,SIRMAUR,HIMACHAL_PRADESH,North
173026,SIRMAUR,HIMACHAL_PRADESH,North
173212,SOLAN,HIMACHAL_PRADESH,North
173208,SOLAN,HIMACHAL_PRADESH,North
173205,SOLAN,HIMACHAL_PRADESH,North
173217,SOLAN,HIMACHAL_PRADESH,North
171102,SOLAN,HIMACHAL_PRADESH,North
173209,SOLAN,HIMACHAL_PRADESH,North
173221,SOLAN,HIMACHAL_PRADESH,North
173225,SOLAN,HIMACHAL_PRADESH,North
173229,SOLAN,HIMACHAL_PRADESH,North
173207,SOLAN,HIMACHAL_PRADESH,North
174101,SOLAN,HIMACHAL_PRADESH,North
173235,SOLAN,HIMACHAL_PRADESH,North
173218,SOLAN,HIMACHAL_PRADESH,North
173204,SOLAN,HIMACHAL_PRADESH,North
173213,SOLAN,HIMACHAL_PRADESH,North
174103,SOLAN,HIMACHAL_PRADESH,North
173215,SOLAN,HIMACHAL_PRADESH,North
173233,SOLAN,HIMACHAL_PRADESH,North
173214,SOLAN,HIMACHAL_PRADESH,North
173206,SOLAN,HIMACHAL_PRADESH,North
173234,SOLAN,HIMACHAL_PRADESH,North
173220,SOLAN,HIMACHAL_PRADESH,North
174102,SOLAN,HIMACHAL_PRADESH,North
173211,SOLAN,HIMACHAL_PRADESH,North
173230,SOLAN,HIMACHAL_PRADESH,North
173222,SOLAN,HIMACHAL_PRADESH,North
173202,SOLAN,HIMACHAL_PRADESH,North
173236,SOLAN,HIMACHAL_PRADESH,North
173210,SOLAN,HIMACHAL_PRADESH,North
173201,SOLAN,HIMACHAL_PRADESH,North
172104,KINNAUR,HIMACHAL_PRADESH,North
172101,KINNAUR,HIMACHAL_PRADESH,North
172107,KINNAUR,HIMACHAL_PRADESH,North
172105,KINNAUR,HIMACHAL_PRADESH,North
172111,KINNAUR,HIMACHAL_PRADESH,North
172116,KINNAUR,HIMACHAL_PRADESH,North
172106,KINNAUR,HIMACHAL_PRADESH,North
172108,KINNAUR,HIMACHAL_PRADESH,North
172118,KINNAUR,HIMACHAL_PRADESH,North
172112,KINNAUR,HIMACHAL_PRADESH,North
172109,KINNAUR,HIMACHAL_PRADESH,North
172110,KINNAUR,HIMACHAL_PRADESH,North
172115,KINNAUR,HIMACHAL_PRADESH,North
172103,KINNAUR,HIMACHAL_PRADESH,North
174315,UNA,HIMACHAL_PRADESH,North
177210,UNA,HIMACHAL_PRADESH,North
177207,UNA,HIMACHAL_PRADESH,North
177209,UNA,HIMACHAL_PRADESH,North
174301,UNA,HIMACHAL_PRADESH,North
177213,UNA,HIMACHAL_PRADESH,North
177220,UNA,HIMACHAL_PRADESH,North
174308,UNA,HIMACHAL_PRADESH,North
174319,UNA,HIMACHAL_PRADESH,North
177208,UNA,HIMACHAL_PRADESH,North
174503,UNA,HIMACHAL_PRADESH,North
177039,UNA,HIMACHAL_PRADESH,North
174321,UNA,HIMACHAL_PRADESH,North
177211,UNA,HIMACHAL_PRADESH,North
177206,UNA,HIMACHAL_PRADESH,North
174507,UNA,HIMACHAL_PRADESH,North
177212,UNA,HIMACHAL_PRADESH,North
177031,UNA,HIMACHAL_PRADESH,North
177219,UNA,HIMACHAL_PRADESH,North
177110,UNA,HIMACHAL_PRADESH,North
174303,UNA,HIMACHAL_PRADESH,North
177203,UNA,HIMACHAL_PRADESH,North
174307,UNA,HIMACHAL_PRADESH,North
177109,UNA,HIMACHAL_PRADESH,North
174316,UNA,HIMACHAL_PRADESH,North
177204,UNA,HIMACHAL_PRADESH,North
174306,UNA,HIMACHAL_PRADESH,North
176601,UNA,HIMACHAL_PRADESH,North
177201,UNA,HIMACHAL_PRADESH,North
174302,UNA,HIMACHAL_PRADESH,North
174314,UNA,HIMACHAL_PRADESH,North
174317,UNA,HIMACHAL_PRADESH,North
177202,UNA,HIMACHAL_PRADESH,North
177205,UNA,HIMACHAL_PRADESH,North
174320,UNA,HIMACHAL_PRADESH,North
176314,CHAMBA,HIMACHAL_PRADESH,North
176312,CHAMBA,HIMACHAL_PRADESH,North
176311,CHAMBA,HIMACHAL_PRADESH,North
176321,CHAMBA,HIMACHAL_PRADESH,North
176319,CHAMBA,HIMACHAL_PRADESH,North
176320,CHAMBA,HIMACHAL_PRADESH,North
176207,CHAMBA,HIMACHAL_PRADESH,North
176301,CHAMBA,HIMACHAL_PRADESH,North
176308,CHAMBA,HIMACHAL_PRADESH,North
176316,CHAMBA,HIMACHAL_PRADESH,North
176315,CHAMBA,HIMACHAL_PRADESH,North
176302,CHAMBA,HIMACHAL_PRADESH,North
176326,CHAMBA,HIMACHAL_PRADESH,North
176309,CHAMBA,HIMACHAL_PRADESH,North
176318,CHAMBA,HIMACHAL_PRADESH,North
176323,CHAMBA,HIMACHAL_PRADESH,North
176325,CHAMBA,HIMACHAL_PRADESH,North
176303,CHAMBA,HIMACHAL_PRADESH,North
176324,CHAMBA,HIMACHAL_PRADESH,North
176313,CHAMBA,HIMACHAL_PRADESH,North
176306,CHAMBA,HIMACHAL_PRADESH,North
176310,CHAMBA,HIMACHAL_PRADESH,North
176304,CHAMBA,HIMACHAL_PRADESH,North
176305,CHAMBA,HIMACHAL_PRADESH,North
176317,CHAMBA,HIMACHAL_PRADESH,North
192201,ANANTNAG,SRINAGAR,North
192124,ANANTNAG,SRINAGAR,North
192211,ANANTNAG,SRINAGAR,North
192202,ANANTNAG,SRINAGAR,North
192126,ANANTNAG,SRINAGAR,North
192221,ANANTNAG,SRINAGAR,North
192129,ANANTNAG,SRINAGAR,North
192210,ANANTNAG,SRINAGAR,North
192101,ANANTNAG,SRINAGAR,North
192125,ANANTNAG,SRINAGAR,North
192401,ANANTNAG,SRINAGAR,North
192212,ANANTNAG,SRINAGAR,North
185121,POONCH,JAMMU,North
185211,POONCH,JAMMU,North
185102,POONCH,JAMMU,North
185101,POONCH,JAMMU,North
185201,RAJOURI,JAMMU,North
185153,RAJOURI,JAMMU,North
185212,RAJOURI,JAMMU,North
185133,RAJOURI,JAMMU,North
185131,RAJOURI,JAMMU,North
185155,RAJOURI,JAMMU,North
185233,RAJOURI,JAMMU,North
185132,RAJOURI,JAMMU,North
185202,RAJOURI,JAMMU,North
185156,RAJOURI,JAMMU,North
185152,RAJOURI,JAMMU,North
185151,RAJOURI,JAMMU,North
185135,RAJOURI,JAMMU,North
185234,RAJOURI,JAMMU,North
192305,PULWAMA,SRINAGAR,North
192302,PULWAMA,SRINAGAR,North
192301,PULWAMA,SRINAGAR,North
192122,PULWAMA,SRINAGAR,North
192306,PULWAMA,SRINAGAR,North
192304,PULWAMA,SRINAGAR,North
192123,PULWAMA,SRINAGAR,North
192121,PULWAMA,SRINAGAR,North
191103,PULWAMA,SRINAGAR,North
191102,PULWAMA,SRINAGAR,North
182313,REASI,JAMMU,North
182312,REASI,JAMMU,North
182301,REASI,JAMMU,North
182315,REASI,JAMMU,North
185203,REASI,JAMMU,North
182320,REASI,JAMMU,North
182311,REASI,JAMMU,North
182222,DODA,JAMMU,North
182202,DODA,JAMMU,North
182201,DODA,JAMMU,North
182147,DODA,JAMMU,North
182203,DODA,JAMMU,North
182221,DODA,JAMMU,North
182207,DODA,JAMMU,North
182204,KISHTWAR,JAMMU,North
182205,KISHTWAR,JAMMU,North
182206,KISHTWAR,JAMMU,North
182143,RAMBAN,JAMMU,North
182146,RAMBAN,JAMMU,North
182148,RAMBAN,JAMMU,North
182144,RAMBAN,JAMMU,North
182145,RAMBAN,JAMMU,North
182121,UDHAMPUR,JAMMU,North
182141,UDHAMPUR,JAMMU,North
182124,UDHAMPUR,JAMMU,North
182142,UDHAMPUR,JAMMU,North
182127,UDHAMPUR,JAMMU,North
182128,UDHAMPUR,JAMMU,North
182125,UDHAMPUR,JAMMU,North
182161,UDHAMPUR,JAMMU,North
182122,UDHAMPUR,JAMMU,North
184205,UDHAMPUR,JAMMU,North
182126,UDHAMPUR,JAMMU,North
182101,UDHAMPUR,JAMMU,North
182104,UDHAMPUR,JAMMU,North
192233,KULGAM,SRINAGAR,North
192231,KULGAM,SRINAGAR,North
192232,KULGAM,SRINAGAR,North
192303,SHOPIAN,SRINAGAR,North
193101,BARAMULLA,SRINAGAR,North
193201,BARAMULLA,SRINAGAR,North
193123,BARAMULLA,SRINAGAR,North
193301,BARAMULLA,SRINAGAR,North
193109,BARAMULLA,SRINAGAR,North
193103,BARAMULLA,SRINAGAR,North
193108,BARAMULLA,SRINAGAR,North
193122,BARAMULLA,SRINAGAR,North
193121,BARAMULLA,SRINAGAR,North
193303,BARAMULLA,SRINAGAR,North
193402,BARAMULLA,SRINAGAR,North
193404,BARAMULLA,SRINAGAR,North
193403,BARAMULLA,SRINAGAR,North
181133,SAMBA,JAMMU,North
181143,SAMBA,JAMMU,North
181145,SAMBA,JAMMU,North
184121,SAMBA,JAMMU,North
184120,SAMBA,JAMMU,North
181141,SAMBA,JAMMU,North
181132,JAMMU,JAMMU,North
181101,JAMMU,JAMMU,North
181102,JAMMU,JAMMU,North
180011,JAMMU,JAMMU,North
181201,JAMMU,JAMMU,North
185154,JAMMU,JAMMU,North
181131,JAMMU,JAMMU,North
180010,JAMMU,JAMMU,North
181111,JAMMU,JAMMU,North
180003,JAMMU,JAMMU,North
181123,JAMMU,JAMMU,North
181122,JAMMU,JAMMU,North
181224,JAMMU,JAMMU,North
180012,JAMMU,JAMMU,North
181206,JAMMU,JAMMU,North
181202,JAMMU,JAMMU,North
181221,JAMMU,JAMMU,North
181203,JAMMU,JAMMU,North
181121,JAMMU,JAMMU,North
181207,JAMMU,JAMMU,North
180002,JAMMU,JAMMU,North
180017,JAMMU,JAMMU,North
181204,JAMMU,JAMMU,North
180001,JAMMU,JAMMU,North
180004,JAMMU,JAMMU,North
181152,JAMMU,JAMMU,North
180015,JAMMU,JAMMU,North
180009,JAMMU,JAMMU,North
180020,JAMMU,JAMMU,North
180018,JAMMU,JAMMU,North
180006,JAMMU,JAMMU,North
180005,JAMMU,JAMMU,North
181124,JAMMU,JAMMU,North
180007,JAMMU,JAMMU,North
181205,JAMMU,JAMMU,North
180013,JAMMU,JAMMU,North
180016,JAMMU,JAMMU,North
180019,JAMMU,JAMMU,North
193504,BANDIPORA,SRINAGAR,North
193501,BANDIPORA,SRINAGAR,North
193502,BANDIPORA,SRINAGAR,North
193505,BANDIPORA,SRINAGAR,North
193503,BANDIPORA,SRINAGAR,North
193223,KUPWARA,SRINAGAR,North
193225,KUPWARA,SRINAGAR,North
193224,KUPWARA,SRINAGAR,North
193221,KUPWARA,SRINAGAR,North
193222,KUPWARA,SRINAGAR,North
193302,KUPWARA,SRINAGAR,North
184144,KATHUA,JAMMU,North
184142,KATHUA,JAMMU,North
184102,KATHUA,JAMMU,North
184152,KATHUA,JAMMU,North
184202,KATHUA,JAMMU,North
184104,KATHUA,JAMMU,North
184151,KATHUA,JAMMU,North
184145,KATHUA,JAMMU,North
184148,KATHUA,JAMMU,North
184141,KATHUA,JAMMU,North
184206,KATHUA,JAMMU,North
184143,KATHUA,JAMMU,North
184201,KATHUA,JAMMU,North
184204,KATHUA,JAMMU,North
184203,KATHUA,JAMMU,North
184101,KATHUA,JAMMU,North
193411,BUDGAM,SRINAGAR,North
191111,BUDGAM,SRINAGAR,North
191113,BUDGAM,SRINAGAR,North
193401,BUDGAM,SRINAGAR,North
191112,BUDGAM,SRINAGAR,North
190018,BUDGAM,SRINAGAR,North
190014,BUDGAM,SRINAGAR,North
190021,BUDGAM,SRINAGAR,North
191132,BUDGAM,SRINAGAR,North
190007,BUDGAM,SRINAGAR,North
191201,GANDERBAL,SRINAGAR,North
191202,GANDERBAL,SRINAGAR,North
191131,GANDERBAL,SRINAGAR,North
190015,SRINAGAR,SRINAGAR,North
191121,SRINAGAR,SRINAGAR,North
190006,SRINAGAR,SRINAGAR,North
190008,SRINAGAR,SRINAGAR,North
190011,SRINAGAR,SRINAGAR,North
191101,SRINAGAR,SRINAGAR,North
190017,SRINAGAR,SRINAGAR,North
190003,SRINAGAR,SRINAGAR,North
190001,SRINAGAR,SRINAGAR,North
190010,SRINAGAR,SRINAGAR,North
190002,SRINAGAR,SRINAGAR,North
190009,SRINAGAR,SRINAGAR,North
190005,SRINAGAR,SRINAGAR,North
190004,SRINAGAR,SRINAGAR,North
190023,SRINAGAR,SRINAGAR,North
190012,SRINAGAR,SRINAGAR,North
190020,SRINAGAR,SRINAGAR,North
190019,SRINAGAR,SRINAGAR,North
190025,SRINAGAR,SRINAGAR,North
190024,SRINAGAR,SRINAGAR,North
827016,BOKARO,JHARKHAND,East
825315,BOKARO,JHARKHAND,East
828403,BOKARO,JHARKHAND,East
829111,BOKARO,JHARKHAND,East
829112,BOKARO,JHARKHAND,East
829132,BOKARO,JHARKHAND,East
829107,BOKARO,JHARKHAND,East
829114,BOKARO,JHARKHAND,East
829104,BOKARO,JHARKHAND,East
825102,BOKARO,JHARKHAND,East
829113,BOKARO,JHARKHAND,East
829121,BOKARO,JHARKHAND,East
829144,BOKARO,JHARKHAND,East
829123,BOKARO,JHARKHAND,East
829127,BOKARO,JHARKHAND,East
829128,BOKARO,JHARKHAND,East
827010,BOKARO,JHARKHAND,East
828134,BOKARO,JHARKHAND,East
827013,BOKARO,JHARKHAND,East
829301,BOKARO,JHARKHAND,East
827302,BOKARO,JHARKHAND,East
828303,BOKARO,JHARKHAND,East
827009,BOKARO,JHARKHAND,East
827001,BOKARO,JHARKHAND,East
829149,BOKARO,JHARKHAND,East
829129,BOKARO,JHARKHAND,East
827006,BOKARO,JHARKHAND,East
827004,BOKARO,JHARKHAND,East
827015,BOKARO,JHARKHAND,East
827014,BOKARO,JHARKHAND,East
827012,BOKARO,JHARKHAND,East
829116,BOKARO,JHARKHAND,East
827003,BOKARO,JHARKHAND,East
828404,BOKARO,JHARKHAND,East
825103,CHATRA,JHARKHAND,East
825321,CHATRA,JHARKHAND,East
825414,CHATRA,JHARKHAND,East
829201,CHATRA,JHARKHAND,East
825408,CHATRA,JHARKHAND,East
825403,CHATRA,JHARKHAND,East
825404,CHATRA,JHARKHAND,East
825401,CHATRA,JHARKHAND,East
825415,CHATRA,JHARKHAND,East
829143,RAMGARH,JHARKHAND,East
829101,RAMGARH,JHARKHAND,East
829102,RAMGARH,JHARKHAND,East
829105,RAMGARH,JHARKHAND,East
829110,RAMGARH,JHARKHAND,East
829117,RAMGARH,JHARKHAND,East
829118,RAMGARH,JHARKHAND,East
829134,RAMGARH,JHARKHAND,East
829133,RAMGARH,JHARKHAND,East
829106,RAMGARH,JHARKHAND,East
825101,RAMGARH,JHARKHAND,East
825325,RAMGARH,JHARKHAND,East
825316,RAMGARH,JHARKHAND,East
829119,RAMGARH,JHARKHAND,East
829150,RAMGARH,JHARKHAND,East
825330,RAMGARH,JHARKHAND,East
829103,RAMGARH,JHARKHAND,East
829109,RAMGARH,JHARKHAND,East
825314,RAMGARH,JHARKHAND,East
829122,RAMGARH,JHARKHAND,East
825326,RAMGARH,JHARKHAND,East
829130,RAMGARH,JHARKHAND,East
829131,RAMGARH,JHARKHAND,East
829108,RAMGARH,JHARKHAND,East
829135,RAMGARH,JHARKHAND,East
829125,RAMGARH,JHARKHAND,East
829126,RAMGARH,JHARKHAND,East
822123,PALAMU,JHARKHAND,East
822132,PALAMU,JHARKHAND,East
822124,PALAMU,JHARKHAND,East
822126,PALAMU,JHARKHAND,East
822122,PALAMU,JHARKHAND,East
822110,PALAMU,JHARKHAND,East
822113,PALAMU,JHARKHAND,East
822102,PALAMU,JHARKHAND,East
822115,PALAMU,JHARKHAND,East
822131,PALAMU,JHARKHAND,East
822116,PALAMU,JHARKHAND,East
822118,PALAMU,JHARKHAND,East
822101,PALAMU,JHARKHAND,East
822117,PALAMU,JHARKHAND,East
825405,HAZARIBAGH,JHARKHAND,East
825411,HAZARIBAGH,JHARKHAND,East
825406,HAZARIBAGH,JHARKHAND,East
825302,HAZARIBAGH,JHARKHAND,East
825313,HAZARIBAGH,JHARKHAND,East
825402,HAZARIBAGH,JHARKHAND,East
825303,HAZARIBAGH,JHARKHAND,East
825319,HAZARIBAGH,JHARKHAND,East
825312,HAZARIBAGH,JHARKHAND,East
825311,HAZARIBAGH,JHARKHAND,East
825323,HAZARIBAGH,JHARKHAND,East
825336,HAZARIBAGH,JHARKHAND,East
825317,HAZARIBAGH,JHARKHAND,East
825301,HAZARIBAGH,JHARKHAND,East
822112,GARHWA,JHARKHAND,East
822129,GARHWA,JHARKHAND,East
822114,GARHWA,JHARKHAND,East
822133,GARHWA,JHARKHAND,East
822120,GARHWA,JHARKHAND,East
822121,GARHWA,JHARKHAND,East
822134,GARHWA,JHARKHAND,East
822125,GARHWA,JHARKHAND,East
822128,GARHWA,JHARKHAND,East
815352,JAMTARA,JHARKHAND,East
815355,JAMTARA,JHARKHAND,East
815359,JAMTARA,JHARKHAND,East
815354,JAMTARA,JHARKHAND,East
815351,JAMTARA,JHARKHAND,East
814166,JAMTARA,JHARKHAND,East
814165,GODDA,JHARKHAND,East
814154,GODDA,JHARKHAND,East
814160,GODDA,JHARKHAND,East
814147,GODDA,JHARKHAND,East
814153,GODDA,JHARKHAND,East
814156,GODDA,JHARKHAND,East
814133,GODDA,JHARKHAND,East
814155,GODDA,JHARKHAND,East
813208,GODDA,JHARKHAND,East
815357,DEOGHAR,JHARKHAND,East
814143,DEOGHAR,JHARKHAND,East
815353,DEOGHAR,JHARKHAND,East
814152,DEOGHAR,JHARKHAND,East
814149,DEOGHAR,JHARKHAND,East
814150,DEOGHAR,JHARKHAND,East
814114,DEOGHAR,JHARKHAND,East
814113,DEOGHAR,JHARKHAND,East
814142,DEOGHAR,JHARKHAND,East
814157,DEOGHAR,JHARKHAND,East
814146,DEOGHAR,JHARKHAND,East
814112,DEOGHAR,JHARKHAND,East
814115,DEOGHAR,JHARKHAND,East
814116,DEOGHAR,JHARKHAND,East
822111,LATEHAR,JHARKHAND,East
829202,LATEHAR,JHARKHAND,East
829203,LATEHAR,JHARKHAND,East
822119,LATEHAR,JHARKHAND,East
829204,LATEHAR,JHARKHAND,East
829207,LATEHAR,JHARKHAND,East
829206,LATEHAR,JHARKHAND,East
814151,DUMKA,JHARKHAND,East
814120,DUMKA,JHARKHAND,East
814148,DUMKA,JHARKHAND,East
814102,DUMKA,JHARKHAND,East
816118,DUMKA,JHARKHAND,East
814110,DUMKA,JHARKHAND,East
814118,DUMKA,JHARKHAND,East
814158,DUMKA,JHARKHAND,East
814141,DUMKA,JHARKHAND,East
814103,DUMKA,JHARKHAND,East
814119,DUMKA,JHARKHAND,East
814144,DUMKA,JHARKHAND,East
816103,DUMKA,JHARKHAND,East
814145,DUMKA,JHARKHAND,East
814101,DUMKA,JHARKHAND,East
814167,DUMKA,JHARKHAND,East
814111,PAKUR,JHARKHAND,East
816117,PAKUR,JHARKHAND,East
816104,PAKUR,JHARKHAND,East
816106,PAKUR,JHARKHAND,East
816107,PAKUR,JHARKHAND,East
816102,SAHEBGANJ,JHARKHAND,East
816108,SAHEBGANJ,JHARKHAND,East
816109,SAHEBGANJ,JHARKHAND,East
816129,SAHEBGANJ,JHARKHAND,East
816116,SAHEBGANJ,JHARKHAND,East
816110,SAHEBGANJ,JHARKHAND,East
816101,SAHEBGANJ,JHARKHAND,East
816120,SAHEBGANJ,JHARKHAND,East
816105,SAHEBGANJ,JHARKHAND,East
816115,SAHEBGANJ,JHARKHAND,East
825413,KODERMA,JHARKHAND,East
825418,KODERMA,JHARKHAND,East
825109,KODERMA,JHARKHAND,East
825409,KODERMA,JHARKHAND,East
825410,KODERMA,JHARKHAND,East
825318,KODERMA,JHARKHAND,East
825132,KODERMA,JHARKHAND,East
825407,KODERMA,JHARKHAND,East
825421,KODERMA,JHARKHAND,East
828109,DHANBAD,JHARKHAND,East
826004,DHANBAD,JHARKHAND,East
828110,DHANBAD,JHARKHAND,East
828111,DHANBAD,JHARKHAND,East
828113,DHANBAD,JHARKHAND,East
828203,DHANBAD,JHARKHAND,East
828116,DHANBAD,JHARKHAND,East
828305,DHANBAD,JHARKHAND,East
828129,DHANBAD,JHARKHAND,East
828205,DHANBAD,JHARKHAND,East
826006,DHANBAD,JHARKHAND,East
828204,DHANBAD,JHARKHAND,East
828121,DHANBAD,JHARKHAND,East
828402,DHANBAD,JHARKHAND,East
828115,DHANBAD,JHARKHAND,East
828117,DHANBAD,JHARKHAND,East
828131,DHANBAD,JHARKHAND,East
828304,DHANBAD,JHARKHAND,East
828142,DHANBAD,JHARKHAND,East
828306,DHANBAD,JHARKHAND,East
828201,DHANBAD,JHARKHAND,East
828101,DHANBAD,JHARKHAND,East
828301,DHANBAD,JHARKHAND,East
828302,DHANBAD,JHARKHAND,East
828202,DHANBAD,JHARKHAND,East
828307,DHANBAD,JHARKHAND,East
828114,DHANBAD,JHARKHAND,East
828125,DHANBAD,JHARKHAND,East
828112,DHANBAD,JHARKHAND,East
828104,DHANBAD,JHARKHAND,East
828401,DHANBAD,JHARKHAND,East
828106,DHANBAD,JHARKHAND,East
826001,DHANBAD,JHARKHAND,East
826005,DHANBAD,JHARKHAND,East
828128,DHANBAD,JHARKHAND,East
828124,DHANBAD,JHARKHAND,East
828108,DHANBAD,JHARKHAND,East
826003,DHANBAD,JHARKHAND,East
828122,DHANBAD,JHARKHAND,East
828126,DHANBAD,JHARKHAND,East
826008,DHANBAD,JHARKHAND,East
826007,DHANBAD,JHARKHAND,East
828103,DHANBAD,JHARKHAND,East
828135,DHANBAD,JHARKHAND,East
826009,DHANBAD,JHARKHAND,East
826011,DHANBAD,JHARKHAND,East
828119,DHANBAD,JHARKHAND,East
828123,DHANBAD,JHARKHAND,East
826010,DHANBAD,JHARKHAND,East
828309,DHANBAD,JHARKHAND,East
828130,DHANBAD,JHARKHAND,East
828133,DHANBAD,JHARKHAND,East
828107,DHANBAD,JHARKHAND,East
828132,DHANBAD,JHARKHAND,East
828105,DHANBAD,JHARKHAND,East
828207,DHANBAD,JHARKHAND,East
828120,DHANBAD,JHARKHAND,East
828206,DHANBAD,JHARKHAND,East
828127,DHANBAD,JHARKHAND,East
835225,RANCHI,JHARKHAND,East
835102,RANCHI,JHARKHAND,East
835204,RANCHI,JHARKHAND,East
835101,RANCHI,JHARKHAND,East
834004,RANCHI,JHARKHAND,East
834003,RANCHI,JHARKHAND,East
835214,RANCHI,JHARKHAND,East
834012,RANCHI,JHARKHAND,East
835219,RANCHI,JHARKHAND,East
835303,RANCHI,JHARKHAND,East
834009,RANCHI,JHARKHAND,East
835222,RANCHI,JHARKHAND,East
835217,RANCHI,JHARKHAND,East
829209,RANCHI,JHARKHAND,East
834010,RANCHI,JHARKHAND,East
835202,RANCHI,JHARKHAND,East
835205,RANCHI,JHARKHAND,East
835301,RANCHI,JHARKHAND,East
834006,RANCHI,JHARKHAND,East
829208,RANCHI,JHARKHAND,East
834002,RANCHI,JHARKHAND,East
829205,RANCHI,JHARKHAND,East
829210,RANCHI,JHARKHAND,East
835103,RANCHI,JHARKHAND,East
835221,RANCHI,JHARKHAND,East
834001,RANCHI,JHARKHAND,East
834013,RANCHI,JHARKHAND,East
834008,RANCHI,JHARKHAND,East
834007,RANCHI,JHARKHAND,East
834014,RANCHI,JHARKHAND,East
834005,RANCHI,JHARKHAND,East
835215,RANCHI,JHARKHAND,East
834011,RANCHI,JHARKHAND,East
,BHAGALPUR,JHARKHAND,East
825322,GIRIDIH,JHARKHAND,East
815312,GIRIDIH,JHARKHAND,East
825106,GIRIDIH,JHARKHAND,East
815302,GIRIDIH,JHARKHAND,East
815318,GIRIDIH,JHARKHAND,East
815314,GIRIDIH,JHARKHAND,East
815313,GIRIDIH,JHARKHAND,East
825167,GIRIDIH,JHARKHAND,East
815311,GIRIDIH,JHARKHAND,East
815315,GIRIDIH,JHARKHAND,East
815317,GIRIDIH,JHARKHAND,East
815316,GIRIDIH,JHARKHAND,East
825324,GIRIDIH,JHARKHAND,East
825108,GIRIDIH,JHARKHAND,East
825412,GIRIDIH,JHARKHAND,East
825320,GIRIDIH,JHARKHAND,East
815301,GIRIDIH,JHARKHAND,East
825329,GIRIDIH,JHARKHAND,East
835234,KHUNTI,JHARKHAND,East
835209,KHUNTI,JHARKHAND,East
835210,KHUNTI,JHARKHAND,East
835216,KHUNTI,JHARKHAND,East
835227,KHUNTI,JHARKHAND,East
835325,LOHARDAGA,JHARKHAND,East
835302,LOHARDAGA,JHARKHAND,East
835213,LOHARDAGA,JHARKHAND,East
833102,WEST SINGHBHUM,JHARKHAND,East
833106,WEST SINGHBHUM,JHARKHAND,East
833103,WEST SINGHBHUM,JHARKHAND,East
833214,WEST SINGHBHUM,JHARKHAND,East
833221,WEST SINGHBHUM,JHARKHAND,East
833203,WEST SINGHBHUM,JHARKHAND,East
833215,WEST SINGHBHUM,JHARKHAND,East
833104,WEST SINGHBHUM,JHARKHAND,East
833218,WEST SINGHBHUM,JHARKHAND,East
833105,WEST SINGHBHUM,JHARKHAND,East
833217,WEST SINGHBHUM,JHARKHAND,East
833202,WEST SINGHBHUM,JHARKHAND,East
833204,WEST SINGHBHUM,JHARKHAND,East
833201,WEST SINGHBHUM,JHARKHAND,East
833212,WEST SINGHBHUM,JHARKHAND,East
833213,WEST SINGHBHUM,JHARKHAND,East
833223,WEST SINGHBHUM,JHARKHAND,East
833222,WEST SINGHBHUM,JHARKHAND,East
835232,GUMLA,JHARKHAND,East
835230,GUMLA,JHARKHAND,East
835220,GUMLA,JHARKHAND,East
835224,GUMLA,JHARKHAND,East
835233,GUMLA,JHARKHAND,East
835218,GUMLA,JHARKHAND,East
835229,GUMLA,JHARKHAND,East
835203,GUMLA,JHARKHAND,East
835231,GUMLA,JHARKHAND,East
835206,GUMLA,JHARKHAND,East
835208,GUMLA,JHARKHAND,East
835207,GUMLA,JHARKHAND,East
835223,SIMDEGA,JHARKHAND,East
835226,SIMDEGA,JHARKHAND,East
835201,SIMDEGA,JHARKHAND,East
835228,SIMDEGA,JHARKHAND,East
835235,SIMDEGA,JHARKHAND,East
835211,SIMDEGA,JHARKHAND,East
835212,SIMDEGA,JHARKHAND,East
833101,SARAIKELA KHARSAWAN,JHARKHAND,East
833216,SARAIKELA KHARSAWAN,JHARKHAND,East
833219,SARAIKELA KHARSAWAN,JHARKHAND,East
833220,SARAIKELA KHARSAWAN,JHARKHAND,East
832404,SARAIKELA KHARSAWAN,JHARKHAND,East
832401,SARAIKELA KHARSAWAN,JHARKHAND,East
832108,SARAIKELA KHARSAWAN,JHARKHAND,East
832403,SARAIKELA KHARSAWAN,JHARKHAND,East
832402,SARAIKELA KHARSAWAN,JHARKHAND,East
831014,SARAIKELA KHARSAWAN,JHARKHAND,East
832109,SARAIKELA KHARSAWAN,JHARKHAND,East
831013,SARAIKELA KHARSAWAN,JHARKHAND,East
832101,EAST SINGHBUM,JHARKHAND,East
832301,EAST SINGHBUM,JHARKHAND,East
832302,EAST SINGHBUM,JHARKHAND,East
832303,EAST SINGHBUM,JHARKHAND,East
832102,EAST SINGHBUM,JHARKHAND,East
832304,EAST SINGHBUM,JHARKHAND,East
831012,EAST SINGHBUM,JHARKHAND,East
832104,EAST SINGHBUM,JHARKHAND,East
832105,EAST SINGHBUM,JHARKHAND,East
832106,EAST SINGHBUM,JHARKHAND,East
831002,EAST SINGHBUM,JHARKHAND,East
831004,EAST SINGHBUM,JHARKHAND,East
832112,EAST SINGHBUM,JHARKHAND,East
832107,EAST SINGHBUM,JHARKHAND,East
831001,EAST SINGHBUM,JHARKHAND,East
831005,EAST SINGHBUM,JHARKHAND,East
831021,EAST SINGHBUM,JHARKHAND,East
832113,EAST SINGHBUM,JHARKHAND,East
831009,EAST SINGHBUM,JHARKHAND,East
831007,EAST SINGHBUM,JHARKHAND,East
832111,EAST SINGHBUM,JHARKHAND,East
831019,EAST SINGHBUM,JHARKHAND,East
831006,EAST SINGHBUM,JHARKHAND,East
831011,EAST SINGHBUM,JHARKHAND,East
831020,EAST SINGHBUM,JHARKHAND,East
831017,EAST SINGHBUM,JHARKHAND,East
831015,EAST SINGHBUM,JHARKHAND,East
831003,EAST SINGHBUM,JHARKHAND,East
832103,EAST SINGHBUM,JHARKHAND,East
831016,EAST SINGHBUM,JHARKHAND,East
472445,NIWARI,MADHYA_PRADESH,Central
472337,NIWARI,MADHYA_PRADESH,Central
472442,NIWARI,MADHYA_PRADESH,Central
472246,NIWARI,MADHYA_PRADESH,Central
472336,NIWARI,MADHYA_PRADESH,Central
472447,NIWARI,MADHYA_PRADESH,Central
488059,PANNA,MADHYA_PRADESH,Central
488441,PANNA,MADHYA_PRADESH,Central
488333,PANNA,MADHYA_PRADESH,Central
488222,PANNA,MADHYA_PRADESH,Central
488050,PANNA,MADHYA_PRADESH,Central
488001,PANNA,MADHYA_PRADESH,Central
488446,PANNA,MADHYA_PRADESH,Central
488448,PANNA,MADHYA_PRADESH,Central
488442,PANNA,MADHYA_PRADESH,Central
488443,PANNA,MADHYA_PRADESH,Central
488220,PANNA,MADHYA_PRADESH,Central
480997,SEONI,MADHYA_PRADESH,Central
480661,SEONI,MADHYA_PRADESH,Central
480887,SEONI,MADHYA_PRADESH,Central
480771,SEONI,MADHYA_PRADESH,Central
480882,SEONI,MADHYA_PRADESH,Central
480667,SEONI,MADHYA_PRADESH,Central
480888,SEONI,MADHYA_PRADESH,Central
480999,SEONI,MADHYA_PRADESH,Central
480990,SEONI,MADHYA_PRADESH,Central
480994,SEONI,MADHYA_PRADESH,Central
480991,SEONI,MADHYA_PRADESH,Central
480880,SEONI,MADHYA_PRADESH,Central
480886,SEONI,MADHYA_PRADESH,Central
480996,SEONI,MADHYA_PRADESH,Central
480884,SEONI,MADHYA_PRADESH,Central
480881,SEONI,MADHYA_PRADESH,Central
464770,RAISEN,MADHYA_PRADESH,Central
464573,RAISEN,MADHYA_PRADESH,Central
464993,RAISEN,MADHYA_PRADESH,Central
464661,RAISEN,MADHYA_PRADESH,Central
462046,RAISEN,MADHYA_PRADESH,Central
464551,RAISEN,MADHYA_PRADESH,Central
464665,RAISEN,MADHYA_PRADESH,Central
464672,RAISEN,MADHYA_PRADESH,Central
464668,RAISEN,MADHYA_PRADESH,Central
464570,RAISEN,MADHYA_PRADESH,Central
464881,RAISEN,MADHYA_PRADESH,Central
464774,RAISEN,MADHYA_PRADESH,Central
464884,RAISEN,MADHYA_PRADESH,Central
464990,RAISEN,MADHYA_PRADESH,Central
464671,RAISEN,MADHYA_PRADESH,Central
464776,RAISEN,MADHYA_PRADESH,Central
464651,RAISEN,MADHYA_PRADESH,Central
464886,RAISEN,MADHYA_PRADESH,Central
464986,RAISEN,MADHYA_PRADESH,Central
454010,DHAR,MADHYA_PRADESH,Central
454335,DHAR,MADHYA_PRADESH,Central
454116,DHAR,MADHYA_PRADESH,Central
454111,DHAR,MADHYA_PRADESH,Central
454774,DHAR,MADHYA_PRADESH,Central
454001,DHAR,MADHYA_PRADESH,Central
454441,DHAR,MADHYA_PRADESH,Central
454660,DHAR,MADHYA_PRADESH,Central
454221,DHAR,MADHYA_PRADESH,Central
454552,DHAR,MADHYA_PRADESH,Central
454449,DHAR,MADHYA_PRADESH,Central
454665,DHAR,MADHYA_PRADESH,Central
454331,DHAR,MADHYA_PRADESH,Central
454446,DHAR,MADHYA_PRADESH,Central
454773,DHAR,MADHYA_PRADESH,Central
454775,DHAR,MADHYA_PRADESH,Central
451001,KHARGONE,MADHYA_PRADESH,Central
451228,KHARGONE,MADHYA_PRADESH,Central
451224,KHARGONE,MADHYA_PRADESH,Central
451115,KHARGONE,MADHYA_PRADESH,Central
451221,KHARGONE,MADHYA_PRADESH,Central
451332,KHARGONE,MADHYA_PRADESH,Central
451113,KHARGONE,MADHYA_PRADESH,Central
451331,KHARGONE,MADHYA_PRADESH,Central
451441,KHARGONE,MADHYA_PRADESH,Central
451335,KHARGONE,MADHYA_PRADESH,Central
451220,KHARGONE,MADHYA_PRADESH,Central
451225,KHARGONE,MADHYA_PRADESH,Central
451111,KHARGONE,MADHYA_PRADESH,Central
451442,KHARGONE,MADHYA_PRADESH,Central
451440,KHARGONE,MADHYA_PRADESH,Central
482001,JABALPUR,MADHYA_PRADESH,Central
482004,JABALPUR,MADHYA_PRADESH,Central
483001,JABALPUR,MADHYA_PRADESH,Central
483225,JABALPUR,MADHYA_PRADESH,Central
482003,JABALPUR,MADHYA_PRADESH,Central
482002,JABALPUR,MADHYA_PRADESH,Central
483105,JABALPUR,MADHYA_PRADESH,Central
483110,JABALPUR,MADHYA_PRADESH,Central
483220,JABALPUR,MADHYA_PRADESH,Central
483113,JABALPUR,MADHYA_PRADESH,Central
482021,JABALPUR,MADHYA_PRADESH,Central
483119,JABALPUR,MADHYA_PRADESH,Central
482008,JABALPUR,MADHYA_PRADESH,Central
483222,JABALPUR,MADHYA_PRADESH,Central
483336,JABALPUR,MADHYA_PRADESH,Central
482056,JABALPUR,MADHYA_PRADESH,Central
482051,JABALPUR,MADHYA_PRADESH,Central
483053,JABALPUR,MADHYA_PRADESH,Central
482005,JABALPUR,MADHYA_PRADESH,Central
483334,JABALPUR,MADHYA_PRADESH,Central
482011,JABALPUR,MADHYA_PRADESH,Central
482020,JABALPUR,MADHYA_PRADESH,Central
482010,JABALPUR,MADHYA_PRADESH,Central
482009,JABALPUR,MADHYA_PRADESH,Central
466651,SEHORE,MADHYA_PRADESH,Central
466120,SEHORE,MADHYA_PRADESH,Central
466001,SEHORE,MADHYA_PRADESH,Central
466665,SEHORE,MADHYA_PRADESH,Central
466116,SEHORE,MADHYA_PRADESH,Central
466448,SEHORE,MADHYA_PRADESH,Central
466111,SEHORE,MADHYA_PRADESH,Central
466661,SEHORE,MADHYA_PRADESH,Central
466115,SEHORE,MADHYA_PRADESH,Central
466221,SEHORE,MADHYA_PRADESH,Central
466114,SEHORE,MADHYA_PRADESH,Central
466331,SEHORE,MADHYA_PRADESH,Central
466446,SEHORE,MADHYA_PRADESH,Central
466554,SEHORE,MADHYA_PRADESH,Central
466445,SEHORE,MADHYA_PRADESH,Central
466125,SEHORE,MADHYA_PRADESH,Central
466113,SEHORE,MADHYA_PRADESH,Central
466118,SEHORE,MADHYA_PRADESH,Central
465001,SHAJAPUR,MADHYA_PRADESH,Central
465223,SHAJAPUR,MADHYA_PRADESH,Central
465226,SHAJAPUR,MADHYA_PRADESH,Central
465335,SHAJAPUR,MADHYA_PRADESH,Central
465337,SHAJAPUR,MADHYA_PRADESH,Central
465220,SHAJAPUR,MADHYA_PRADESH,Central
465110,SHAJAPUR,MADHYA_PRADESH,Central
465106,SHAJAPUR,MADHYA_PRADESH,Central
465116,SHAJAPUR,MADHYA_PRADESH,Central
465227,SHAJAPUR,MADHYA_PRADESH,Central
465333,SHAJAPUR,MADHYA_PRADESH,Central
465339,SHAJAPUR,MADHYA_PRADESH,Central
465113,SHAJAPUR,MADHYA_PRADESH,Central
465118,SHAJAPUR,MADHYA_PRADESH,Central
465441,AGAR MALWA,MADHYA_PRADESH,Central
465230,AGAR MALWA,MADHYA_PRADESH,Central
465445,AGAR MALWA,MADHYA_PRADESH,Central
465550,AGAR MALWA,MADHYA_PRADESH,Central
465449,AGAR MALWA,MADHYA_PRADESH,Central
465447,AGAR MALWA,MADHYA_PRADESH,Central
481778,DINDORI,MADHYA_PRADESH,Central
481990,DINDORI,MADHYA_PRADESH,Central
481880,DINDORI,MADHYA_PRADESH,Central
481882,DINDORI,MADHYA_PRADESH,Central
481883,DINDORI,MADHYA_PRADESH,Central
481884,DINDORI,MADHYA_PRADESH,Central
481879,DINDORI,MADHYA_PRADESH,Central
481672,DINDORI,MADHYA_PRADESH,Central
481996,MANDLA,MADHYA_PRADESH,Central
481768,MANDLA,MADHYA_PRADESH,Central
481664,MANDLA,MADHYA_PRADESH,Central
481776,MANDLA,MADHYA_PRADESH,Central
481885,MANDLA,MADHYA_PRADESH,Central
481662,MANDLA,MADHYA_PRADESH,Central
481666,MANDLA,MADHYA_PRADESH,Central
481665,MANDLA,MADHYA_PRADESH,Central
481663,MANDLA,MADHYA_PRADESH,Central
481668,MANDLA,MADHYA_PRADESH,Central
481661,MANDLA,MADHYA_PRADESH,Central
481998,MANDLA,MADHYA_PRADESH,Central
481995,MANDLA,MADHYA_PRADESH,Central
481771,MANDLA,MADHYA_PRADESH,Central
472001,TIKAMGARH,MADHYA_PRADESH,Central
472010,TIKAMGARH,MADHYA_PRADESH,Central
472111,TIKAMGARH,MADHYA_PRADESH,Central
472339,TIKAMGARH,MADHYA_PRADESH,Central
472118,TIKAMGARH,MADHYA_PRADESH,Central
472115,TIKAMGARH,MADHYA_PRADESH,Central
472005,TIKAMGARH,MADHYA_PRADESH,Central
472331,TIKAMGARH,MADHYA_PRADESH,Central
472101,TIKAMGARH,MADHYA_PRADESH,Central
472221,TIKAMGARH,MADHYA_PRADESH,Central
487330,NARSINGHPUR,MADHYA_PRADESH,Central
487770,NARSINGHPUR,MADHYA_PRADESH,Central
487334,NARSINGHPUR,MADHYA_PRADESH,Central
487551,NARSINGHPUR,MADHYA_PRADESH,Central
487118,NARSINGHPUR,MADHYA_PRADESH,Central
487114,NARSINGHPUR,MADHYA_PRADESH,Central
487221,NARSINGHPUR,MADHYA_PRADESH,Central
487555,NARSINGHPUR,MADHYA_PRADESH,Central
487661,NARSINGHPUR,MADHYA_PRADESH,Central
487441,NARSINGHPUR,MADHYA_PRADESH,Central
487110,NARSINGHPUR,MADHYA_PRADESH,Central
487337,NARSINGHPUR,MADHYA_PRADESH,Central
487881,NARSINGHPUR,MADHYA_PRADESH,Central
487001,NARSINGHPUR,MADHYA_PRADESH,Central
487225,NARSINGHPUR,MADHYA_PRADESH,Central
480555,CHHINDWARA,MADHYA_PRADESH,Central
480449,CHHINDWARA,MADHYA_PRADESH,Central
480224,CHHINDWARA,MADHYA_PRADESH,Central
480551,CHHINDWARA,MADHYA_PRADESH,Central
480108,CHHINDWARA,MADHYA_PRADESH,Central
480105,CHHINDWARA,MADHYA_PRADESH,Central
480557,CHHINDWARA,MADHYA_PRADESH,Central
480334,CHHINDWARA,MADHYA_PRADESH,Central
480441,CHHINDWARA,MADHYA_PRADESH,Central
480109,CHHINDWARA,MADHYA_PRADESH,Central
480331,CHHINDWARA,MADHYA_PRADESH,Central
480106,CHHINDWARA,MADHYA_PRADESH,Central
480337,CHHINDWARA,MADHYA_PRADESH,Central
480223,CHHINDWARA,MADHYA_PRADESH,Central
480559,CHHINDWARA,MADHYA_PRADESH,Central
480338,CHHINDWARA,MADHYA_PRADESH,Central
480107,CHHINDWARA,MADHYA_PRADESH,Central
480001,CHHINDWARA,MADHYA_PRADESH,Central
480221,CHHINDWARA,MADHYA_PRADESH,Central
480111,CHHINDWARA,MADHYA_PRADESH,Central
480110,CHHINDWARA,MADHYA_PRADESH,Central
480115,CHHINDWARA,MADHYA_PRADESH,Central
480447,CHHINDWARA,MADHYA_PRADESH,Central
480003,CHHINDWARA,MADHYA_PRADESH,Central
480112,CHHINDWARA,MADHYA_PRADESH,Central
461001,HOSHANGABAD,MADHYA_PRADESH,Central
461661,HOSHANGABAD,MADHYA_PRADESH,Central
461221,HOSHANGABAD,MADHYA_PRADESH,Central
461990,HOSHANGABAD,MADHYA_PRADESH,Central
461116,HOSHANGABAD,MADHYA_PRADESH,Central
461111,HOSHANGABAD,MADHYA_PRADESH,Central
461115,HOSHANGABAD,MADHYA_PRADESH,Central
461775,HOSHANGABAD,MADHYA_PRADESH,Central
461223,HOSHANGABAD,MADHYA_PRADESH,Central
461771,HOSHANGABAD,MADHYA_PRADESH,Central
461551,HOSHANGABAD,MADHYA_PRADESH,Central
461668,HOSHANGABAD,MADHYA_PRADESH,Central
461110,HOSHANGABAD,MADHYA_PRADESH,Central
461122,HOSHANGABAD,MADHYA_PRADESH,Central
461881,HOSHANGABAD,MADHYA_PRADESH,Central
461005,HOSHANGABAD,MADHYA_PRADESH,Central
461114,HOSHANGABAD,MADHYA_PRADESH,Central
461446,HOSHANGABAD,MADHYA_PRADESH,Central
470661,DAMOH,MADHYA_PRADESH,Central
470880,DAMOH,MADHYA_PRADESH,Central
470664,DAMOH,MADHYA_PRADESH,Central
470673,DAMOH,MADHYA_PRADESH,Central
470775,DAMOH,MADHYA_PRADESH,Central
470881,DAMOH,MADHYA_PRADESH,Central
470675,DAMOH,MADHYA_PRADESH,Central
470663,DAMOH,MADHYA_PRADESH,Central
470666,DAMOH,MADHYA_PRADESH,Central
470672,DAMOH,MADHYA_PRADESH,Central
470771,DAMOH,MADHYA_PRADESH,Central
470772,DAMOH,MADHYA_PRADESH,Central
464001,VIDISHA,MADHYA_PRADESH,Central
464221,VIDISHA,MADHYA_PRADESH,Central
464220,VIDISHA,MADHYA_PRADESH,Central
464331,VIDISHA,MADHYA_PRADESH,Central
464226,VIDISHA,MADHYA_PRADESH,Central
464224,VIDISHA,MADHYA_PRADESH,Central
464114,VIDISHA,MADHYA_PRADESH,Central
464258,VIDISHA,MADHYA_PRADESH,Central
464337,VIDISHA,MADHYA_PRADESH,Central
464113,VIDISHA,MADHYA_PRADESH,Central
464111,VIDISHA,MADHYA_PRADESH,Central
464228,VIDISHA,MADHYA_PRADESH,Central
464240,VIDISHA,MADHYA_PRADESH,Central
464334,VIDISHA,MADHYA_PRADESH,Central
486441,REWA,MADHYA_PRADESH,Central
486445,REWA,MADHYA_PRADESH,Central
486333,REWA,MADHYA_PRADESH,Central
486341,REWA,MADHYA_PRADESH,Central
486448,REWA,MADHYA_PRADESH,Central
486446,REWA,MADHYA_PRADESH,Central
486226,REWA,MADHYA_PRADESH,Central
486556,REWA,MADHYA_PRADESH,Central
486006,REWA,MADHYA_PRADESH,Central
486550,REWA,MADHYA_PRADESH,Central
486553,REWA,MADHYA_PRADESH,Central
486335,REWA,MADHYA_PRADESH,Central
486223,REWA,MADHYA_PRADESH,Central
486450,REWA,MADHYA_PRADESH,Central
486117,REWA,MADHYA_PRADESH,Central
486111,REWA,MADHYA_PRADESH,Central
486123,REWA,MADHYA_PRADESH,Central
486331,REWA,MADHYA_PRADESH,Central
486338,REWA,MADHYA_PRADESH,Central
486114,REWA,MADHYA_PRADESH,Central
486005,REWA,MADHYA_PRADESH,Central
486115,REWA,MADHYA_PRADESH,Central
486440,REWA,MADHYA_PRADESH,Central
486340,REWA,MADHYA_PRADESH,Central
486447,REWA,MADHYA_PRADESH,Central
486003,REWA,MADHYA_PRADESH,Central
486220,REWA,MADHYA_PRADESH,Central
486001,REWA,MADHYA_PRADESH,Central
486004,REWA,MADHYA_PRADESH,Central
486002,REWA,MADHYA_PRADESH,Central
481335,BALAGHAT,MADHYA_PRADESH,Central
481449,BALAGHAT,MADHYA_PRADESH,Central
481105,BALAGHAT,MADHYA_PRADESH,Central
481331,BALAGHAT,MADHYA_PRADESH,Central
481001,BALAGHAT,MADHYA_PRADESH,Central
481111,BALAGHAT,MADHYA_PRADESH,Central
481102,BALAGHAT,MADHYA_PRADESH,Central
481051,BALAGHAT,MADHYA_PRADESH,Central
481332,BALAGHAT,MADHYA_PRADESH,Central
481117,BALAGHAT,MADHYA_PRADESH,Central
481226,BALAGHAT,MADHYA_PRADESH,Central
481224,BALAGHAT,MADHYA_PRADESH,Central
481445,BALAGHAT,MADHYA_PRADESH,Central
481337,BALAGHAT,MADHYA_PRADESH,Central
481115,BALAGHAT,MADHYA_PRADESH,Central
481441,BALAGHAT,MADHYA_PRADESH,Central
481551,BALAGHAT,MADHYA_PRADESH,Central
481222,BALAGHAT,MADHYA_PRADESH,Central
481116,BALAGHAT,MADHYA_PRADESH,Central
481556,BALAGHAT,MADHYA_PRADESH,Central
486669,SIDHI,MADHYA_PRADESH,Central
486666,SIDHI,MADHYA_PRADESH,Central
486775,SIDHI,MADHYA_PRADESH,Central
486771,SIDHI,MADHYA_PRADESH,Central
486675,SIDHI,MADHYA_PRADESH,Central
486661,SIDHI,MADHYA_PRADESH,Central
486776,SIDHI,MADHYA_PRADESH,Central
486670,SIDHI,MADHYA_PRADESH,Central
486881,SINGRAULI,MADHYA_PRADESH,Central
486892,SINGRAULI,MADHYA_PRADESH,Central
486882,SINGRAULI,MADHYA_PRADESH,Central
486889,SINGRAULI,MADHYA_PRADESH,Central
486886,SINGRAULI,MADHYA_PRADESH,Central
486887,SINGRAULI,MADHYA_PRADESH,Central
486885,SINGRAULI,MADHYA_PRADESH,Central
486884,SINGRAULI,MADHYA_PRADESH,Central
486888,SINGRAULI,MADHYA_PRADESH,Central
486890,SINGRAULI,MADHYA_PRADESH,Central
471301,CHHATARPUR,MADHYA_PRADESH,Central
471111,CHHATARPUR,MADHYA_PRADESH,Central
471315,CHHATARPUR,MADHYA_PRADESH,Central
471510,CHHATARPUR,MADHYA_PRADESH,Central
471001,CHHATARPUR,MADHYA_PRADESH,Central
471311,CHHATARPUR,MADHYA_PRADESH,Central
471105,CHHATARPUR,MADHYA_PRADESH,Central
471405,CHHATARPUR,MADHYA_PRADESH,Central
471318,CHHATARPUR,MADHYA_PRADESH,Central
471525,CHHATARPUR,MADHYA_PRADESH,Central
471101,CHHATARPUR,MADHYA_PRADESH,Central
471313,CHHATARPUR,MADHYA_PRADESH,Central
471515,CHHATARPUR,MADHYA_PRADESH,Central
471606,CHHATARPUR,MADHYA_PRADESH,Central
471516,CHHATARPUR,MADHYA_PRADESH,Central
471501,CHHATARPUR,MADHYA_PRADESH,Central
471201,CHHATARPUR,MADHYA_PRADESH,Central
471625,CHHATARPUR,MADHYA_PRADESH,Central
471408,CHHATARPUR,MADHYA_PRADESH,Central
471411,CHHATARPUR,MADHYA_PRADESH,Central
462101,BHOPAL,MADHYA_PRADESH,Central
463111,BHOPAL,MADHYA_PRADESH,Central
462120,BHOPAL,MADHYA_PRADESH,Central
462044,BHOPAL,MADHYA_PRADESH,Central
462022,BHOPAL,MADHYA_PRADESH,Central
462030,BHOPAL,MADHYA_PRADESH,Central
462036,BHOPAL,MADHYA_PRADESH,Central
462038,BHOPAL,MADHYA_PRADESH,Central
462010,BHOPAL,MADHYA_PRADESH,Central
462042,BHOPAL,MADHYA_PRADESH,Central
462047,BHOPAL,MADHYA_PRADESH,Central
462026,BHOPAL,MADHYA_PRADESH,Central
463106,BHOPAL,MADHYA_PRADESH,Central
462001,BHOPAL,MADHYA_PRADESH,Central
462003,BHOPAL,MADHYA_PRADESH,Central
462066,BHOPAL,MADHYA_PRADESH,Central
462008,BHOPAL,MADHYA_PRADESH,Central
462031,BHOPAL,MADHYA_PRADESH,Central
462024,BHOPAL,MADHYA_PRADESH,Central
462002,BHOPAL,MADHYA_PRADESH,Central
462004,BHOPAL,MADHYA_PRADESH,Central
462016,BHOPAL,MADHYA_PRADESH,Central
462039,BHOPAL,MADHYA_PRADESH,Central
462020,BHOPAL,MADHYA_PRADESH,Central
462100,BHOPAL,MADHYA_PRADESH,Central
462041,BHOPAL,MADHYA_PRADESH,Central
462023,BHOPAL,MADHYA_PRADESH,Central
462040,BHOPAL,MADHYA_PRADESH,Central
462037,BHOPAL,MADHYA_PRADESH,Central
462033,BHOPAL,MADHYA_PRADESH,Central
462011,BHOPAL,MADHYA_PRADESH,Central
462027,BHOPAL,MADHYA_PRADESH,Central
462043,BHOPAL,MADHYA_PRADESH,Central
462045,BHOPAL,MADHYA_PRADESH,Central
458220,NEEMUCH,MADHYA_PRADESH,Central
458228,NEEMUCH,MADHYA_PRADESH,Central
458441,NEEMUCH,MADHYA_PRADESH,Central
458226,NEEMUCH,MADHYA_PRADESH,Central
458116,NEEMUCH,MADHYA_PRADESH,Central
458113,NEEMUCH,MADHYA_PRADESH,Central
458110,NEEMUCH,MADHYA_PRADESH,Central
458118,NEEMUCH,MADHYA_PRADESH,Central
458468,NEEMUCH,MADHYA_PRADESH,Central
458330,NEEMUCH,MADHYA_PRADESH,Central
458336,NEEMUCH,MADHYA_PRADESH,Central
458470,NEEMUCH,MADHYA_PRADESH,Central
457661,JHABUA,MADHYA_PRADESH,Central
457770,JHABUA,MADHYA_PRADESH,Central
457772,JHABUA,MADHYA_PRADESH,Central
457779,JHABUA,MADHYA_PRADESH,Central
457773,JHABUA,MADHYA_PRADESH,Central
457775,JHABUA,MADHYA_PRADESH,Central
457777,JHABUA,MADHYA_PRADESH,Central
457993,JHABUA,MADHYA_PRADESH,Central
457887,ALIRAJPUR,MADHYA_PRADESH,Central
457882,ALIRAJPUR,MADHYA_PRADESH,Central
457990,ALIRAJPUR,MADHYA_PRADESH,Central
457888,ALIRAJPUR,MADHYA_PRADESH,Central
457885,ALIRAJPUR,MADHYA_PRADESH,Central
451881,BARWANI,MADHYA_PRADESH,Central
451556,BARWANI,MADHYA_PRADESH,Central
451551,BARWANI,MADHYA_PRADESH,Central
451449,BARWANI,MADHYA_PRADESH,Central
451770,BARWANI,MADHYA_PRADESH,Central
451447,BARWANI,MADHYA_PRADESH,Central
451666,BARWANI,MADHYA_PRADESH,Central
451660,BARWANI,MADHYA_PRADESH,Central
460001,BETUL,MADHYA_PRADESH,Central
460110,BETUL,MADHYA_PRADESH,Central
460004,BETUL,MADHYA_PRADESH,Central
460220,BETUL,MADHYA_PRADESH,Central
460553,BETUL,MADHYA_PRADESH,Central
460551,BETUL,MADHYA_PRADESH,Central
460554,BETUL,MADHYA_PRADESH,Central
460330,BETUL,MADHYA_PRADESH,Central
460663,BETUL,MADHYA_PRADESH,Central
460225,BETUL,MADHYA_PRADESH,Central
460668,BETUL,MADHYA_PRADESH,Central
460661,BETUL,MADHYA_PRADESH,Central
460449,BETUL,MADHYA_PRADESH,Central
460666,BETUL,MADHYA_PRADESH,Central
460557,BETUL,MADHYA_PRADESH,Central
460440,BETUL,MADHYA_PRADESH,Central
460443,BETUL,MADHYA_PRADESH,Central
460665,BETUL,MADHYA_PRADESH,Central
460447,BETUL,MADHYA_PRADESH,Central
477001,BHIND,MADHYA_PRADESH,Central
477332,BHIND,MADHYA_PRADESH,Central
477449,BHIND,MADHYA_PRADESH,Central
477227,BHIND,MADHYA_PRADESH,Central
477446,BHIND,MADHYA_PRADESH,Central
477111,BHIND,MADHYA_PRADESH,Central
477566,BHIND,MADHYA_PRADESH,Central
477447,BHIND,MADHYA_PRADESH,Central
477116,BHIND,MADHYA_PRADESH,Central
477660,BHIND,MADHYA_PRADESH,Central
477445,BHIND,MADHYA_PRADESH,Central
477117,BHIND,MADHYA_PRADESH,Central
477222,BHIND,MADHYA_PRADESH,Central
477557,BHIND,MADHYA_PRADESH,Central
477441,BHIND,MADHYA_PRADESH,Central
477105,BHIND,MADHYA_PRADESH,Central
477555,BHIND,MADHYA_PRADESH,Central
477335,BHIND,MADHYA_PRADESH,Central
477333,BHIND,MADHYA_PRADESH,Central
477331,BHIND,MADHYA_PRADESH,Central
477450,BHIND,MADHYA_PRADESH,Central
474006,GWALIOR,MADHYA_PRADESH,Central
475002,GWALIOR,MADHYA_PRADESH,Central
474005,GWALIOR,MADHYA_PRADESH,Central
475330,GWALIOR,MADHYA_PRADESH,Central
474020,GWALIOR,MADHYA_PRADESH,Central
475005,GWALIOR,MADHYA_PRADESH,Central
474001,GWALIOR,MADHYA_PRADESH,Central
475001,GWALIOR,MADHYA_PRADESH,Central
475220,GWALIOR,MADHYA_PRADESH,Central
475110,GWALIOR,MADHYA_PRADESH,Central
474010,GWALIOR,MADHYA_PRADESH,Central
475115,GWALIOR,MADHYA_PRADESH,Central
474002,GWALIOR,MADHYA_PRADESH,Central
474009,GWALIOR,MADHYA_PRADESH,Central
474012,GWALIOR,MADHYA_PRADESH,Central
474004,GWALIOR,MADHYA_PRADESH,Central
474011,GWALIOR,MADHYA_PRADESH,Central
474007,GWALIOR,MADHYA_PRADESH,Central
474015,GWALIOR,MADHYA_PRADESH,Central
474008,GWALIOR,MADHYA_PRADESH,Central
474003,GWALIOR,MADHYA_PRADESH,Central
484001,SHAHDOL,MADHYA_PRADESH,Central
484776,SHAHDOL,MADHYA_PRADESH,Central
484774,SHAHDOL,MADHYA_PRADESH,Central
484110,SHAHDOL,MADHYA_PRADESH,Central
484770,SHAHDOL,MADHYA_PRADESH,Central
484771,SHAHDOL,MADHYA_PRADESH,Central
484669,SHAHDOL,MADHYA_PRADESH,Central
484117,SHAHDOL,MADHYA_PRADESH,Central
484114,SHAHDOL,MADHYA_PRADESH,Central
450445,BURHANPUR,MADHYA_PRADESH,Central
450221,BURHANPUR,MADHYA_PRADESH,Central
450331,BURHANPUR,MADHYA_PRADESH,Central
450332,BURHANPUR,MADHYA_PRADESH,Central
470441,SAGAR,MADHYA_PRADESH,Central
470119,SAGAR,MADHYA_PRADESH,Central
470227,SAGAR,MADHYA_PRADESH,Central
470004,SAGAR,MADHYA_PRADESH,Central
470339,SAGAR,MADHYA_PRADESH,Central
470120,SAGAR,MADHYA_PRADESH,Central
470221,SAGAR,MADHYA_PRADESH,Central
470669,SAGAR,MADHYA_PRADESH,Central
470001,SAGAR,MADHYA_PRADESH,Central
470021,SAGAR,MADHYA_PRADESH,Central
470335,SAGAR,MADHYA_PRADESH,Central
470442,SAGAR,MADHYA_PRADESH,Central
470051,SAGAR,MADHYA_PRADESH,Central
470113,SAGAR,MADHYA_PRADESH,Central
470226,SAGAR,MADHYA_PRADESH,Central
470228,SAGAR,MADHYA_PRADESH,Central
470232,SAGAR,MADHYA_PRADESH,Central
470223,SAGAR,MADHYA_PRADESH,Central
470125,SAGAR,MADHYA_PRADESH,Central
470115,SAGAR,MADHYA_PRADESH,Central
470337,SAGAR,MADHYA_PRADESH,Central
470235,SAGAR,MADHYA_PRADESH,Central
470118,SAGAR,MADHYA_PRADESH,Central
470117,SAGAR,MADHYA_PRADESH,Central
470340,SAGAR,MADHYA_PRADESH,Central
470002,SAGAR,MADHYA_PRADESH,Central
470124,SAGAR,MADHYA_PRADESH,Central
470229,SAGAR,MADHYA_PRADESH,Central
470003,SAGAR,MADHYA_PRADESH,Central
465693,RAJGARH,MADHYA_PRADESH,Central
465667,RAJGARH,MADHYA_PRADESH,Central
465685,RAJGARH,MADHYA_PRADESH,Central
465689,RAJGARH,MADHYA_PRADESH,Central
465679,RAJGARH,MADHYA_PRADESH,Central
465687,RAJGARH,MADHYA_PRADESH,Central
465677,RAJGARH,MADHYA_PRADESH,Central
465691,RAJGARH,MADHYA_PRADESH,Central
465697,RAJGARH,MADHYA_PRADESH,Central
465680,RAJGARH,MADHYA_PRADESH,Central
465669,RAJGARH,MADHYA_PRADESH,Central
465683,RAJGARH,MADHYA_PRADESH,Central
465661,RAJGARH,MADHYA_PRADESH,Central
465674,RAJGARH,MADHYA_PRADESH,Central
457001,RATLAM,MADHYA_PRADESH,Central
457114,RATLAM,MADHYA_PRADESH,Central
457555,RATLAM,MADHYA_PRADESH,Central
457441,RATLAM,MADHYA_PRADESH,Central
457226,RATLAM,MADHYA_PRADESH,Central
457340,RATLAM,MADHYA_PRADESH,Central
457119,RATLAM,MADHYA_PRADESH,Central
457222,RATLAM,MADHYA_PRADESH,Central
457331,RATLAM,MADHYA_PRADESH,Central
457336,RATLAM,MADHYA_PRADESH,Central
457550,RATLAM,MADHYA_PRADESH,Central
457333,RATLAM,MADHYA_PRADESH,Central
457118,RATLAM,MADHYA_PRADESH,Central
457339,RATLAM,MADHYA_PRADESH,Central
475682,DATIA,MADHYA_PRADESH,Central
475671,DATIA,MADHYA_PRADESH,Central
475336,DATIA,MADHYA_PRADESH,Central
475685,DATIA,MADHYA_PRADESH,Central
475673,DATIA,MADHYA_PRADESH,Central
475686,DATIA,MADHYA_PRADESH,Central
475335,DATIA,MADHYA_PRADESH,Central
475661,DATIA,MADHYA_PRADESH,Central
475675,DATIA,MADHYA_PRADESH,Central
476332,SHEOPUR,MADHYA_PRADESH,Central
476355,SHEOPUR,MADHYA_PRADESH,Central
476339,SHEOPUR,MADHYA_PRADESH,Central
476337,SHEOPUR,MADHYA_PRADESH,Central
476335,SHEOPUR,MADHYA_PRADESH,Central
476134,MORENA,MADHYA_PRADESH,Central
476221,MORENA,MADHYA_PRADESH,Central
476224,MORENA,MADHYA_PRADESH,Central
476554,MORENA,MADHYA_PRADESH,Central
476115,MORENA,MADHYA_PRADESH,Central
476229,MORENA,MADHYA_PRADESH,Central
476228,MORENA,MADHYA_PRADESH,Central
476001,MORENA,MADHYA_PRADESH,Central
476111,MORENA,MADHYA_PRADESH,Central
476219,MORENA,MADHYA_PRADESH,Central
476444,MORENA,MADHYA_PRADESH,Central
473880,SHIVPURI,MADHYA_PRADESH,Central
473995,SHIVPURI,MADHYA_PRADESH,Central
473775,SHIVPURI,MADHYA_PRADESH,Central
473781,SHIVPURI,MADHYA_PRADESH,Central
473662,SHIVPURI,MADHYA_PRADESH,Central
473551,SHIVPURI,MADHYA_PRADESH,Central
473885,SHIVPURI,MADHYA_PRADESH,Central
473585,SHIVPURI,MADHYA_PRADESH,Central
473793,SHIVPURI,MADHYA_PRADESH,Central
473665,SHIVPURI,MADHYA_PRADESH,Central
473774,SHIVPURI,MADHYA_PRADESH,Central
473660,SHIVPURI,MADHYA_PRADESH,Central
473990,SHIVPURI,MADHYA_PRADESH,Central
473670,SHIVPURI,MADHYA_PRADESH,Central
473770,SHIVPURI,MADHYA_PRADESH,Central
473865,SHIVPURI,MADHYA_PRADESH,Central
473638,SHIVPURI,MADHYA_PRADESH,Central
455001,DEWAS,MADHYA_PRADESH,Central
455116,DEWAS,MADHYA_PRADESH,Central
455227,DEWAS,MADHYA_PRADESH,Central
455111,DEWAS,MADHYA_PRADESH,Central
455115,DEWAS,MADHYA_PRADESH,Central
455223,DEWAS,MADHYA_PRADESH,Central
455332,DEWAS,MADHYA_PRADESH,Central
455440,DEWAS,MADHYA_PRADESH,Central
455221,DEWAS,MADHYA_PRADESH,Central
455336,DEWAS,MADHYA_PRADESH,Central
455339,DEWAS,MADHYA_PRADESH,Central
455459,DEWAS,MADHYA_PRADESH,Central
455118,DEWAS,MADHYA_PRADESH,Central
458669,MANDSAUR,MADHYA_PRADESH,Central
458389,MANDSAUR,MADHYA_PRADESH,Central
458002,MANDSAUR,MADHYA_PRADESH,Central
458558,MANDSAUR,MADHYA_PRADESH,Central
458883,MANDSAUR,MADHYA_PRADESH,Central
458339,MANDSAUR,MADHYA_PRADESH,Central
458553,MANDSAUR,MADHYA_PRADESH,Central
458664,MANDSAUR,MADHYA_PRADESH,Central
458775,MANDSAUR,MADHYA_PRADESH,Central
458778,MANDSAUR,MADHYA_PRADESH,Central
458667,MANDSAUR,MADHYA_PRADESH,Central
458880,MANDSAUR,MADHYA_PRADESH,Central
458895,MANDSAUR,MADHYA_PRADESH,Central
458771,MANDSAUR,MADHYA_PRADESH,Central
458990,MANDSAUR,MADHYA_PRADESH,Central
458888,MANDSAUR,MADHYA_PRADESH,Central
458556,MANDSAUR,MADHYA_PRADESH,Central
458001,MANDSAUR,MADHYA_PRADESH,Central
450116,EAST NIMAR,MADHYA_PRADESH,Central
450551,EAST NIMAR,MADHYA_PRADESH,Central
450661,EAST NIMAR,MADHYA_PRADESH,Central
450114,EAST NIMAR,MADHYA_PRADESH,Central
450337,EAST NIMAR,MADHYA_PRADESH,Central
450001,EAST NIMAR,MADHYA_PRADESH,Central
450110,EAST NIMAR,MADHYA_PRADESH,Central
450771,EAST NIMAR,MADHYA_PRADESH,Central
450117,EAST NIMAR,MADHYA_PRADESH,Central
450112,EAST NIMAR,MADHYA_PRADESH,Central
450881,EAST NIMAR,MADHYA_PRADESH,Central
450991,EAST NIMAR,MADHYA_PRADESH,Central
450051,EAST NIMAR,MADHYA_PRADESH,Central
450554,EAST NIMAR,MADHYA_PRADESH,Central
450119,EAST NIMAR,MADHYA_PRADESH,Central
483440,KATNI,MADHYA_PRADESH,Central
483332,KATNI,MADHYA_PRADESH,Central
483775,KATNI,MADHYA_PRADESH,Central
483501,KATNI,MADHYA_PRADESH,Central
483773,KATNI,MADHYA_PRADESH,Central
483330,KATNI,MADHYA_PRADESH,Central
483331,KATNI,MADHYA_PRADESH,Central
483770,KATNI,MADHYA_PRADESH,Central
483880,KATNI,MADHYA_PRADESH,Central
483504,KATNI,MADHYA_PRADESH,Central
483990,KATNI,MADHYA_PRADESH,Central
483442,KATNI,MADHYA_PRADESH,Central
473101,GUNA,MADHYA_PRADESH,Central
473105,GUNA,MADHYA_PRADESH,Central
473115,GUNA,MADHYA_PRADESH,Central
473249,GUNA,MADHYA_PRADESH,Central
473118,GUNA,MADHYA_PRADESH,Central
473222,GUNA,MADHYA_PRADESH,Central
473287,GUNA,MADHYA_PRADESH,Central
473113,GUNA,MADHYA_PRADESH,Central
473110,GUNA,MADHYA_PRADESH,Central
473111,GUNA,MADHYA_PRADESH,Central
473226,GUNA,MADHYA_PRADESH,Central
473001,GUNA,MADHYA_PRADESH,Central
473112,GUNA,MADHYA_PRADESH,Central
461331,HARDA,MADHYA_PRADESH,Central
461228,HARDA,MADHYA_PRADESH,Central
461441,HARDA,MADHYA_PRADESH,Central
461335,HARDA,MADHYA_PRADESH,Central
485775,SATNA,MADHYA_PRADESH,Central
485226,SATNA,MADHYA_PRADESH,Central
485221,SATNA,MADHYA_PRADESH,Central
485551,SATNA,MADHYA_PRADESH,Central
485778,SATNA,MADHYA_PRADESH,Central
485666,SATNA,MADHYA_PRADESH,Central
485334,SATNA,MADHYA_PRADESH,Central
485113,SATNA,MADHYA_PRADESH,Central
485771,SATNA,MADHYA_PRADESH,Central
485331,SATNA,MADHYA_PRADESH,Central
485774,SATNA,MADHYA_PRADESH,Central
485446,SATNA,MADHYA_PRADESH,Central
485881,SATNA,MADHYA_PRADESH,Central
485112,SATNA,MADHYA_PRADESH,Central
485115,SATNA,MADHYA_PRADESH,Central
485111,SATNA,MADHYA_PRADESH,Central
485772,SATNA,MADHYA_PRADESH,Central
485447,SATNA,MADHYA_PRADESH,Central
485441,SATNA,MADHYA_PRADESH,Central
485661,SATNA,MADHYA_PRADESH,Central
485114,SATNA,MADHYA_PRADESH,Central
485005,SATNA,MADHYA_PRADESH,Central
485773,SATNA,MADHYA_PRADESH,Central
485001,SATNA,MADHYA_PRADESH,Central
484224,ANUPPUR,MADHYA_PRADESH,Central
484116,ANUPPUR,MADHYA_PRADESH,Central
484440,ANUPPUR,MADHYA_PRADESH,Central
484444,ANUPPUR,MADHYA_PRADESH,Central
484334,ANUPPUR,MADHYA_PRADESH,Central
484330,ANUPPUR,MADHYA_PRADESH,Central
484881,ANUPPUR,MADHYA_PRADESH,Central
484886,ANUPPUR,MADHYA_PRADESH,Central
484887,ANUPPUR,MADHYA_PRADESH,Central
484336,ANUPPUR,MADHYA_PRADESH,Central
484447,ANUPPUR,MADHYA_PRADESH,Central
484446,ANUPPUR,MADHYA_PRADESH,Central
484113,ANUPPUR,MADHYA_PRADESH,Central
484220,ANUPPUR,MADHYA_PRADESH,Central
484120,ANUPPUR,MADHYA_PRADESH,Central
484660,UMARIA,MADHYA_PRADESH,Central
484551,UMARIA,MADHYA_PRADESH,Central
484665,UMARIA,MADHYA_PRADESH,Central
484555,UMARIA,MADHYA_PRADESH,Central
484661,UMARIA,MADHYA_PRADESH,Central
484664,UMARIA,MADHYA_PRADESH,Central
456665,UJJAIN,MADHYA_PRADESH,Central
456222,UJJAIN,MADHYA_PRADESH,Central
456771,UJJAIN,MADHYA_PRADESH,Central
456313,UJJAIN,MADHYA_PRADESH,Central
456331,UJJAIN,MADHYA_PRADESH,Central
456550,UJJAIN,MADHYA_PRADESH,Central
456770,UJJAIN,MADHYA_PRADESH,Central
456224,UJJAIN,MADHYA_PRADESH,Central
456668,UJJAIN,MADHYA_PRADESH,Central
456443,UJJAIN,MADHYA_PRADESH,Central
456335,UJJAIN,MADHYA_PRADESH,Central
456664,UJJAIN,MADHYA_PRADESH,Central
456337,UJJAIN,MADHYA_PRADESH,Central
456661,UJJAIN,MADHYA_PRADESH,Central
456003,UJJAIN,MADHYA_PRADESH,Central
456006,UJJAIN,MADHYA_PRADESH,Central
456441,UJJAIN,MADHYA_PRADESH,Central
456440,UJJAIN,MADHYA_PRADESH,Central
456776,UJJAIN,MADHYA_PRADESH,Central
456221,UJJAIN,MADHYA_PRADESH,Central
456001,UJJAIN,MADHYA_PRADESH,Central
456010,UJJAIN,MADHYA_PRADESH,Central
453001,INDORE,MADHYA_PRADESH,Central
453220,INDORE,MADHYA_PRADESH,Central
452020,INDORE,MADHYA_PRADESH,Central
453115,INDORE,MADHYA_PRADESH,Central
453112,INDORE,MADHYA_PRADESH,Central
453111,INDORE,MADHYA_PRADESH,Central
452016,INDORE,MADHYA_PRADESH,Central
453441,INDORE,MADHYA_PRADESH,Central
453331,INDORE,MADHYA_PRADESH,Central
453771,INDORE,MADHYA_PRADESH,Central
453661,INDORE,MADHYA_PRADESH,Central
453551,INDORE,MADHYA_PRADESH,Central
452007,INDORE,MADHYA_PRADESH,Central
452001,INDORE,MADHYA_PRADESH,Central
452006,INDORE,MADHYA_PRADESH,Central
452005,INDORE,MADHYA_PRADESH,Central
452002,INDORE,MADHYA_PRADESH,Central
452011,INDORE,MADHYA_PRADESH,Central
452010,INDORE,MADHYA_PRADESH,Central
453552,INDORE,MADHYA_PRADESH,Central
452015,INDORE,MADHYA_PRADESH,Central
452009,INDORE,MADHYA_PRADESH,Central
452003,INDORE,MADHYA_PRADESH,Central
453555,INDORE,MADHYA_PRADESH,Central
453446,INDORE,MADHYA_PRADESH,Central
452012,INDORE,MADHYA_PRADESH,Central
452014,INDORE,MADHYA_PRADESH,Central
453556,INDORE,MADHYA_PRADESH,Central
452013,INDORE,MADHYA_PRADESH,Central
452018,INDORE,MADHYA_PRADESH,Central
473331,ASHOKNAGAR,MADHYA_PRADESH,Central
473446,ASHOKNAGAR,MADHYA_PRADESH,Central
473335,ASHOKNAGAR,MADHYA_PRADESH,Central
473443,ASHOKNAGAR,MADHYA_PRADESH,Central
473332,ASHOKNAGAR,MADHYA_PRADESH,Central
473444,ASHOKNAGAR,MADHYA_PRADESH,Central
473330,ASHOKNAGAR,MADHYA_PRADESH,Central
473445,ASHOKNAGAR,MADHYA_PRADESH,Central
473440,ASHOKNAGAR,MADHYA_PRADESH,Central
444602,AMRAVATI,MAHARASHTRA,Central
444704,AMRAVATI,MAHARASHTRA,Central
444803,AMRAVATI,MAHARASHTRA,Central
444717,AMRAVATI,MAHARASHTRA,Central
444702,AMRAVATI,MAHARASHTRA,Central
444719,AMRAVATI,MAHARASHTRA,Central
444809,AMRAVATI,MAHARASHTRA,Central
444808,AMRAVATI,MAHARASHTRA,Central
444813,AMRAVATI,MAHARASHTRA,Central
444723,AMRAVATI,MAHARASHTRA,Central
444706,AMRAVATI,MAHARASHTRA,Central
444807,AMRAVATI,MAHARASHTRA,Central
444906,AMRAVATI,MAHARASHTRA,Central
444908,AMRAVATI,MAHARASHTRA,Central
444806,AMRAVATI,MAHARASHTRA,Central
444705,AMRAVATI,MAHARASHTRA,Central
444720,AMRAVATI,MAHARASHTRA,Central
444709,AMRAVATI,MAHARASHTRA,Central
444902,AMRAVATI,MAHARASHTRA,Central
444802,AMRAVATI,MAHARASHTRA,Central
444711,AMRAVATI,MAHARASHTRA,Central
444905,AMRAVATI,MAHARASHTRA,Central
444708,AMRAVATI,MAHARASHTRA,Central
444915,AMRAVATI,MAHARASHTRA,Central
444901,AMRAVATI,MAHARASHTRA,Central
444707,AMRAVATI,MAHARASHTRA,Central
444710,AMRAVATI,MAHARASHTRA,Central
444903,AMRAVATI,MAHARASHTRA,Central
444801,AMRAVATI,MAHARASHTRA,Central
444804,AMRAVATI,MAHARASHTRA,Central
444907,AMRAVATI,MAHARASHTRA,Central
444701,AMRAVATI,MAHARASHTRA,Central
444904,AMRAVATI,MAHARASHTRA,Central
444805,AMRAVATI,MAHARASHTRA,Central
444601,AMRAVATI,MAHARASHTRA,Central
444604,AMRAVATI,MAHARASHTRA,Central
444603,AMRAVATI,MAHARASHTRA,Central
444810,AMRAVATI,MAHARASHTRA,Central
444606,AMRAVATI,MAHARASHTRA,Central
444605,AMRAVATI,MAHARASHTRA,Central
444607,AMRAVATI,MAHARASHTRA,Central
442905,CHANDRAPUR,MAHARASHTRA,Central
441225,CHANDRAPUR,MAHARASHTRA,Central
442906,CHANDRAPUR,MAHARASHTRA,Central
442503,CHANDRAPUR,MAHARASHTRA,Central
441222,CHANDRAPUR,MAHARASHTRA,Central
441221,CHANDRAPUR,MAHARASHTRA,Central
442916,CHANDRAPUR,MAHARASHTRA,Central
442907,CHANDRAPUR,MAHARASHTRA,Central
442918,CHANDRAPUR,MAHARASHTRA,Central
442505,CHANDRAPUR,MAHARASHTRA,Central
442702,CHANDRAPUR,MAHARASHTRA,Central
442507,CHANDRAPUR,MAHARASHTRA,Central
442904,CHANDRAPUR,MAHARASHTRA,Central
441215,CHANDRAPUR,MAHARASHTRA,Central
441212,CHANDRAPUR,MAHARASHTRA,Central
441223,CHANDRAPUR,MAHARASHTRA,Central
442914,CHANDRAPUR,MAHARASHTRA,Central
442701,CHANDRAPUR,MAHARASHTRA,Central
442917,CHANDRAPUR,MAHARASHTRA,Central
441226,CHANDRAPUR,MAHARASHTRA,Central
442902,CHANDRAPUR,MAHARASHTRA,Central
442403,CHANDRAPUR,MAHARASHTRA,Central
441206,CHANDRAPUR,MAHARASHTRA,Central
442402,CHANDRAPUR,MAHARASHTRA,Central
442404,CHANDRAPUR,MAHARASHTRA,Central
442908,CHANDRAPUR,MAHARASHTRA,Central
442903,CHANDRAPUR,MAHARASHTRA,Central
441224,CHANDRAPUR,MAHARASHTRA,Central
441205,CHANDRAPUR,MAHARASHTRA,Central
442406,CHANDRAPUR,MAHARASHTRA,Central
442401,CHANDRAPUR,MAHARASHTRA,Central
442502,CHANDRAPUR,MAHARASHTRA,Central
442901,CHANDRAPUR,MAHARASHTRA,Central
442501,CHANDRAPUR,MAHARASHTRA,Central
413603,OSMANABAD,MAHARASHTRA,Central
413504,OSMANABAD,MAHARASHTRA,Central
413604,OSMANABAD,MAHARASHTRA,Central
413582,OSMANABAD,MAHARASHTRA,Central
413506,OSMANABAD,MAHARASHTRA,Central
413510,OSMANABAD,MAHARASHTRA,Central
413601,OSMANABAD,MAHARASHTRA,Central
413503,OSMANABAD,MAHARASHTRA,Central
413405,OSMANABAD,MAHARASHTRA,Central
413525,OSMANABAD,MAHARASHTRA,Central
413507,OSMANABAD,MAHARASHTRA,Central
413608,OSMANABAD,MAHARASHTRA,Central
413623,OSMANABAD,MAHARASHTRA,Central
413605,OSMANABAD,MAHARASHTRA,Central
413602,OSMANABAD,MAHARASHTRA,Central
413606,OSMANABAD,MAHARASHTRA,Central
413502,OSMANABAD,MAHARASHTRA,Central
413528,OSMANABAD,MAHARASHTRA,Central
413505,OSMANABAD,MAHARASHTRA,Central
413509,OSMANABAD,MAHARASHTRA,Central
413508,OSMANABAD,MAHARASHTRA,Central
413534,OSMANABAD,MAHARASHTRA,Central
413624,OSMANABAD,MAHARASHTRA,Central
413526,OSMANABAD,MAHARASHTRA,Central
413501,OSMANABAD,MAHARASHTRA,Central
415014,SATARA,MAHARASHTRA,Central
415109,SATARA,MAHARASHTRA,Central
415506,SATARA,MAHARASHTRA,Central
415124,SATARA,MAHARASHTRA,Central
415115,SATARA,MAHARASHTRA,Central
415020,SATARA,MAHARASHTRA,Central
412804,SATARA,MAHARASHTRA,Central
415504,SATARA,MAHARASHTRA,Central
412802,SATARA,MAHARASHTRA,Central
415021,SATARA,MAHARASHTRA,Central
415501,SATARA,MAHARASHTRA,Central
415514,SATARA,MAHARASHTRA,Central
415114,SATARA,MAHARASHTRA,Central
415537,SATARA,MAHARASHTRA,Central
415518,SATARA,MAHARASHTRA,Central
415503,SATARA,MAHARASHTRA,Central
415505,SATARA,MAHARASHTRA,Central
415530,SATARA,MAHARASHTRA,Central
415527,SATARA,MAHARASHTRA,Central
415019,SATARA,MAHARASHTRA,Central
415122,SATARA,MAHARASHTRA,Central
415515,SATARA,MAHARASHTRA,Central
415536,SATARA,MAHARASHTRA,Central
415517,SATARA,MAHARASHTRA,Central
415528,SATARA,MAHARASHTRA,Central
415011,SATARA,MAHARASHTRA,Central
415526,SATARA,MAHARASHTRA,Central
415524,SATARA,MAHARASHTRA,Central
412803,SATARA,MAHARASHTRA,Central
412801,SATARA,MAHARASHTRA,Central
415107,SATARA,MAHARASHTRA,Central
415116,SATARA,MAHARASHTRA,Central
415022,SATARA,MAHARASHTRA,Central
415519,SATARA,MAHARASHTRA,Central
415513,SATARA,MAHARASHTRA,Central
412805,SATARA,MAHARASHTRA,Central
415013,SATARA,MAHARASHTRA,Central
415523,SATARA,MAHARASHTRA,Central
415525,SATARA,MAHARASHTRA,Central
415502,SATARA,MAHARASHTRA,Central
415511,SATARA,MAHARASHTRA,Central
415522,SATARA,MAHARASHTRA,Central
415003,SATARA,MAHARASHTRA,Central
415002,SATARA,MAHARASHTRA,Central
415010,SATARA,MAHARASHTRA,Central
415209,SATARA,MAHARASHTRA,Central
415520,SATARA,MAHARASHTRA,Central
415508,SATARA,MAHARASHTRA,Central
415211,SATARA,MAHARASHTRA,Central
415112,SATARA,MAHARASHTRA,Central
415540,SATARA,MAHARASHTRA,Central
415507,SATARA,MAHARASHTRA,Central
415103,SATARA,MAHARASHTRA,Central
415510,SATARA,MAHARASHTRA,Central
415312,SATARA,MAHARASHTRA,Central
415539,SATARA,MAHARASHTRA,Central
415205,SATARA,MAHARASHTRA,Central
415106,SATARA,MAHARASHTRA,Central
415102,SATARA,MAHARASHTRA,Central
415538,SATARA,MAHARASHTRA,Central
415509,SATARA,MAHARASHTRA,Central
415207,SATARA,MAHARASHTRA,Central
415105,SATARA,MAHARASHTRA,Central
415111,SATARA,MAHARASHTRA,Central
415206,SATARA,MAHARASHTRA,Central
415512,SATARA,MAHARASHTRA,Central
415108,SATARA,MAHARASHTRA,Central
415104,SATARA,MAHARASHTRA,Central
415015,SATARA,MAHARASHTRA,Central
415521,SATARA,MAHARASHTRA,Central
412806,SATARA,MAHARASHTRA,Central
415012,SATARA,MAHARASHTRA,Central
415004,SATARA,MAHARASHTRA,Central
415023,SATARA,MAHARASHTRA,Central
415001,SATARA,MAHARASHTRA,Central
415110,SATARA,MAHARASHTRA,Central
415212,SATARA,MAHARASHTRA,Central
415516,SATARA,MAHARASHTRA,Central
442504,GADCHIROLI,MAHARASHTRA,Central
441217,GADCHIROLI,MAHARASHTRA,Central
442919,GADCHIROLI,MAHARASHTRA,Central
442605,GADCHIROLI,MAHARASHTRA,Central
442604,GADCHIROLI,MAHARASHTRA,Central
442709,GADCHIROLI,MAHARASHTRA,Central
441209,GADCHIROLI,MAHARASHTRA,Central
441207,GADCHIROLI,MAHARASHTRA,Central
442606,GADCHIROLI,MAHARASHTRA,Central
442704,GADCHIROLI,MAHARASHTRA,Central
442705,GADCHIROLI,MAHARASHTRA,Central
442703,GADCHIROLI,MAHARASHTRA,Central
441208,GADCHIROLI,MAHARASHTRA,Central
442707,GADCHIROLI,MAHARASHTRA,Central
442710,GADCHIROLI,MAHARASHTRA,Central
442603,GADCHIROLI,MAHARASHTRA,Central
413524,LATUR,MAHARASHTRA,Central
413521,LATUR,MAHARASHTRA,Central
413527,LATUR,MAHARASHTRA,Central
413544,LATUR,MAHARASHTRA,Central
413531,LATUR,MAHARASHTRA,Central
413517,LATUR,MAHARASHTRA,Central
413530,LATUR,MAHARASHTRA,Central
431522,LATUR,MAHARASHTRA,Central
413514,LATUR,MAHARASHTRA,Central
413518,LATUR,MAHARASHTRA,Central
413529,LATUR,MAHARASHTRA,Central
413523,LATUR,MAHARASHTRA,Central
413515,LATUR,MAHARASHTRA,Central
413522,LATUR,MAHARASHTRA,Central
413520,LATUR,MAHARASHTRA,Central
413511,LATUR,MAHARASHTRA,Central
413513,LATUR,MAHARASHTRA,Central
413519,LATUR,MAHARASHTRA,Central
413532,LATUR,MAHARASHTRA,Central
413581,LATUR,MAHARASHTRA,Central
413607,LATUR,MAHARASHTRA,Central
413516,LATUR,MAHARASHTRA,Central
413512,LATUR,MAHARASHTRA,Central
444101,AKOLA,MAHARASHTRA,Central
444511,AKOLA,MAHARASHTRA,Central
444302,AKOLA,MAHARASHTRA,Central
444401,AKOLA,MAHARASHTRA,Central
444102,AKOLA,MAHARASHTRA,Central
444405,AKOLA,MAHARASHTRA,Central
444106,AKOLA,MAHARASHTRA,Central
444111,AKOLA,MAHARASHTRA,Central
444004,AKOLA,MAHARASHTRA,Central
444103,AKOLA,MAHARASHTRA,Central
444104,AKOLA,MAHARASHTRA,Central
444107,AKOLA,MAHARASHTRA,Central
444117,AKOLA,MAHARASHTRA,Central
444311,AKOLA,MAHARASHTRA,Central
444501,AKOLA,MAHARASHTRA,Central
444005,AKOLA,MAHARASHTRA,Central
444407,AKOLA,MAHARASHTRA,Central
444003,AKOLA,MAHARASHTRA,Central
444006,AKOLA,MAHARASHTRA,Central
444108,AKOLA,MAHARASHTRA,Central
444109,AKOLA,MAHARASHTRA,Central
444502,AKOLA,MAHARASHTRA,Central
444126,AKOLA,MAHARASHTRA,Central
444002,AKOLA,MAHARASHTRA,Central
444001,AKOLA,MAHARASHTRA,Central
444007,AKOLA,MAHARASHTRA,Central
441204,NAGPUR,MAHARASHTRA,Central
441108,NAGPUR,MAHARASHTRA,Central
441401,NAGPUR,MAHARASHTRA,Central
441104,NAGPUR,MAHARASHTRA,Central
441122,NAGPUR,MAHARASHTRA,Central
440023,NAGPUR,MAHARASHTRA,Central
441110,NAGPUR,MAHARASHTRA,Central
441304,NAGPUR,MAHARASHTRA,Central
441305,NAGPUR,MAHARASHTRA,Central
441105,NAGPUR,MAHARASHTRA,Central
441106,NAGPUR,MAHARASHTRA,Central
441303,NAGPUR,MAHARASHTRA,Central
441113,NAGPUR,MAHARASHTRA,Central
441502,NAGPUR,MAHARASHTRA,Central
441107,NAGPUR,MAHARASHTRA,Central
441306,NAGPUR,MAHARASHTRA,Central
441203,NAGPUR,MAHARASHTRA,Central
441214,NAGPUR,MAHARASHTRA,Central
441201,NAGPUR,MAHARASHTRA,Central
441301,NAGPUR,MAHARASHTRA,Central
441302,NAGPUR,MAHARASHTRA,Central
441501,NAGPUR,MAHARASHTRA,Central
441404,NAGPUR,MAHARASHTRA,Central
441102,NAGPUR,MAHARASHTRA,Central
441202,NAGPUR,MAHARASHTRA,Central
441210,NAGPUR,MAHARASHTRA,Central
441112,NAGPUR,MAHARASHTRA,Central
441101,NAGPUR,MAHARASHTRA,Central
441111,NAGPUR,MAHARASHTRA,Central
441103,NAGPUR,MAHARASHTRA,Central
440002,NAGPUR,MAHARASHTRA,Central
440001,NAGPUR,MAHARASHTRA,Central
441001,NAGPUR,MAHARASHTRA,Central
440024,NAGPUR,MAHARASHTRA,Central
440017,NAGPUR,MAHARASHTRA,Central
440010,NAGPUR,MAHARASHTRA,Central
440037,NAGPUR,MAHARASHTRA,Central
440012,NAGPUR,MAHARASHTRA,Central
440036,NAGPUR,MAHARASHTRA,Central
440022,NAGPUR,MAHARASHTRA,Central
440005,NAGPUR,MAHARASHTRA,Central
440015,NAGPUR,MAHARASHTRA,Central
440020,NAGPUR,MAHARASHTRA,Central
440007,NAGPUR,MAHARASHTRA,Central
440003,NAGPUR,MAHARASHTRA,Central
440018,NAGPUR,MAHARASHTRA,Central
440032,NAGPUR,MAHARASHTRA,Central
440013,NAGPUR,MAHARASHTRA,Central
440025,NAGPUR,MAHARASHTRA,Central
440030,NAGPUR,MAHARASHTRA,Central
440021,NAGPUR,MAHARASHTRA,Central
440016,NAGPUR,MAHARASHTRA,Central
440014,NAGPUR,MAHARASHTRA,Central
440035,NAGPUR,MAHARASHTRA,Central
440034,NAGPUR,MAHARASHTRA,Central
440027,NAGPUR,MAHARASHTRA,Central
440026,NAGPUR,MAHARASHTRA,Central
440019,NAGPUR,MAHARASHTRA,Central
440006,NAGPUR,MAHARASHTRA,Central
440033,NAGPUR,MAHARASHTRA,Central
441109,NAGPUR,MAHARASHTRA,Central
441123,NAGPUR,MAHARASHTRA,Central
440008,NAGPUR,MAHARASHTRA,Central
440004,NAGPUR,MAHARASHTRA,Central
425416,NANDURBAR,MAHARASHTRA,Central
425419,NANDURBAR,MAHARASHTRA,Central
425444,NANDURBAR,MAHARASHTRA,Central
425432,NANDURBAR,MAHARASHTRA,Central
425452,NANDURBAR,MAHARASHTRA,Central
425412,NANDURBAR,MAHARASHTRA,Central
425418,NANDURBAR,MAHARASHTRA,Central
425415,NANDURBAR,MAHARASHTRA,Central
425442,NANDURBAR,MAHARASHTRA,Central
425417,NANDURBAR,MAHARASHTRA,Central
425414,NANDURBAR,MAHARASHTRA,Central
425409,NANDURBAR,MAHARASHTRA,Central
425413,NANDURBAR,MAHARASHTRA,Central
425423,NANDURBAR,MAHARASHTRA,Central
425426,NANDURBAR,MAHARASHTRA,Central
425422,NANDURBAR,MAHARASHTRA,Central
425424,NANDURBAR,MAHARASHTRA,Central
425411,NANDURBAR,MAHARASHTRA,Central
425410,NANDURBAR,MAHARASHTRA,Central
424302,DHULE,MAHARASHTRA,Central
424311,DHULE,MAHARASHTRA,Central
425404,DHULE,MAHARASHTRA,Central
424318,DHULE,MAHARASHTRA,Central
424303,DHULE,MAHARASHTRA,Central
424305,DHULE,MAHARASHTRA,Central
424310,DHULE,MAHARASHTRA,Central
425428,DHULE,MAHARASHTRA,Central
425407,DHULE,MAHARASHTRA,Central
424002,DHULE,MAHARASHTRA,Central
424004,DHULE,MAHARASHTRA,Central
424006,DHULE,MAHARASHTRA,Central
424005,DHULE,MAHARASHTRA,Central
425408,DHULE,MAHARASHTRA,Central
424301,DHULE,MAHARASHTRA,Central
424307,DHULE,MAHARASHTRA,Central
425403,DHULE,MAHARASHTRA,Central
425406,DHULE,MAHARASHTRA,Central
425405,DHULE,MAHARASHTRA,Central
424309,DHULE,MAHARASHTRA,Central
425427,DHULE,MAHARASHTRA,Central
424308,DHULE,MAHARASHTRA,Central
425421,DHULE,MAHARASHTRA,Central
424306,DHULE,MAHARASHTRA,Central
424304,DHULE,MAHARASHTRA,Central
424001,DHULE,MAHARASHTRA,Central
424119,JALGAON,MAHARASHTRA,Central
425002,JALGAON,MAHARASHTRA,Central
425402,JALGAON,MAHARASHTRA,Central
425116,JALGAON,MAHARASHTRA,Central
425115,JALGAON,MAHARASHTRA,Central
425103,JALGAON,MAHARASHTRA,Central
425104,JALGAON,MAHARASHTRA,Central
425114,JALGAON,MAHARASHTRA,Central
425107,JALGAON,MAHARASHTRA,Central
424208,JALGAON,MAHARASHTRA,Central
424207,JALGAON,MAHARASHTRA,Central
424206,JALGAON,MAHARASHTRA,Central
424204,JALGAON,MAHARASHTRA,Central
424205,JALGAON,MAHARASHTRA,Central
424102,JALGAON,MAHARASHTRA,Central
424202,JALGAON,MAHARASHTRA,Central
425420,JALGAON,MAHARASHTRA,Central
425401,JALGAON,MAHARASHTRA,Central
425003,JALGAON,MAHARASHTRA,Central
425105,JALGAON,MAHARASHTRA,Central
424203,JALGAON,MAHARASHTRA,Central
425102,JALGAON,MAHARASHTRA,Central
425503,JALGAON,MAHARASHTRA,Central
425303,JALGAON,MAHARASHTRA,Central
425304,JALGAON,MAHARASHTRA,Central
425310,JALGAON,MAHARASHTRA,Central
425201,JALGAON,MAHARASHTRA,Central
425507,JALGAON,MAHARASHTRA,Central
425504,JALGAON,MAHARASHTRA,Central
425327,JALGAON,MAHARASHTRA,Central
425524,JALGAON,MAHARASHTRA,Central
425306,JALGAON,MAHARASHTRA,Central
425309,JALGAON,MAHARASHTRA,Central
425506,JALGAON,MAHARASHTRA,Central
425508,JALGAON,MAHARASHTRA,Central
425307,JALGAON,MAHARASHTRA,Central
425311,JALGAON,MAHARASHTRA,Central
425302,JALGAON,MAHARASHTRA,Central
425203,JALGAON,MAHARASHTRA,Central
425505,JALGAON,MAHARASHTRA,Central
424105,JALGAON,MAHARASHTRA,Central
425113,JALGAON,MAHARASHTRA,Central
425109,JALGAON,MAHARASHTRA,Central
424103,JALGAON,MAHARASHTRA,Central
425110,JALGAON,MAHARASHTRA,Central
424107,JALGAON,MAHARASHTRA,Central
425305,JALGAON,MAHARASHTRA,Central
424106,JALGAON,MAHARASHTRA,Central
424104,JALGAON,MAHARASHTRA,Central
424201,JALGAON,MAHARASHTRA,Central
425111,JALGAON,MAHARASHTRA,Central
425301,JALGAON,MAHARASHTRA,Central
425108,JALGAON,MAHARASHTRA,Central
425502,JALGAON,MAHARASHTRA,Central
425308,JALGAON,MAHARASHTRA,Central
425112,JALGAON,MAHARASHTRA,Central
424108,JALGAON,MAHARASHTRA,Central
425501,JALGAON,MAHARASHTRA,Central
424101,JALGAON,MAHARASHTRA,Central
425001,JALGAON,MAHARASHTRA,Central
425101,JALGAON,MAHARASHTRA,Central
425004,JALGAON,MAHARASHTRA,Central
445302,YAVATMAL,MAHARASHTRA,Central
445306,YAVATMAL,MAHARASHTRA,Central
445305,YAVATMAL,MAHARASHTRA,Central
445204,YAVATMAL,MAHARASHTRA,Central
445402,YAVATMAL,MAHARASHTRA,Central
445307,YAVATMAL,MAHARASHTRA,Central
445215,YAVATMAL,MAHARASHTRA,Central
445206,YAVATMAL,MAHARASHTRA,Central
445308,YAVATMAL,MAHARASHTRA,Central
445304,YAVATMAL,MAHARASHTRA,Central
445106,YAVATMAL,MAHARASHTRA,Central
445002,YAVATMAL,MAHARASHTRA,Central
445324,YAVATMAL,MAHARASHTRA,Central
445109,YAVATMAL,MAHARASHTRA,Central
445103,YAVATMAL,MAHARASHTRA,Central
445101,YAVATMAL,MAHARASHTRA,Central
445201,YAVATMAL,MAHARASHTRA,Central
445202,YAVATMAL,MAHARASHTRA,Central
445207,YAVATMAL,MAHARASHTRA,Central
445203,YAVATMAL,MAHARASHTRA,Central
445230,YAVATMAL,MAHARASHTRA,Central
445301,YAVATMAL,MAHARASHTRA,Central
445001,YAVATMAL,MAHARASHTRA,Central
445209,YAVATMAL,MAHARASHTRA,Central
445105,YAVATMAL,MAHARASHTRA,Central
445401,YAVATMAL,MAHARASHTRA,Central
445210,YAVATMAL,MAHARASHTRA,Central
445205,YAVATMAL,MAHARASHTRA,Central
445303,YAVATMAL,MAHARASHTRA,Central
445323,YAVATMAL,MAHARASHTRA,Central
445211,YAVATMAL,MAHARASHTRA,Central
445102,YAVATMAL,MAHARASHTRA,Central
445110,YAVATMAL,MAHARASHTRA,Central
445216,YAVATMAL,MAHARASHTRA,Central
423502,NASHIK,MAHARASHTRA,Central
423402,NASHIK,MAHARASHTRA,Central
423101,NASHIK,MAHARASHTRA,Central
423201,NASHIK,MAHARASHTRA,Central
423102,NASHIK,MAHARASHTRA,Central
422502,NASHIK,MAHARASHTRA,Central
422201,NASHIK,MAHARASHTRA,Central
422401,NASHIK,MAHARASHTRA,Central
422402,NASHIK,MAHARASHTRA,Central
422403,NASHIK,MAHARASHTRA,Central
422113,NASHIK,MAHARASHTRA,Central
422606,NASHIK,MAHARASHTRA,Central
422102,NASHIK,MAHARASHTRA,Central
422210,NASHIK,MAHARASHTRA,Central
422103,NASHIK,MAHARASHTRA,Central
422104,NASHIK,MAHARASHTRA,Central
422010,NASHIK,MAHARASHTRA,Central
422202,NASHIK,MAHARASHTRA,Central
422203,NASHIK,MAHARASHTRA,Central
422214,NASHIK,MAHARASHTRA,Central
422112,NASHIK,MAHARASHTRA,Central
422204,NASHIK,MAHARASHTRA,Central
422007,NASHIK,MAHARASHTRA,Central
422004,NASHIK,MAHARASHTRA,Central
422207,NASHIK,MAHARASHTRA,Central
422003,NASHIK,MAHARASHTRA,Central
422208,NASHIK,MAHARASHTRA,Central
422302,NASHIK,MAHARASHTRA,Central
422013,NASHIK,MAHARASHTRA,Central
422211,NASHIK,MAHARASHTRA,Central
422212,NASHIK,MAHARASHTRA,Central
422213,NASHIK,MAHARASHTRA,Central
422215,NASHIK,MAHARASHTRA,Central
422222,NASHIK,MAHARASHTRA,Central
422006,NASHIK,MAHARASHTRA,Central
422105,NASHIK,MAHARASHTRA,Central
423303,NASHIK,MAHARASHTRA,Central
423501,NASHIK,MAHARASHTRA,Central
423202,NASHIK,MAHARASHTRA,Central
422308,NASHIK,MAHARASHTRA,Central
422305,NASHIK,MAHARASHTRA,Central
422205,NASHIK,MAHARASHTRA,Central
422306,NASHIK,MAHARASHTRA,Central
423105,NASHIK,MAHARASHTRA,Central
423104,NASHIK,MAHARASHTRA,Central
423403,NASHIK,MAHARASHTRA,Central
423204,NASHIK,MAHARASHTRA,Central
423106,NASHIK,MAHARASHTRA,Central
423212,NASHIK,MAHARASHTRA,Central
422303,NASHIK,MAHARASHTRA,Central
423301,NASHIK,MAHARASHTRA,Central
424109,NASHIK,MAHARASHTRA,Central
422209,NASHIK,MAHARASHTRA,Central
423108,NASHIK,MAHARASHTRA,Central
423208,NASHIK,MAHARASHTRA,Central
423302,NASHIK,MAHARASHTRA,Central
423110,NASHIK,MAHARASHTRA,Central
423117,NASHIK,MAHARASHTRA,Central
423206,NASHIK,MAHARASHTRA,Central
423213,NASHIK,MAHARASHTRA,Central
423203,NASHIK,MAHARASHTRA,Central
423401,NASHIK,MAHARASHTRA,Central
423205,NASHIK,MAHARASHTRA,Central
422304,NASHIK,MAHARASHTRA,Central
423111,NASHIK,MAHARASHTRA,Central
422001,NASHIK,MAHARASHTRA,Central
422101,NASHIK,MAHARASHTRA,Central
422221,NASHIK,MAHARASHTRA,Central
422206,NASHIK,MAHARASHTRA,Central
422008,NASHIK,MAHARASHTRA,Central
422301,NASHIK,MAHARASHTRA,Central
422501,NASHIK,MAHARASHTRA,Central
422012,NASHIK,MAHARASHTRA,Central
422002,NASHIK,MAHARASHTRA,Central
422011,NASHIK,MAHARASHTRA,Central
422009,NASHIK,MAHARASHTRA,Central
422005,NASHIK,MAHARASHTRA,Central
444507,WASHIM,MAHARASHTRA,Central
444110,WASHIM,MAHARASHTRA,Central
444105,WASHIM,MAHARASHTRA,Central
444503,WASHIM,MAHARASHTRA,Central
444403,WASHIM,MAHARASHTRA,Central
444409,WASHIM,MAHARASHTRA,Central
444404,WASHIM,MAHARASHTRA,Central
444506,WASHIM,MAHARASHTRA,Central
444504,WASHIM,MAHARASHTRA,Central
444505,WASHIM,MAHARASHTRA,Central
444510,WASHIM,MAHARASHTRA,Central
444402,WASHIM,MAHARASHTRA,Central
414005,AHMEDNAGAR,MAHARASHTRA,Central
414305,AHMEDNAGAR,MAHARASHTRA,Central
413702,AHMEDNAGAR,MAHARASHTRA,Central
414503,AHMEDNAGAR,MAHARASHTRA,Central
414201,AHMEDNAGAR,MAHARASHTRA,Central
414607,AHMEDNAGAR,MAHARASHTRA,Central
414002,AHMEDNAGAR,MAHARASHTRA,Central
414606,AHMEDNAGAR,MAHARASHTRA,Central
414103,AHMEDNAGAR,MAHARASHTRA,Central
414504,AHMEDNAGAR,MAHARASHTRA,Central
422601,AHMEDNAGAR,MAHARASHTRA,Central
413714,AHMEDNAGAR,MAHARASHTRA,Central
413738,AHMEDNAGAR,MAHARASHTRA,Central
413737,AHMEDNAGAR,MAHARASHTRA,Central
413739,AHMEDNAGAR,MAHARASHTRA,Central
413725,AHMEDNAGAR,MAHARASHTRA,Central
413720,AHMEDNAGAR,MAHARASHTRA,Central
422611,AHMEDNAGAR,MAHARASHTRA,Central
413715,AHMEDNAGAR,MAHARASHTRA,Central
414609,AHMEDNAGAR,MAHARASHTRA,Central
413716,AHMEDNAGAR,MAHARASHTRA,Central
422620,AHMEDNAGAR,MAHARASHTRA,Central
413718,AHMEDNAGAR,MAHARASHTRA,Central
413717,AHMEDNAGAR,MAHARASHTRA,Central
413710,AHMEDNAGAR,MAHARASHTRA,Central
423602,AHMEDNAGAR,MAHARASHTRA,Central
423601,AHMEDNAGAR,MAHARASHTRA,Central
422610,AHMEDNAGAR,MAHARASHTRA,Central
414604,AHMEDNAGAR,MAHARASHTRA,Central
414603,AHMEDNAGAR,MAHARASHTRA,Central
413721,AHMEDNAGAR,MAHARASHTRA,Central
413707,AHMEDNAGAR,MAHARASHTRA,Central
423107,AHMEDNAGAR,MAHARASHTRA,Central
413706,AHMEDNAGAR,MAHARASHTRA,Central
414505,AHMEDNAGAR,MAHARASHTRA,Central
413705,AHMEDNAGAR,MAHARASHTRA,Central
422604,AHMEDNAGAR,MAHARASHTRA,Central
413719,AHMEDNAGAR,MAHARASHTRA,Central
413708,AHMEDNAGAR,MAHARASHTRA,Central
422622,AHMEDNAGAR,MAHARASHTRA,Central
422605,AHMEDNAGAR,MAHARASHTRA,Central
422602,AHMEDNAGAR,MAHARASHTRA,Central
413723,AHMEDNAGAR,MAHARASHTRA,Central
423604,AHMEDNAGAR,MAHARASHTRA,Central
423607,AHMEDNAGAR,MAHARASHTRA,Central
422603,AHMEDNAGAR,MAHARASHTRA,Central
413712,AHMEDNAGAR,MAHARASHTRA,Central
413722,AHMEDNAGAR,MAHARASHTRA,Central
413703,AHMEDNAGAR,MAHARASHTRA,Central
422608,AHMEDNAGAR,MAHARASHTRA,Central
423603,AHMEDNAGAR,MAHARASHTRA,Central
413736,AHMEDNAGAR,MAHARASHTRA,Central
423605,AHMEDNAGAR,MAHARASHTRA,Central
423109,AHMEDNAGAR,MAHARASHTRA,Central
414113,AHMEDNAGAR,MAHARASHTRA,Central
413728,AHMEDNAGAR,MAHARASHTRA,Central
414101,AHMEDNAGAR,MAHARASHTRA,Central
414401,AHMEDNAGAR,MAHARASHTRA,Central
414501,AHMEDNAGAR,MAHARASHTRA,Central
413205,AHMEDNAGAR,MAHARASHTRA,Central
414111,AHMEDNAGAR,MAHARASHTRA,Central
414302,AHMEDNAGAR,MAHARASHTRA,Central
414102,AHMEDNAGAR,MAHARASHTRA,Central
414403,AHMEDNAGAR,MAHARASHTRA,Central
414502,AHMEDNAGAR,MAHARASHTRA,Central
413701,AHMEDNAGAR,MAHARASHTRA,Central
413726,AHMEDNAGAR,MAHARASHTRA,Central
413711,AHMEDNAGAR,MAHARASHTRA,Central
414602,AHMEDNAGAR,MAHARASHTRA,Central
414006,AHMEDNAGAR,MAHARASHTRA,Central
413704,AHMEDNAGAR,MAHARASHTRA,Central
414106,AHMEDNAGAR,MAHARASHTRA,Central
414105,AHMEDNAGAR,MAHARASHTRA,Central
414301,AHMEDNAGAR,MAHARASHTRA,Central
414304,AHMEDNAGAR,MAHARASHTRA,Central
414306,AHMEDNAGAR,MAHARASHTRA,Central
413201,AHMEDNAGAR,MAHARASHTRA,Central
414402,AHMEDNAGAR,MAHARASHTRA,Central
413204,AHMEDNAGAR,MAHARASHTRA,Central
414303,AHMEDNAGAR,MAHARASHTRA,Central
414701,AHMEDNAGAR,MAHARASHTRA,Central
414601,AHMEDNAGAR,MAHARASHTRA,Central
414001,AHMEDNAGAR,MAHARASHTRA,Central
413709,AHMEDNAGAR,MAHARASHTRA,Central
414110,AHMEDNAGAR,MAHARASHTRA,Central
414003,AHMEDNAGAR,MAHARASHTRA,Central
413713,AHMEDNAGAR,MAHARASHTRA,Central
414605,AHMEDNAGAR,MAHARASHTRA,Central
431701,HINGOLI,MAHARASHTRA,Central
431705,HINGOLI,MAHARASHTRA,Central
431512,HINGOLI,MAHARASHTRA,Central
431703,HINGOLI,MAHARASHTRA,Central
431513,HINGOLI,MAHARASHTRA,Central
431702,HINGOLI,MAHARASHTRA,Central
431542,HINGOLI,MAHARASHTRA,Central
431507,JALNA,MAHARASHTRA,Central
431204,JALNA,MAHARASHTRA,Central
431212,JALNA,MAHARASHTRA,Central
431202,JALNA,MAHARASHTRA,Central
431114,JALNA,MAHARASHTRA,Central
431206,JALNA,MAHARASHTRA,Central
431213,JALNA,MAHARASHTRA,Central
431504,JALNA,MAHARASHTRA,Central
431501,JALNA,MAHARASHTRA,Central
431209,JALNA,MAHARASHTRA,Central
431211,JALNA,MAHARASHTRA,Central
431207,JALNA,MAHARASHTRA,Central
431132,JALNA,MAHARASHTRA,Central
431208,JALNA,MAHARASHTRA,Central
431214,JALNA,MAHARASHTRA,Central
431205,JALNA,MAHARASHTRA,Central
431215,JALNA,MAHARASHTRA,Central
431502,JALNA,MAHARASHTRA,Central
431203,JALNA,MAHARASHTRA,Central
415727,RATNAGIRI,MAHARASHTRA,Central
415640,RATNAGIRI,MAHARASHTRA,Central
415709,RATNAGIRI,MAHARASHTRA,Central
415604,RATNAGIRI,MAHARASHTRA,Central
415203,RATNAGIRI,MAHARASHTRA,Central
415702,RATNAGIRI,MAHARASHTRA,Central
415641,RATNAGIRI,MAHARASHTRA,Central
415715,RATNAGIRI,MAHARASHTRA,Central
415708,RATNAGIRI,MAHARASHTRA,Central
415722,RATNAGIRI,MAHARASHTRA,Central
415608,RATNAGIRI,MAHARASHTRA,Central
415202,RATNAGIRI,MAHARASHTRA,Central
415607,RATNAGIRI,MAHARASHTRA,Central
415716,RATNAGIRI,MAHARASHTRA,Central
415214,RATNAGIRI,MAHARASHTRA,Central
415701,RATNAGIRI,MAHARASHTRA,Central
415606,RATNAGIRI,MAHARASHTRA,Central
415628,RATNAGIRI,MAHARASHTRA,Central
415724,RATNAGIRI,MAHARASHTRA,Central
415602,RATNAGIRI,MAHARASHTRA,Central
415634,RATNAGIRI,MAHARASHTRA,Central
415803,RATNAGIRI,MAHARASHTRA,Central
415616,RATNAGIRI,MAHARASHTRA,Central
416702,RATNAGIRI,MAHARASHTRA,Central
415613,RATNAGIRI,MAHARASHTRA,Central
415611,RATNAGIRI,MAHARASHTRA,Central
415629,RATNAGIRI,MAHARASHTRA,Central
416704,RATNAGIRI,MAHARASHTRA,Central
415801,RATNAGIRI,MAHARASHTRA,Central
415643,RATNAGIRI,MAHARASHTRA,Central
415719,RATNAGIRI,MAHARASHTRA,Central
415711,RATNAGIRI,MAHARASHTRA,Central
415208,RATNAGIRI,MAHARASHTRA,Central
415612,RATNAGIRI,MAHARASHTRA,Central
415729,RATNAGIRI,MAHARASHTRA,Central
415610,RATNAGIRI,MAHARASHTRA,Central
415620,RATNAGIRI,MAHARASHTRA,Central
415617,RATNAGIRI,MAHARASHTRA,Central
416701,RATNAGIRI,MAHARASHTRA,Central
415639,RATNAGIRI,MAHARASHTRA,Central
415806,RATNAGIRI,MAHARASHTRA,Central
416705,RATNAGIRI,MAHARASHTRA,Central
416709,RATNAGIRI,MAHARASHTRA,Central
415802,RATNAGIRI,MAHARASHTRA,Central
415805,RATNAGIRI,MAHARASHTRA,Central
415609,RATNAGIRI,MAHARASHTRA,Central
415615,RATNAGIRI,MAHARASHTRA,Central
415605,RATNAGIRI,MAHARASHTRA,Central
415726,RATNAGIRI,MAHARASHTRA,Central
415603,RATNAGIRI,MAHARASHTRA,Central
415637,RATNAGIRI,MAHARASHTRA,Central
416712,RATNAGIRI,MAHARASHTRA,Central
415804,RATNAGIRI,MAHARASHTRA,Central
416707,RATNAGIRI,MAHARASHTRA,Central
416713,RATNAGIRI,MAHARASHTRA,Central
415619,RATNAGIRI,MAHARASHTRA,Central
415807,RATNAGIRI,MAHARASHTRA,Central
415626,RATNAGIRI,MAHARASHTRA,Central
415730,RATNAGIRI,MAHARASHTRA,Central
415621,RATNAGIRI,MAHARASHTRA,Central
415720,RATNAGIRI,MAHARASHTRA,Central
415706,RATNAGIRI,MAHARASHTRA,Central
415712,RATNAGIRI,MAHARASHTRA,Central
415714,RATNAGIRI,MAHARASHTRA,Central
415718,RATNAGIRI,MAHARASHTRA,Central
415703,RATNAGIRI,MAHARASHTRA,Central
415710,RATNAGIRI,MAHARASHTRA,Central
415728,RATNAGIRI,MAHARASHTRA,Central
415713,RATNAGIRI,MAHARASHTRA,Central
415705,RATNAGIRI,MAHARASHTRA,Central
415717,RATNAGIRI,MAHARASHTRA,Central
415614,RATNAGIRI,MAHARASHTRA,Central
415601,RATNAGIRI,MAHARASHTRA,Central
443002,BULDHANA,MAHARASHTRA,Central
443401,BULDHANA,MAHARASHTRA,Central
443201,BULDHANA,MAHARASHTRA,Central
443102,BULDHANA,MAHARASHTRA,Central
443106,BULDHANA,MAHARASHTRA,Central
443206,BULDHANA,MAHARASHTRA,Central
443204,BULDHANA,MAHARASHTRA,Central
443104,BULDHANA,MAHARASHTRA,Central
443112,BULDHANA,MAHARASHTRA,Central
443402,BULDHANA,MAHARASHTRA,Central
443101,BULDHANA,MAHARASHTRA,Central
443103,BULDHANA,MAHARASHTRA,Central
443404,BULDHANA,MAHARASHTRA,Central
443202,BULDHANA,MAHARASHTRA,Central
443203,BULDHANA,MAHARASHTRA,Central
444203,BULDHANA,MAHARASHTRA,Central
444204,BULDHANA,MAHARASHTRA,Central
444303,BULDHANA,MAHARASHTRA,Central
444301,BULDHANA,MAHARASHTRA,Central
443308,BULDHANA,MAHARASHTRA,Central
443304,BULDHANA,MAHARASHTRA,Central
443302,BULDHANA,MAHARASHTRA,Central
443301,BULDHANA,MAHARASHTRA,Central
443403,BULDHANA,MAHARASHTRA,Central
444202,BULDHANA,MAHARASHTRA,Central
443303,BULDHANA,MAHARASHTRA,Central
444312,BULDHANA,MAHARASHTRA,Central
444201,BULDHANA,MAHARASHTRA,Central
444306,BULDHANA,MAHARASHTRA,Central
443001,BULDHANA,MAHARASHTRA,Central
444304,BULDHANA,MAHARASHTRA,Central
416519,SINDHUDURG,MAHARASHTRA,Central
416511,SINDHUDURG,MAHARASHTRA,Central
416518,SINDHUDURG,MAHARASHTRA,Central
416525,SINDHUDURG,MAHARASHTRA,Central
416512,SINDHUDURG,MAHARASHTRA,Central
416513,SINDHUDURG,MAHARASHTRA,Central
416521,SINDHUDURG,MAHARASHTRA,Central
416531,SINDHUDURG,MAHARASHTRA,Central
416520,SINDHUDURG,MAHARASHTRA,Central
416514,SINDHUDURG,MAHARASHTRA,Central
416516,SINDHUDURG,MAHARASHTRA,Central
416549,SINDHUDURG,MAHARASHTRA,Central
416523,SINDHUDURG,MAHARASHTRA,Central
416522,SINDHUDURG,MAHARASHTRA,Central
416529,SINDHUDURG,MAHARASHTRA,Central
416550,SINDHUDURG,MAHARASHTRA,Central
416626,SINDHUDURG,MAHARASHTRA,Central
416524,SINDHUDURG,MAHARASHTRA,Central
416528,SINDHUDURG,MAHARASHTRA,Central
416605,SINDHUDURG,MAHARASHTRA,Central
416614,SINDHUDURG,MAHARASHTRA,Central
416628,SINDHUDURG,MAHARASHTRA,Central
416632,SINDHUDURG,MAHARASHTRA,Central
416612,SINDHUDURG,MAHARASHTRA,Central
416602,SINDHUDURG,MAHARASHTRA,Central
416603,SINDHUDURG,MAHARASHTRA,Central
416604,SINDHUDURG,MAHARASHTRA,Central
416608,SINDHUDURG,MAHARASHTRA,Central
416804,SINDHUDURG,MAHARASHTRA,Central
416613,SINDHUDURG,MAHARASHTRA,Central
416620,SINDHUDURG,MAHARASHTRA,Central
416703,SINDHUDURG,MAHARASHTRA,Central
416630,SINDHUDURG,MAHARASHTRA,Central
416811,SINDHUDURG,MAHARASHTRA,Central
416601,SINDHUDURG,MAHARASHTRA,Central
416616,SINDHUDURG,MAHARASHTRA,Central
416609,SINDHUDURG,MAHARASHTRA,Central
416610,SINDHUDURG,MAHARASHTRA,Central
416812,SINDHUDURG,MAHARASHTRA,Central
416611,SINDHUDURG,MAHARASHTRA,Central
416801,SINDHUDURG,MAHARASHTRA,Central
416813,SINDHUDURG,MAHARASHTRA,Central
416805,SINDHUDURG,MAHARASHTRA,Central
416810,SINDHUDURG,MAHARASHTRA,Central
416534,SINDHUDURG,MAHARASHTRA,Central
416806,SINDHUDURG,MAHARASHTRA,Central
416615,SINDHUDURG,MAHARASHTRA,Central
416606,SINDHUDURG,MAHARASHTRA,Central
416510,SINDHUDURG,MAHARASHTRA,Central
416803,SINDHUDURG,MAHARASHTRA,Central
416517,SINDHUDURG,MAHARASHTRA,Central
416807,SINDHUDURG,MAHARASHTRA,Central
416515,SINDHUDURG,MAHARASHTRA,Central
416623,SINDHUDURG,MAHARASHTRA,Central
431718,NANDED,MAHARASHTRA,Central
431808,NANDED,MAHARASHTRA,Central
431804,NANDED,MAHARASHTRA,Central
431742,NANDED,MAHARASHTRA,Central
431708,NANDED,MAHARASHTRA,Central
431721,NANDED,MAHARASHTRA,Central
431805,NANDED,MAHARASHTRA,Central
431806,NANDED,MAHARASHTRA,Central
431719,NANDED,MAHARASHTRA,Central
431715,NANDED,MAHARASHTRA,Central
431709,NANDED,MAHARASHTRA,Central
431743,NANDED,MAHARASHTRA,Central
431723,NANDED,MAHARASHTRA,Central
431736,NANDED,MAHARASHTRA,Central
431711,NANDED,MAHARASHTRA,Central
431707,NANDED,MAHARASHTRA,Central
431731,NANDED,MAHARASHTRA,Central
431713,NANDED,MAHARASHTRA,Central
431605,NANDED,MAHARASHTRA,Central
431807,NANDED,MAHARASHTRA,Central
431606,NANDED,MAHARASHTRA,Central
431602,NANDED,MAHARASHTRA,Central
431704,NANDED,MAHARASHTRA,Central
431750,NANDED,MAHARASHTRA,Central
431745,NANDED,MAHARASHTRA,Central
431746,NANDED,MAHARASHTRA,Central
431801,NANDED,MAHARASHTRA,Central
431710,NANDED,MAHARASHTRA,Central
431810,NANDED,MAHARASHTRA,Central
431603,NANDED,MAHARASHTRA,Central
431717,NANDED,MAHARASHTRA,Central
431809,NANDED,MAHARASHTRA,Central
431722,NANDED,MAHARASHTRA,Central
431811,NANDED,MAHARASHTRA,Central
431712,NANDED,MAHARASHTRA,Central
431741,NANDED,MAHARASHTRA,Central
431802,NANDED,MAHARASHTRA,Central
431803,NANDED,MAHARASHTRA,Central
431716,NANDED,MAHARASHTRA,Central
431714,NANDED,MAHARASHTRA,Central
431601,NANDED,MAHARASHTRA,Central
431604,NANDED,MAHARASHTRA,Central
413208,SOLAPUR,MAHARASHTRA,Central
413209,SOLAPUR,MAHARASHTRA,Central
413306,SOLAPUR,MAHARASHTRA,Central
413250,SOLAPUR,MAHARASHTRA,Central
413216,SOLAPUR,MAHARASHTRA,Central
413401,SOLAPUR,MAHARASHTRA,Central
413409,SOLAPUR,MAHARASHTRA,Central
413214,SOLAPUR,MAHARASHTRA,Central
413226,SOLAPUR,MAHARASHTRA,Central
413220,SOLAPUR,MAHARASHTRA,Central
413406,SOLAPUR,MAHARASHTRA,Central
413215,SOLAPUR,MAHARASHTRA,Central
413253,SOLAPUR,MAHARASHTRA,Central
413219,SOLAPUR,MAHARASHTRA,Central
413217,SOLAPUR,MAHARASHTRA,Central
413221,SOLAPUR,MAHARASHTRA,Central
413410,SOLAPUR,MAHARASHTRA,Central
413213,SOLAPUR,MAHARASHTRA,Central
413227,SOLAPUR,MAHARASHTRA,Central
413222,SOLAPUR,MAHARASHTRA,Central
413403,SOLAPUR,MAHARASHTRA,Central
413404,SOLAPUR,MAHARASHTRA,Central
413248,SOLAPUR,MAHARASHTRA,Central
413324,SOLAPUR,MAHARASHTRA,Central
413224,SOLAPUR,MAHARASHTRA,Central
413002,SOLAPUR,MAHARASHTRA,Central
413008,SOLAPUR,MAHARASHTRA,Central
413255,SOLAPUR,MAHARASHTRA,Central
413412,SOLAPUR,MAHARASHTRA,Central
413402,SOLAPUR,MAHARASHTRA,Central
413304,SOLAPUR,MAHARASHTRA,Central
413101,SOLAPUR,MAHARASHTRA,Central
413212,SOLAPUR,MAHARASHTRA,Central
413322,SOLAPUR,MAHARASHTRA,Central
413309,SOLAPUR,MAHARASHTRA,Central
413202,SOLAPUR,MAHARASHTRA,Central
413302,SOLAPUR,MAHARASHTRA,Central
413203,SOLAPUR,MAHARASHTRA,Central
413006,SOLAPUR,MAHARASHTRA,Central
413223,SOLAPUR,MAHARASHTRA,Central
413206,SOLAPUR,MAHARASHTRA,Central
413317,SOLAPUR,MAHARASHTRA,Central
413315,SOLAPUR,MAHARASHTRA,Central
413314,SOLAPUR,MAHARASHTRA,Central
413107,SOLAPUR,MAHARASHTRA,Central
413305,SOLAPUR,MAHARASHTRA,Central
413319,SOLAPUR,MAHARASHTRA,Central
413301,SOLAPUR,MAHARASHTRA,Central
413218,SOLAPUR,MAHARASHTRA,Central
413228,SOLAPUR,MAHARASHTRA,Central
413109,SOLAPUR,MAHARASHTRA,Central
413308,SOLAPUR,MAHARASHTRA,Central
413252,SOLAPUR,MAHARASHTRA,Central
413111,SOLAPUR,MAHARASHTRA,Central
413307,SOLAPUR,MAHARASHTRA,Central
413112,SOLAPUR,MAHARASHTRA,Central
413108,SOLAPUR,MAHARASHTRA,Central
413310,SOLAPUR,MAHARASHTRA,Central
413251,SOLAPUR,MAHARASHTRA,Central
413211,SOLAPUR,MAHARASHTRA,Central
413113,SOLAPUR,MAHARASHTRA,Central
413210,SOLAPUR,MAHARASHTRA,Central
413001,SOLAPUR,MAHARASHTRA,Central
413004,SOLAPUR,MAHARASHTRA,Central
413005,SOLAPUR,MAHARASHTRA,Central
413411,SOLAPUR,MAHARASHTRA,Central
413007,SOLAPUR,MAHARASHTRA,Central
413003,SOLAPUR,MAHARASHTRA,Central
413118,SOLAPUR,MAHARASHTRA,Central
413303,SOLAPUR,MAHARASHTRA,Central
441903,BHANDARA,MAHARASHTRA,Central
441914,BHANDARA,MAHARASHTRA,Central
441906,BHANDARA,MAHARASHTRA,Central
441905,BHANDARA,MAHARASHTRA,Central
441805,BHANDARA,MAHARASHTRA,Central
441908,BHANDARA,MAHARASHTRA,Central
441803,BHANDARA,MAHARASHTRA,Central
441804,BHANDARA,MAHARASHTRA,Central
441924,BHANDARA,MAHARASHTRA,Central
441907,BHANDARA,MAHARASHTRA,Central
441910,BHANDARA,MAHARASHTRA,Central
441909,BHANDARA,MAHARASHTRA,Central
441809,BHANDARA,MAHARASHTRA,Central
441802,BHANDARA,MAHARASHTRA,Central
441915,BHANDARA,MAHARASHTRA,Central
441912,BHANDARA,MAHARASHTRA,Central
441913,BHANDARA,MAHARASHTRA,Central
441904,BHANDARA,MAHARASHTRA,Central
416303,SANGLI,MAHARASHTRA,Central
416403,SANGLI,MAHARASHTRA,Central
416404,SANGLI,MAHARASHTRA,Central
416405,SANGLI,MAHARASHTRA,Central
416411,SANGLI,MAHARASHTRA,Central
416418,SANGLI,MAHARASHTRA,Central
416412,SANGLI,MAHARASHTRA,Central
416311,SANGLI,MAHARASHTRA,Central
416419,SANGLI,MAHARASHTRA,Central
416312,SANGLI,MAHARASHTRA,Central
416402,SANGLI,MAHARASHTRA,Central
416407,SANGLI,MAHARASHTRA,Central
416401,SANGLI,MAHARASHTRA,Central
416409,SANGLI,MAHARASHTRA,Central
416420,SANGLI,MAHARASHTRA,Central
416413,SANGLI,MAHARASHTRA,Central
416414,SANGLI,MAHARASHTRA,Central
416415,SANGLI,MAHARASHTRA,Central
415401,SANGLI,MAHARASHTRA,Central
416301,SANGLI,MAHARASHTRA,Central
415301,SANGLI,MAHARASHTRA,Central
416302,SANGLI,MAHARASHTRA,Central
415402,SANGLI,MAHARASHTRA,Central
416304,SANGLI,MAHARASHTRA,Central
415305,SANGLI,MAHARASHTRA,Central
416314,SANGLI,MAHARASHTRA,Central
415412,SANGLI,MAHARASHTRA,Central
415303,SANGLI,MAHARASHTRA,Central
415315,SANGLI,MAHARASHTRA,Central
415304,SANGLI,MAHARASHTRA,Central
415306,SANGLI,MAHARASHTRA,Central
416306,SANGLI,MAHARASHTRA,Central
415308,SANGLI,MAHARASHTRA,Central
416308,SANGLI,MAHARASHTRA,Central
416436,SANGLI,MAHARASHTRA,Central
415302,SANGLI,MAHARASHTRA,Central
415413,SANGLI,MAHARASHTRA,Central
416315,SANGLI,MAHARASHTRA,Central
415403,SANGLI,MAHARASHTRA,Central
415307,SANGLI,MAHARASHTRA,Central
415405,SANGLI,MAHARASHTRA,Central
416309,SANGLI,MAHARASHTRA,Central
415309,SANGLI,MAHARASHTRA,Central
415310,SANGLI,MAHARASHTRA,Central
416408,SANGLI,MAHARASHTRA,Central
416310,SANGLI,MAHARASHTRA,Central
415407,SANGLI,MAHARASHTRA,Central
415404,SANGLI,MAHARASHTRA,Central
415414,SANGLI,MAHARASHTRA,Central
415408,SANGLI,MAHARASHTRA,Central
415311,SANGLI,MAHARASHTRA,Central
416313,SANGLI,MAHARASHTRA,Central
415415,SANGLI,MAHARASHTRA,Central
415406,SANGLI,MAHARASHTRA,Central
415409,SANGLI,MAHARASHTRA,Central
415410,SANGLI,MAHARASHTRA,Central
415411,SANGLI,MAHARASHTRA,Central
416305,SANGLI,MAHARASHTRA,Central
415313,SANGLI,MAHARASHTRA,Central
416410,SANGLI,MAHARASHTRA,Central
416416,SANGLI,MAHARASHTRA,Central
416316,SANGLI,MAHARASHTRA,Central
416307,SANGLI,MAHARASHTRA,Central
416437,SANGLI,MAHARASHTRA,Central
416417,SANGLI,MAHARASHTRA,Central
416406,SANGLI,MAHARASHTRA,Central
431110,AURANGABAD,MAHARASHTRA,Central
431116,AURANGABAD,MAHARASHTRA,Central
423701,AURANGABAD,MAHARASHTRA,Central
431133,AURANGABAD,MAHARASHTRA,Central
431154,AURANGABAD,MAHARASHTRA,Central
431117,AURANGABAD,MAHARASHTRA,Central
431150,AURANGABAD,MAHARASHTRA,Central
431113,AURANGABAD,MAHARASHTRA,Central
431102,AURANGABAD,MAHARASHTRA,Central
431109,AURANGABAD,MAHARASHTRA,Central
431103,AURANGABAD,MAHARASHTRA,Central
431101,AURANGABAD,MAHARASHTRA,Central
423702,AURANGABAD,MAHARASHTRA,Central
431118,AURANGABAD,MAHARASHTRA,Central
431112,AURANGABAD,MAHARASHTRA,Central
431135,AURANGABAD,MAHARASHTRA,Central
431120,AURANGABAD,MAHARASHTRA,Central
431008,AURANGABAD,MAHARASHTRA,Central
431152,AURANGABAD,MAHARASHTRA,Central
431121,AURANGABAD,MAHARASHTRA,Central
431107,AURANGABAD,MAHARASHTRA,Central
431148,AURANGABAD,MAHARASHTRA,Central
423703,AURANGABAD,MAHARASHTRA,Central
431111,AURANGABAD,MAHARASHTRA,Central
431104,AURANGABAD,MAHARASHTRA,Central
431151,AURANGABAD,MAHARASHTRA,Central
431134,AURANGABAD,MAHARASHTRA,Central
431136,AURANGABAD,MAHARASHTRA,Central
431105,AURANGABAD,MAHARASHTRA,Central
431007,AURANGABAD,MAHARASHTRA,Central
431147,AURANGABAD,MAHARASHTRA,Central
431115,AURANGABAD,MAHARASHTRA,Central
431002,AURANGABAD,MAHARASHTRA,Central
431137,AURANGABAD,MAHARASHTRA,Central
431001,AURANGABAD,MAHARASHTRA,Central
431004,AURANGABAD,MAHARASHTRA,Central
431005,AURANGABAD,MAHARASHTRA,Central
431006,AURANGABAD,MAHARASHTRA,Central
431003,AURANGABAD,MAHARASHTRA,Central
431011,AURANGABAD,MAHARASHTRA,Central
431009,AURANGABAD,MAHARASHTRA,Central
431010,AURANGABAD,MAHARASHTRA,Central
412205,PUNE,MAHARASHTRA,Central
412216,PUNE,MAHARASHTRA,Central
410510,PUNE,MAHARASHTRA,Central
412219,PUNE,MAHARASHTRA,Central
410401,PUNE,MAHARASHTRA,Central
410503,PUNE,MAHARASHTRA,Central
412220,PUNE,MAHARASHTRA,Central
410504,PUNE,MAHARASHTRA,Central
412213,PUNE,MAHARASHTRA,Central
412211,PUNE,MAHARASHTRA,Central
413120,PUNE,MAHARASHTRA,Central
412218,PUNE,MAHARASHTRA,Central
412201,PUNE,MAHARASHTRA,Central
413115,PUNE,MAHARASHTRA,Central
413802,PUNE,MAHARASHTRA,Central
412307,PUNE,MAHARASHTRA,Central
412304,PUNE,MAHARASHTRA,Central
412312,PUNE,MAHARASHTRA,Central
412212,PUNE,MAHARASHTRA,Central
413114,PUNE,MAHARASHTRA,Central
412214,PUNE,MAHARASHTRA,Central
412107,PUNE,MAHARASHTRA,Central
412108,PUNE,MAHARASHTRA,Central
412115,PUNE,MAHARASHTRA,Central
412104,PUNE,MAHARASHTRA,Central
410505,PUNE,MAHARASHTRA,Central
412209,PUNE,MAHARASHTRA,Central
412301,PUNE,MAHARASHTRA,Central
410516,PUNE,MAHARASHTRA,Central
412210,PUNE,MAHARASHTRA,Central
413116,PUNE,MAHARASHTRA,Central
412204,PUNE,MAHARASHTRA,Central
410506,PUNE,MAHARASHTRA,Central
412208,PUNE,MAHARASHTRA,Central
410507,PUNE,MAHARASHTRA,Central
412202,PUNE,MAHARASHTRA,Central
412402,PUNE,MAHARASHTRA,Central
412103,PUNE,MAHARASHTRA,Central
412106,PUNE,MAHARASHTRA,Central
412305,PUNE,MAHARASHTRA,Central
412311,PUNE,MAHARASHTRA,Central
410512,PUNE,MAHARASHTRA,Central
412308,PUNE,MAHARASHTRA,Central
412412,PUNE,MAHARASHTRA,Central
412110,PUNE,MAHARASHTRA,Central
412207,PUNE,MAHARASHTRA,Central
412215,PUNE,MAHARASHTRA,Central
410501,PUNE,MAHARASHTRA,Central
413801,PUNE,MAHARASHTRA,Central
412101,PUNE,MAHARASHTRA,Central
410509,PUNE,MAHARASHTRA,Central
412408,PUNE,MAHARASHTRA,Central
411025,PUNE,MAHARASHTRA,Central
413106,PUNE,MAHARASHTRA,Central
412303,PUNE,MAHARASHTRA,Central
410502,PUNE,MAHARASHTRA,Central
412404,PUNE,MAHARASHTRA,Central
410515,PUNE,MAHARASHTRA,Central
410405,PUNE,MAHARASHTRA,Central
412203,PUNE,MAHARASHTRA,Central
410511,PUNE,MAHARASHTRA,Central
412306,PUNE,MAHARASHTRA,Central
410513,PUNE,MAHARASHTRA,Central
412109,PUNE,MAHARASHTRA,Central
410402,PUNE,MAHARASHTRA,Central
410406,PUNE,MAHARASHTRA,Central
412409,PUNE,MAHARASHTRA,Central
412403,PUNE,MAHARASHTRA,Central
413110,PUNE,MAHARASHTRA,Central
412102,PUNE,MAHARASHTRA,Central
413132,PUNE,MAHARASHTRA,Central
411033,PUNE,MAHARASHTRA,Central
411048,PUNE,MAHARASHTRA,Central
411062,PUNE,MAHARASHTRA,Central
412401,PUNE,MAHARASHTRA,Central
412406,PUNE,MAHARASHTRA,Central
413133,PUNE,MAHARASHTRA,Central
413102,PUNE,MAHARASHTRA,Central
413103,PUNE,MAHARASHTRA,Central
413105,PUNE,MAHARASHTRA,Central
412206,PUNE,MAHARASHTRA,Central
412411,PUNE,MAHARASHTRA,Central
412105,PUNE,MAHARASHTRA,Central
412405,PUNE,MAHARASHTRA,Central
412410,PUNE,MAHARASHTRA,Central
413104,PUNE,MAHARASHTRA,Central
411015,PUNE,MAHARASHTRA,Central
411057,PUNE,MAHARASHTRA,Central
411047,PUNE,MAHARASHTRA,Central
411036,PUNE,MAHARASHTRA,Central
411017,PUNE,MAHARASHTRA,Central
413130,PUNE,MAHARASHTRA,Central
411014,PUNE,MAHARASHTRA,Central
411021,PUNE,MAHARASHTRA,Central
411023,PUNE,MAHARASHTRA,Central
411046,PUNE,MAHARASHTRA,Central
411045,PUNE,MAHARASHTRA,Central
411002,PUNE,MAHARASHTRA,Central
411001,PUNE,MAHARASHTRA,Central
411005,PUNE,MAHARASHTRA,Central
411037,PUNE,MAHARASHTRA,Central
411028,PUNE,MAHARASHTRA,Central
412112,PUNE,MAHARASHTRA,Central
410508,PUNE,MAHARASHTRA,Central
410403,PUNE,MAHARASHTRA,Central
411043,PUNE,MAHARASHTRA,Central
411016,PUNE,MAHARASHTRA,Central
411024,PUNE,MAHARASHTRA,Central
411030,PUNE,MAHARASHTRA,Central
411039,PUNE,MAHARASHTRA,Central
411019,PUNE,MAHARASHTRA,Central
411012,PUNE,MAHARASHTRA,Central
411013,PUNE,MAHARASHTRA,Central
411069,PUNE,MAHARASHTRA,Central
411032,PUNE,MAHARASHTRA,Central
411026,PUNE,MAHARASHTRA,Central
411003,PUNE,MAHARASHTRA,Central
411060,PUNE,MAHARASHTRA,Central
411018,PUNE,MAHARASHTRA,Central
411035,PUNE,MAHARASHTRA,Central
411027,PUNE,MAHARASHTRA,Central
411031,PUNE,MAHARASHTRA,Central
410301,PUNE,MAHARASHTRA,Central
410302,PUNE,MAHARASHTRA,Central
411038,PUNE,MAHARASHTRA,Central
411052,PUNE,MAHARASHTRA,Central
411011,PUNE,MAHARASHTRA,Central
411009,PUNE,MAHARASHTRA,Central
411042,PUNE,MAHARASHTRA,Central
411068,PUNE,MAHARASHTRA,Central
411034,PUNE,MAHARASHTRA,Central
411044,PUNE,MAHARASHTRA,Central
411006,PUNE,MAHARASHTRA,Central
411022,PUNE,MAHARASHTRA,Central
411040,PUNE,MAHARASHTRA,Central
411051,PUNE,MAHARASHTRA,Central
411020,PUNE,MAHARASHTRA,Central
411004,PUNE,MAHARASHTRA,Central
411058,PUNE,MAHARASHTRA,Central
411067,PUNE,MAHARASHTRA,Central
411061,PUNE,MAHARASHTRA,Central
411007,PUNE,MAHARASHTRA,Central
411008,PUNE,MAHARASHTRA,Central
411041,PUNE,MAHARASHTRA,Central
402101,RAIGAD,MAHARASHTRA,Central
402302,RAIGAD,MAHARASHTRA,Central
410208,RAIGAD,MAHARASHTRA,Central
400702,RAIGAD,MAHARASHTRA,Central
410206,RAIGAD,MAHARASHTRA,Central
400707,RAIGAD,MAHARASHTRA,Central
410201,RAIGAD,MAHARASHTRA,Central
400704,RAIGAD,MAHARASHTRA,Central
410101,RAIGAD,MAHARASHTRA,Central
410220,RAIGAD,MAHARASHTRA,Central
402308,RAIGAD,MAHARASHTRA,Central
402403,RAIGAD,MAHARASHTRA,Central
402114,RAIGAD,MAHARASHTRA,Central
402203,RAIGAD,MAHARASHTRA,Central
410221,RAIGAD,MAHARASHTRA,Central
410207,RAIGAD,MAHARASHTRA,Central
410203,RAIGAD,MAHARASHTRA,Central
402303,RAIGAD,MAHARASHTRA,Central
402108,RAIGAD,MAHARASHTRA,Central
402208,RAIGAD,MAHARASHTRA,Central
402116,RAIGAD,MAHARASHTRA,Central
402109,RAIGAD,MAHARASHTRA,Central
402202,RAIGAD,MAHARASHTRA,Central
410202,RAIGAD,MAHARASHTRA,Central
402404,RAIGAD,MAHARASHTRA,Central
402103,RAIGAD,MAHARASHTRA,Central
402401,RAIGAD,MAHARASHTRA,Central
402304,RAIGAD,MAHARASHTRA,Central
402209,RAIGAD,MAHARASHTRA,Central
402301,RAIGAD,MAHARASHTRA,Central
402104,RAIGAD,MAHARASHTRA,Central
402105,RAIGAD,MAHARASHTRA,Central
402309,RAIGAD,MAHARASHTRA,Central
402305,RAIGAD,MAHARASHTRA,Central
402120,RAIGAD,MAHARASHTRA,Central
410205,RAIGAD,MAHARASHTRA,Central
402107,RAIGAD,MAHARASHTRA,Central
402117,RAIGAD,MAHARASHTRA,Central
402106,RAIGAD,MAHARASHTRA,Central
402122,RAIGAD,MAHARASHTRA,Central
402110,RAIGAD,MAHARASHTRA,Central
402111,RAIGAD,MAHARASHTRA,Central
402112,RAIGAD,MAHARASHTRA,Central
402306,RAIGAD,MAHARASHTRA,Central
402307,RAIGAD,MAHARASHTRA,Central
402113,RAIGAD,MAHARASHTRA,Central
402115,RAIGAD,MAHARASHTRA,Central
402126,RAIGAD,MAHARASHTRA,Central
402102,RAIGAD,MAHARASHTRA,Central
402402,RAIGAD,MAHARASHTRA,Central
402204,RAIGAD,MAHARASHTRA,Central
402201,RAIGAD,MAHARASHTRA,Central
410204,RAIGAD,MAHARASHTRA,Central
410102,RAIGAD,MAHARASHTRA,Central
415213,RAIGAD,MAHARASHTRA,Central
410209,RAIGAD,MAHARASHTRA,Central
410210,RAIGAD,MAHARASHTRA,Central
410222,RAIGAD,MAHARASHTRA,Central
410216,RAIGAD,MAHARASHTRA,Central
410218,RAIGAD,MAHARASHTRA,Central
402125,RAIGAD,MAHARASHTRA,Central
402207,RAIGAD,MAHARASHTRA,Central
431508,PARBHANI,MAHARASHTRA,Central
431521,PARBHANI,MAHARASHTRA,Central
431514,PARBHANI,MAHARASHTRA,Central
431509,PARBHANI,MAHARASHTRA,Central
431505,PARBHANI,MAHARASHTRA,Central
431402,PARBHANI,MAHARASHTRA,Central
431720,PARBHANI,MAHARASHTRA,Central
431506,PARBHANI,MAHARASHTRA,Central
431537,PARBHANI,MAHARASHTRA,Central
431541,PARBHANI,MAHARASHTRA,Central
431516,PARBHANI,MAHARASHTRA,Central
431511,PARBHANI,MAHARASHTRA,Central
431536,PARBHANI,MAHARASHTRA,Central
431503,PARBHANI,MAHARASHTRA,Central
431510,PARBHANI,MAHARASHTRA,Central
431540,PARBHANI,MAHARASHTRA,Central
431401,PARBHANI,MAHARASHTRA,Central
400708,THANE,MAHARASHTRA,Central
400706,THANE,MAHARASHTRA,Central
421402,THANE,MAHARASHTRA,Central
421201,THANE,MAHARASHTRA,Central
421602,THANE,MAHARASHTRA,Central
421306,THANE,MAHARASHTRA,Central
421403,THANE,MAHARASHTRA,Central
421503,THANE,MAHARASHTRA,Central
421401,THANE,MAHARASHTRA,Central
421103,THANE,MAHARASHTRA,Central
421601,THANE,MAHARASHTRA,Central
400608,THANE,MAHARASHTRA,Central
421302,THANE,MAHARASHTRA,Central
421301,THANE,MAHARASHTRA,Central
421605,THANE,MAHARASHTRA,Central
400612,THANE,MAHARASHTRA,Central
421204,THANE,MAHARASHTRA,Central
421505,THANE,MAHARASHTRA,Central
421603,THANE,MAHARASHTRA,Central
421102,THANE,MAHARASHTRA,Central
400607,THANE,MAHARASHTRA,Central
421311,THANE,MAHARASHTRA,Central
401101,THANE,MAHARASHTRA,Central
401107,THANE,MAHARASHTRA,Central
401106,THANE,MAHARASHTRA,Central
400601,THANE,MAHARASHTRA,Central
400701,THANE,MAHARASHTRA,Central
400710,THANE,MAHARASHTRA,Central
400703,THANE,MAHARASHTRA,Central
421501,THANE,MAHARASHTRA,Central
421002,THANE,MAHARASHTRA,Central
421203,THANE,MAHARASHTRA,Central
421004,THANE,MAHARASHTRA,Central
421308,THANE,MAHARASHTRA,Central
400605,THANE,MAHARASHTRA,Central
400602,THANE,MAHARASHTRA,Central
400615,THANE,MAHARASHTRA,Central
400705,THANE,MAHARASHTRA,Central
400709,THANE,MAHARASHTRA,Central
421005,THANE,MAHARASHTRA,Central
400603,THANE,MAHARASHTRA,Central
421101,THANE,MAHARASHTRA,Central
421305,THANE,MAHARASHTRA,Central
421502,THANE,MAHARASHTRA,Central
400610,THANE,MAHARASHTRA,Central
400614,THANE,MAHARASHTRA,Central
421506,THANE,MAHARASHTRA,Central
421202,THANE,MAHARASHTRA,Central
400606,THANE,MAHARASHTRA,Central
400604,THANE,MAHARASHTRA,Central
401206,THANE,MAHARASHTRA,Central
421003,THANE,MAHARASHTRA,Central
421001,THANE,MAHARASHTRA,Central
401405,PALGHAR,MAHARASHTRA,Central
421312,PALGHAR,MAHARASHTRA,Central
401301,PALGHAR,MAHARASHTRA,Central
401202,PALGHAR,MAHARASHTRA,Central
401201,PALGHAR,MAHARASHTRA,Central
401501,PALGHAR,MAHARASHTRA,Central
401602,PALGHAR,MAHARASHTRA,Central
401603,PALGHAR,MAHARASHTRA,Central
401403,PALGHAR,MAHARASHTRA,Central
401604,PALGHAR,MAHARASHTRA,Central
401203,PALGHAR,MAHARASHTRA,Central
401606,PALGHAR,MAHARASHTRA,Central
401502,PALGHAR,MAHARASHTRA,Central
401102,PALGHAR,MAHARASHTRA,Central
401204,PALGHAR,MAHARASHTRA,Central
401103,PALGHAR,MAHARASHTRA,Central
401303,PALGHAR,MAHARASHTRA,Central
421303,PALGHAR,MAHARASHTRA,Central
401701,PALGHAR,MAHARASHTRA,Central
401503,PALGHAR,MAHARASHTRA,Central
401601,PALGHAR,MAHARASHTRA,Central
401607,PALGHAR,MAHARASHTRA,Central
401401,PALGHAR,MAHARASHTRA,Central
401504,PALGHAR,MAHARASHTRA,Central
401208,PALGHAR,MAHARASHTRA,Central
401605,PALGHAR,MAHARASHTRA,Central
401304,PALGHAR,MAHARASHTRA,Central
401207,PALGHAR,MAHARASHTRA,Central
401404,PALGHAR,MAHARASHTRA,Central
401302,PALGHAR,MAHARASHTRA,Central
401702,PALGHAR,MAHARASHTRA,Central
401506,PALGHAR,MAHARASHTRA,Central
401305,PALGHAR,MAHARASHTRA,Central
401703,PALGHAR,MAHARASHTRA,Central
401209,PALGHAR,MAHARASHTRA,Central
401105,PALGHAR,MAHARASHTRA,Central
401608,PALGHAR,MAHARASHTRA,Central
401402,PALGHAR,MAHARASHTRA,Central
442001,WARDHA,MAHARASHTRA,Central
442307,WARDHA,MAHARASHTRA,Central
442102,WARDHA,MAHARASHTRA,Central
442201,WARDHA,MAHARASHTRA,Central
442202,WARDHA,MAHARASHTRA,Central
442101,WARDHA,MAHARASHTRA,Central
442301,WARDHA,MAHARASHTRA,Central
442203,WARDHA,MAHARASHTRA,Central
442106,WARDHA,MAHARASHTRA,Central
442306,WARDHA,MAHARASHTRA,Central
442302,WARDHA,MAHARASHTRA,Central
442304,WARDHA,MAHARASHTRA,Central
442104,WARDHA,MAHARASHTRA,Central
442305,WARDHA,MAHARASHTRA,Central
442003,WARDHA,MAHARASHTRA,Central
442111,WARDHA,MAHARASHTRA,Central
442105,WARDHA,MAHARASHTRA,Central
442107,WARDHA,MAHARASHTRA,Central
442303,WARDHA,MAHARASHTRA,Central
416506,KOLHAPUR,MAHARASHTRA,Central
416207,KOLHAPUR,MAHARASHTRA,Central
416210,KOLHAPUR,MAHARASHTRA,Central
416216,KOLHAPUR,MAHARASHTRA,Central
416218,KOLHAPUR,MAHARASHTRA,Central
416120,KOLHAPUR,MAHARASHTRA,Central
416107,KOLHAPUR,MAHARASHTRA,Central
416138,KOLHAPUR,MAHARASHTRA,Central
416109,KOLHAPUR,MAHARASHTRA,Central
416209,KOLHAPUR,MAHARASHTRA,Central
416507,KOLHAPUR,MAHARASHTRA,Central
416143,KOLHAPUR,MAHARASHTRA,Central
416101,KOLHAPUR,MAHARASHTRA,Central
416114,KOLHAPUR,MAHARASHTRA,Central
416111,KOLHAPUR,MAHARASHTRA,Central
416106,KOLHAPUR,MAHARASHTRA,Central
416104,KOLHAPUR,MAHARASHTRA,Central
416103,KOLHAPUR,MAHARASHTRA,Central
416112,KOLHAPUR,MAHARASHTRA,Central
416205,KOLHAPUR,MAHARASHTRA,Central
416001,KOLHAPUR,MAHARASHTRA,Central
416230,KOLHAPUR,MAHARASHTRA,Central
416203,KOLHAPUR,MAHARASHTRA,Central
416110,KOLHAPUR,MAHARASHTRA,Central
416146,KOLHAPUR,MAHARASHTRA,Central
416121,KOLHAPUR,MAHARASHTRA,Central
416108,KOLHAPUR,MAHARASHTRA,Central
416231,KOLHAPUR,MAHARASHTRA,Central
416005,KOLHAPUR,MAHARASHTRA,Central
416105,KOLHAPUR,MAHARASHTRA,Central
416102,KOLHAPUR,MAHARASHTRA,Central
416113,KOLHAPUR,MAHARASHTRA,Central
416526,KOLHAPUR,MAHARASHTRA,Central
416508,KOLHAPUR,MAHARASHTRA,Central
416204,KOLHAPUR,MAHARASHTRA,Central
416503,KOLHAPUR,MAHARASHTRA,Central
415101,KOLHAPUR,MAHARASHTRA,Central
416223,KOLHAPUR,MAHARASHTRA,Central
416122,KOLHAPUR,MAHARASHTRA,Central
416219,KOLHAPUR,MAHARASHTRA,Central
416504,KOLHAPUR,MAHARASHTRA,Central
416551,KOLHAPUR,MAHARASHTRA,Central
416202,KOLHAPUR,MAHARASHTRA,Central
416118,KOLHAPUR,MAHARASHTRA,Central
416235,KOLHAPUR,MAHARASHTRA,Central
416214,KOLHAPUR,MAHARASHTRA,Central
416215,KOLHAPUR,MAHARASHTRA,Central
416232,KOLHAPUR,MAHARASHTRA,Central
416220,KOLHAPUR,MAHARASHTRA,Central
416221,KOLHAPUR,MAHARASHTRA,Central
416201,KOLHAPUR,MAHARASHTRA,Central
416234,KOLHAPUR,MAHARASHTRA,Central
416211,KOLHAPUR,MAHARASHTRA,Central
416212,KOLHAPUR,MAHARASHTRA,Central
416011,KOLHAPUR,MAHARASHTRA,Central
416236,KOLHAPUR,MAHARASHTRA,Central
416505,KOLHAPUR,MAHARASHTRA,Central
416229,KOLHAPUR,MAHARASHTRA,Central
416213,KOLHAPUR,MAHARASHTRA,Central
416208,KOLHAPUR,MAHARASHTRA,Central
416509,KOLHAPUR,MAHARASHTRA,Central
416501,KOLHAPUR,MAHARASHTRA,Central
416502,KOLHAPUR,MAHARASHTRA,Central
416206,KOLHAPUR,MAHARASHTRA,Central
416010,KOLHAPUR,MAHARASHTRA,Central
416013,KOLHAPUR,MAHARASHTRA,Central
416552,KOLHAPUR,MAHARASHTRA,Central
416119,KOLHAPUR,MAHARASHTRA,Central
416004,KOLHAPUR,MAHARASHTRA,Central
416003,KOLHAPUR,MAHARASHTRA,Central
416115,KOLHAPUR,MAHARASHTRA,Central
416012,KOLHAPUR,MAHARASHTRA,Central
416002,KOLHAPUR,MAHARASHTRA,Central
416008,KOLHAPUR,MAHARASHTRA,Central
416006,KOLHAPUR,MAHARASHTRA,Central
416527,KOLHAPUR,MAHARASHTRA,Central
416007,KOLHAPUR,MAHARASHTRA,Central
416144,KOLHAPUR,MAHARASHTRA,Central
416116,KOLHAPUR,MAHARASHTRA,Central
400021,MUMBAI,MAHARASHTRA,Central
400014,MUMBAI,MAHARASHTRA,Central
400001,MUMBAI,MAHARASHTRA,Central
400008,MUMBAI,MAHARASHTRA,Central
400002,MUMBAI,MAHARASHTRA,Central
400016,MUMBAI,MAHARASHTRA,Central
400011,MUMBAI,MAHARASHTRA,Central
400006,MUMBAI,MAHARASHTRA,Central
400020,MUMBAI,MAHARASHTRA,Central
400005,MUMBAI,MAHARASHTRA,Central
400007,MUMBAI,MAHARASHTRA,Central
400034,MUMBAI,MAHARASHTRA,Central
400035,MUMBAI,MAHARASHTRA,Central
400004,MUMBAI,MAHARASHTRA,Central
400028,MUMBAI,MAHARASHTRA,Central
400017,MUMBAI,MAHARASHTRA,Central
400025,MUMBAI,MAHARASHTRA,Central
400018,MUMBAI,MAHARASHTRA,Central
400026,MUMBAI,MAHARASHTRA,Central
400032,MUMBAI,MAHARASHTRA,Central
400030,MUMBAI,MAHARASHTRA,Central
400013,MUMBAI,MAHARASHTRA,Central
400022,MUMBAI,MAHARASHTRA,Central
400012,MUMBAI,MAHARASHTRA,Central
400033,MUMBAI,MAHARASHTRA,Central
400003,MUMBAI,MAHARASHTRA,Central
400027,MUMBAI,MAHARASHTRA,Central
400037,MUMBAI,MAHARASHTRA,Central
400031,MUMBAI,MAHARASHTRA,Central
400009,MUMBAI,MAHARASHTRA,Central
400010,MUMBAI,MAHARASHTRA,Central
400019,MUMBAI,MAHARASHTRA,Central
400015,MUMBAI,MAHARASHTRA,Central
431131,BEED,MAHARASHTRA,Central
431125,BEED,MAHARASHTRA,Central
431515,BEED,MAHARASHTRA,Central
414204,BEED,MAHARASHTRA,Central
413229,BEED,MAHARASHTRA,Central
414205,BEED,MAHARASHTRA,Central
413249,BEED,MAHARASHTRA,Central
431129,BEED,MAHARASHTRA,Central
431130,BEED,MAHARASHTRA,Central
431530,BEED,MAHARASHTRA,Central
431144,BEED,MAHARASHTRA,Central
431124,BEED,MAHARASHTRA,Central
413207,BEED,MAHARASHTRA,Central
431517,BEED,MAHARASHTRA,Central
431523,BEED,MAHARASHTRA,Central
414203,BEED,MAHARASHTRA,Central
431518,BEED,MAHARASHTRA,Central
431153,BEED,MAHARASHTRA,Central
431126,BEED,MAHARASHTRA,Central
431128,BEED,MAHARASHTRA,Central
431127,BEED,MAHARASHTRA,Central
414202,BEED,MAHARASHTRA,Central
414208,BEED,MAHARASHTRA,Central
431123,BEED,MAHARASHTRA,Central
431142,BEED,MAHARASHTRA,Central
431519,BEED,MAHARASHTRA,Central
431143,BEED,MAHARASHTRA,Central
431122,BEED,MAHARASHTRA,Central
431520,BEED,MAHARASHTRA,Central
441614,GONDIA,MAHARASHTRA,Central
441801,GONDIA,MAHARASHTRA,Central
441702,GONDIA,MAHARASHTRA,Central
441807,GONDIA,MAHARASHTRA,Central
441806,GONDIA,MAHARASHTRA,Central
441911,GONDIA,MAHARASHTRA,Central
441916,GONDIA,MAHARASHTRA,Central
441902,GONDIA,MAHARASHTRA,Central
441701,GONDIA,MAHARASHTRA,Central
441901,GONDIA,MAHARASHTRA,Central
441601,GONDIA,MAHARASHTRA,Central
400071,MUMBAI SUBURBAN,MAHARASHTRA,Central
400053,MUMBAI SUBURBAN,MAHARASHTRA,Central
400091,MUMBAI SUBURBAN,MAHARASHTRA,Central
400070,MUMBAI SUBURBAN,MAHARASHTRA,Central
400024,MUMBAI SUBURBAN,MAHARASHTRA,Central
400058,MUMBAI SUBURBAN,MAHARASHTRA,Central
400050,MUMBAI SUBURBAN,MAHARASHTRA,Central
400051,MUMBAI SUBURBAN,MAHARASHTRA,Central
400093,MUMBAI SUBURBAN,MAHARASHTRA,Central
400099,MUMBAI SUBURBAN,MAHARASHTRA,Central
400049,MUMBAI SUBURBAN,MAHARASHTRA,Central
400055,MUMBAI SUBURBAN,MAHARASHTRA,Central
400084,MUMBAI SUBURBAN,MAHARASHTRA,Central
400074,MUMBAI SUBURBAN,MAHARASHTRA,Central
400088,MUMBAI SUBURBAN,MAHARASHTRA,Central
400080,MUMBAI SUBURBAN,MAHARASHTRA,Central
400076,MUMBAI SUBURBAN,MAHARASHTRA,Central
400079,MUMBAI SUBURBAN,MAHARASHTRA,Central
400075,MUMBAI SUBURBAN,MAHARASHTRA,Central
400078,MUMBAI SUBURBAN,MAHARASHTRA,Central
400067,MUMBAI SUBURBAN,MAHARASHTRA,Central
400068,MUMBAI SUBURBAN,MAHARASHTRA,Central
400102,MUMBAI SUBURBAN,MAHARASHTRA,Central
400064,MUMBAI SUBURBAN,MAHARASHTRA,Central
400104,MUMBAI SUBURBAN,MAHARASHTRA,Central
400065,MUMBAI SUBURBAN,MAHARASHTRA,Central
400072,MUMBAI SUBURBAN,MAHARASHTRA,Central
400057,MUMBAI SUBURBAN,MAHARASHTRA,Central
400052,MUMBAI SUBURBAN,MAHARASHTRA,Central
400059,MUMBAI SUBURBAN,MAHARASHTRA,Central
400069,MUMBAI SUBURBAN,MAHARASHTRA,Central
400098,MUMBAI SUBURBAN,MAHARASHTRA,Central
400094,MUMBAI SUBURBAN,MAHARASHTRA,Central
400082,MUMBAI SUBURBAN,MAHARASHTRA,Central
400042,MUMBAI SUBURBAN,MAHARASHTRA,Central
400089,MUMBAI SUBURBAN,MAHARASHTRA,Central
400043,MUMBAI SUBURBAN,MAHARASHTRA,Central
400086,MUMBAI SUBURBAN,MAHARASHTRA,Central
400081,MUMBAI SUBURBAN,MAHARASHTRA,Central
400077,MUMBAI SUBURBAN,MAHARASHTRA,Central
400066,MUMBAI SUBURBAN,MAHARASHTRA,Central
400063,MUMBAI SUBURBAN,MAHARASHTRA,Central
400060,MUMBAI SUBURBAN,MAHARASHTRA,Central
400101,MUMBAI SUBURBAN,MAHARASHTRA,Central
400095,MUMBAI SUBURBAN,MAHARASHTRA,Central
400097,MUMBAI SUBURBAN,MAHARASHTRA,Central
400054,MUMBAI SUBURBAN,MAHARASHTRA,Central
400029,MUMBAI SUBURBAN,MAHARASHTRA,Central
400061,MUMBAI SUBURBAN,MAHARASHTRA,Central
400056,MUMBAI SUBURBAN,MAHARASHTRA,Central
400092,MUMBAI SUBURBAN,MAHARASHTRA,Central
400103,MUMBAI SUBURBAN,MAHARASHTRA,Central
400087,MUMBAI SUBURBAN,MAHARASHTRA,Central
400083,MUMBAI SUBURBAN,MAHARASHTRA,Central
400096,MUMBAI SUBURBAN,MAHARASHTRA,Central
400085,MUMBAI SUBURBAN,MAHARASHTRA,Central
769041,SUNDERGARH,ODISHA_WEST,East
754031,CUTTACK,ODISHA_CC,East
754028,CUTTACK,ODISHA_CC,East
754027,CUTTACK,ODISHA_CC,East
754037,CUTTACK,ODISHA_CC,East
754022,CUTTACK,ODISHA_CC,East
754290,CUTTACK,ODISHA_CC,East
754025,CUTTACK,ODISHA_CC,East
754295,CUTTACK,ODISHA_CC,East
754032,CUTTACK,ODISHA_CC,East
753004,CUTTACK,ODISHA_CC,East
754131,CUTTACK,ODISHA_CC,East
754021,CUTTACK,ODISHA_CC,East
754130,CUTTACK,ODISHA_CC,East
754035,CUTTACK,ODISHA_CC,East
754201,CUTTACK,ODISHA_CC,East
754030,CUTTACK,ODISHA_CC,East
754200,CUTTACK,ODISHA_CC,East
753008,CUTTACK,ODISHA_CC,East
754008,CUTTACK,ODISHA_CC,East
754010,CUTTACK,ODISHA_CC,East
753014,CUTTACK,ODISHA_CC,East
754018,CUTTACK,ODISHA_CC,East
754001,CUTTACK,ODISHA_CC,East
754003,CUTTACK,ODISHA_CC,East
754105,CUTTACK,ODISHA_CC,East
754002,CUTTACK,ODISHA_CC,East
754206,CUTTACK,ODISHA_CC,East
754209,CUTTACK,ODISHA_CC,East
754007,CUTTACK,ODISHA_CC,East
754009,CUTTACK,ODISHA_CC,East
754203,CUTTACK,ODISHA_CC,East
754006,CUTTACK,ODISHA_CC,East
754004,CUTTACK,ODISHA_CC,East
754204,CUTTACK,ODISHA_CC,East
754293,CUTTACK,ODISHA_CC,East
754207,CUTTACK,ODISHA_CC,East
754202,CUTTACK,ODISHA_CC,East
754221,CUTTACK,ODISHA_CC,East
754112,CUTTACK,ODISHA_CC,East
754100,CUTTACK,ODISHA_CC,East
753011,CUTTACK,ODISHA_CC,East
753002,CUTTACK,ODISHA_CC,East
753001,CUTTACK,ODISHA_CC,East
754029,CUTTACK,ODISHA_CC,East
753010,CUTTACK,ODISHA_CC,East
753003,CUTTACK,ODISHA_CC,East
753016,CUTTACK,ODISHA_CC,East
754011,CUTTACK,ODISHA_CC,East
753015,CUTTACK,ODISHA_CC,East
754013,CUTTACK,ODISHA_CC,East
753013,CUTTACK,ODISHA_CC,East
754034,CUTTACK,ODISHA_CC,East
753009,CUTTACK,ODISHA_CC,East
753012,CUTTACK,ODISHA_CC,East
753007,CUTTACK,ODISHA_CC,East
754297,CUTTACK,ODISHA_CC,East
753006,CUTTACK,ODISHA_CC,East
754298,CUTTACK,ODISHA_CC,East
754071,CUTTACK,ODISHA_CC,East
754026,CUTTACK,ODISHA_CC,East
768033,BARGARH,ODISHA_WEST,East
768029,BARGARH,ODISHA_WEST,East
768030,BARGARH,ODISHA_WEST,East
768104,BARGARH,ODISHA_WEST,East
768045,BARGARH,ODISHA_WEST,East
768032,BARGARH,ODISHA_WEST,East
768052,BARGARH,ODISHA_WEST,East
768037,BARGARH,ODISHA_WEST,East
768034,BARGARH,ODISHA_WEST,East
768042,BARGARH,ODISHA_WEST,East
768048,BARGARH,ODISHA_WEST,East
768050,BARGARH,ODISHA_WEST,East
768035,BARGARH,ODISHA_WEST,East
768039,BARGARH,ODISHA_WEST,East
768036,BARGARH,ODISHA_WEST,East
768103,BARGARH,ODISHA_WEST,East
768049,BARGARH,ODISHA_WEST,East
768102,BARGARH,ODISHA_WEST,East
768027,BARGARH,ODISHA_WEST,East
768038,BARGARH,ODISHA_WEST,East
768111,BARGARH,ODISHA_WEST,East
768115,BARGARH,ODISHA_WEST,East
768040,BARGARH,ODISHA_WEST,East
768028,BARGARH,ODISHA_WEST,East
768031,BARGARH,ODISHA_WEST,East
768053,BARGARH,ODISHA_WEST,East
759151,DHENKANAL,ODISHA_CC,East
759026,DHENKANAL,ODISHA_CC,East
759146,DHENKANAL,ODISHA_CC,East
759020,DHENKANAL,ODISHA_CC,East
759015,DHENKANAL,ODISHA_CC,East
759017,DHENKANAL,ODISHA_CC,East
759013,DHENKANAL,ODISHA_CC,East
759025,DHENKANAL,ODISHA_CC,East
759016,DHENKANAL,ODISHA_CC,East
759022,DHENKANAL,ODISHA_CC,East
759018,DHENKANAL,ODISHA_CC,East
759028,DHENKANAL,ODISHA_CC,East
759014,DHENKANAL,ODISHA_CC,East
759023,DHENKANAL,ODISHA_CC,East
759024,DHENKANAL,ODISHA_CC,East
759039,DHENKANAL,ODISHA_CC,East
759027,DHENKANAL,ODISHA_CC,East
759019,DHENKANAL,ODISHA_CC,East
759121,DHENKANAL,ODISHA_CC,East
759029,DHENKANAL,ODISHA_CC,East
759120,DHENKANAL,ODISHA_CC,East
759021,DHENKANAL,ODISHA_CC,East
759001,DHENKANAL,ODISHA_CC,East
759147,ANUGUL,ODISHA_CC,East
759101,ANUGUL,ODISHA_CC,East
759125,ANUGUL,ODISHA_CC,East
759128,ANUGUL,ODISHA_CC,East
759129,ANUGUL,ODISHA_CC,East
759124,ANUGUL,ODISHA_CC,East
759103,ANUGUL,ODISHA_CC,East
759143,ANUGUL,ODISHA_CC,East
759132,ANUGUL,ODISHA_CC,East
759141,ANUGUL,ODISHA_CC,East
759117,ANUGUL,ODISHA_CC,East
759118,ANUGUL,ODISHA_CC,East
759127,ANUGUL,ODISHA_CC,East
759130,ANUGUL,ODISHA_CC,East
759123,ANUGUL,ODISHA_CC,East
759119,ANUGUL,ODISHA_CC,East
759126,ANUGUL,ODISHA_CC,East
759105,ANUGUL,ODISHA_CC,East
759100,ANUGUL,ODISHA_CC,East
759145,ANUGUL,ODISHA_CC,East
759104,ANUGUL,ODISHA_CC,East
759102,ANUGUL,ODISHA_CC,East
759111,ANUGUL,ODISHA_CC,East
759037,ANUGUL,ODISHA_CC,East
759149,ANUGUL,ODISHA_CC,East
759116,ANUGUL,ODISHA_CC,East
759122,ANUGUL,ODISHA_CC,East
759107,ANUGUL,ODISHA_CC,East
759106,ANUGUL,ODISHA_CC,East
759040,ANUGUL,ODISHA_CC,East
759148,ANUGUL,ODISHA_CC,East
754023,JAJAPUR,ODISHA_WEST,East
754296,JAJAPUR,ODISHA_WEST,East
754024,JAJAPUR,ODISHA_WEST,East
755013,JAJAPUR,ODISHA_WEST,East
755043,JAJAPUR,ODISHA_WEST,East
755014,JAJAPUR,ODISHA_WEST,East
754082,JAJAPUR,ODISHA_WEST,East
755016,JAJAPUR,ODISHA_WEST,East
754292,JAJAPUR,ODISHA_WEST,East
755017,JAJAPUR,ODISHA_WEST,East
755018,JAJAPUR,ODISHA_WEST,East
754205,JAJAPUR,ODISHA_WEST,East
755036,JAJAPUR,ODISHA_WEST,East
755027,JAJAPUR,ODISHA_WEST,East
755003,JAJAPUR,ODISHA_WEST,East
755025,JAJAPUR,ODISHA_WEST,East
755004,JAJAPUR,ODISHA_WEST,East
755005,JAJAPUR,ODISHA_WEST,East
755062,JAJAPUR,ODISHA_WEST,East
755026,JAJAPUR,ODISHA_WEST,East
755007,JAJAPUR,ODISHA_WEST,East
755008,JAJAPUR,ODISHA_WEST,East
755024,JAJAPUR,ODISHA_WEST,East
755019,JAJAPUR,ODISHA_WEST,East
755023,JAJAPUR,ODISHA_WEST,East
755009,JAJAPUR,ODISHA_WEST,East
755006,JAJAPUR,ODISHA_WEST,East
755010,JAJAPUR,ODISHA_WEST,East
755028,JAJAPUR,ODISHA_WEST,East
755022,JAJAPUR,ODISHA_WEST,East
755011,JAJAPUR,ODISHA_WEST,East
755012,JAJAPUR,ODISHA_WEST,East
755044,JAJAPUR,ODISHA_WEST,East
755015,JAJAPUR,ODISHA_WEST,East
755051,JAJAPUR,ODISHA_WEST,East
755049,JAJAPUR,ODISHA_WEST,East
755001,JAJAPUR,ODISHA_WEST,East
755020,JAJAPUR,ODISHA_WEST,East
755050,JAJAPUR,ODISHA_WEST,East
754217,KENDRAPARA,ODISHA_CC,East
754219,KENDRAPARA,ODISHA_CC,East
754218,KENDRAPARA,ODISHA_CC,East
754253,KENDRAPARA,ODISHA_CC,East
754239,KENDRAPARA,ODISHA_CC,East
754208,KENDRAPARA,ODISHA_CC,East
754222,KENDRAPARA,ODISHA_CC,East
754240,KENDRAPARA,ODISHA_CC,East
754210,KENDRAPARA,ODISHA_CC,East
754289,KENDRAPARA,ODISHA_CC,East
754214,KENDRAPARA,ODISHA_CC,East
754248,KENDRAPARA,ODISHA_CC,East
754244,KENDRAPARA,ODISHA_CC,East
754216,KENDRAPARA,ODISHA_CC,East
754223,KENDRAPARA,ODISHA_CC,East
754246,KENDRAPARA,ODISHA_CC,East
754224,KENDRAPARA,ODISHA_CC,East
754213,KENDRAPARA,ODISHA_CC,East
754231,KENDRAPARA,ODISHA_CC,East
754227,KENDRAPARA,ODISHA_CC,East
754215,KENDRAPARA,ODISHA_CC,East
755061,KENDRAPARA,ODISHA_CC,East
754220,KENDRAPARA,ODISHA_CC,East
754225,KENDRAPARA,ODISHA_CC,East
754212,KENDRAPARA,ODISHA_CC,East
754250,KENDRAPARA,ODISHA_CC,East
754228,KENDRAPARA,ODISHA_CC,East
754245,KENDRAPARA,ODISHA_CC,East
754153,KENDRAPARA,ODISHA_CC,East
754134,KENDRAPARA,ODISHA_CC,East
754211,KENDRAPARA,ODISHA_CC,East
768204,JHARSUGUDA,ODISHA_WEST,East
768234,JHARSUGUDA,ODISHA_WEST,East
768202,JHARSUGUDA,ODISHA_WEST,East
768213,JHARSUGUDA,ODISHA_WEST,East
768215,JHARSUGUDA,ODISHA_WEST,East
768226,JHARSUGUDA,ODISHA_WEST,East
768220,JHARSUGUDA,ODISHA_WEST,East
768211,JHARSUGUDA,ODISHA_WEST,East
768217,JHARSUGUDA,ODISHA_WEST,East
768216,JHARSUGUDA,ODISHA_WEST,East
768219,JHARSUGUDA,ODISHA_WEST,East
768225,JHARSUGUDA,ODISHA_WEST,East
768201,JHARSUGUDA,ODISHA_WEST,East
768218,JHARSUGUDA,ODISHA_WEST,East
768203,JHARSUGUDA,ODISHA_WEST,East
768233,JHARSUGUDA,ODISHA_WEST,East
752001,PURI,ODISHA_CC,East
752004,PURI,ODISHA_CC,East
752119,PURI,ODISHA_CC,East
752107,PURI,ODISHA_CC,East
752106,PURI,ODISHA_CC,East
752104,PURI,ODISHA_CC,East
752111,PURI,ODISHA_CC,East
752114,PURI,ODISHA_CC,East
752017,PURI,ODISHA_CC,East
752002,PURI,ODISHA_CC,East
752014,PURI,ODISHA_CC,East
752046,PURI,ODISHA_CC,East
752045,PURI,ODISHA_CC,East
752032,PURI,ODISHA_CC,East
752120,PURI,ODISHA_CC,East
752109,PURI,ODISHA_CC,East
752105,PURI,ODISHA_CC,East
752118,PURI,ODISHA_CC,East
752110,PURI,ODISHA_CC,East
752011,PURI,ODISHA_CC,East
752010,PURI,ODISHA_CC,East
752012,PURI,ODISHA_CC,East
752015,PURI,ODISHA_CC,East
752116,PURI,ODISHA_CC,East
752113,PURI,ODISHA_CC,East
752121,PURI,ODISHA_CC,East
752013,PURI,ODISHA_CC,East
752016,PURI,ODISHA_CC,East
752019,PURI,ODISHA_CC,East
752108,PURI,ODISHA_CC,East
752003,PURI,ODISHA_CC,East
751002,KHORDHA,ODISHA_CC,East
751017,KHORDHA,ODISHA_CC,East
754005,KHORDHA,ODISHA_CC,East
752038,KHORDHA,ODISHA_CC,East
752021,KHORDHA,ODISHA_CC,East
752023,KHORDHA,ODISHA_CC,East
752030,KHORDHA,ODISHA_CC,East
752061,KHORDHA,ODISHA_CC,East
752100,KHORDHA,ODISHA_CC,East
752101,KHORDHA,ODISHA_CC,East
752102,KHORDHA,ODISHA_CC,East
752103,KHORDHA,ODISHA_CC,East
751003,KHORDHA,ODISHA_CC,East
751019,KHORDHA,ODISHA_CC,East
752031,KHORDHA,ODISHA_CC,East
752062,KHORDHA,ODISHA_CC,East
752066,KHORDHA,ODISHA_CC,East
752034,KHORDHA,ODISHA_CC,East
752020,KHORDHA,ODISHA_CC,East
752054,KHORDHA,ODISHA_CC,East
752050,KHORDHA,ODISHA_CC,East
752035,KHORDHA,ODISHA_CC,East
752027,KHORDHA,ODISHA_CC,East
752018,KHORDHA,ODISHA_CC,East
752057,KHORDHA,ODISHA_CC,East
752056,KHORDHA,ODISHA_CC,East
752064,KHORDHA,ODISHA_CC,East
752060,KHORDHA,ODISHA_CC,East
752022,KHORDHA,ODISHA_CC,East
751024,KHORDHA,ODISHA_CC,East
752055,KHORDHA,ODISHA_CC,East
751001,KHORDHA,ODISHA_CC,East
751006,KHORDHA,ODISHA_CC,East
751008,KHORDHA,ODISHA_CC,East
751010,KHORDHA,ODISHA_CC,East
751013,KHORDHA,ODISHA_CC,East
751026,KHORDHA,ODISHA_CC,East
751033,KHORDHA,ODISHA_CC,East
751012,KHORDHA,ODISHA_CC,East
751034,KHORDHA,ODISHA_CC,East
751032,KHORDHA,ODISHA_CC,East
751022,KHORDHA,ODISHA_CC,East
751025,KHORDHA,ODISHA_CC,East
751015,KHORDHA,ODISHA_CC,East
751030,KHORDHA,ODISHA_CC,East
751020,KHORDHA,ODISHA_CC,East
751023,KHORDHA,ODISHA_CC,East
751007,KHORDHA,ODISHA_CC,East
751005,KHORDHA,ODISHA_CC,East
751004,KHORDHA,ODISHA_CC,East
751031,KHORDHA,ODISHA_CC,East
754012,KHORDHA,ODISHA_CC,East
751009,KHORDHA,ODISHA_CC,East
752115,KHORDHA,ODISHA_CC,East
751014,KHORDHA,ODISHA_CC,East
751011,KHORDHA,ODISHA_CC,East
751018,KHORDHA,ODISHA_CC,East
751021,KHORDHA,ODISHA_CC,East
751027,KHORDHA,ODISHA_CC,East
751029,KHORDHA,ODISHA_CC,East
751028,KHORDHA,ODISHA_CC,East
751016,KHORDHA,ODISHA_CC,East
752037,KHORDHA,ODISHA_CC,East
754114,JAGATSINGHAPUR,ODISHA_CC,East
754294,JAGATSINGHAPUR,ODISHA_CC,East
754107,JAGATSINGHAPUR,ODISHA_CC,East
754102,JAGATSINGHAPUR,ODISHA_CC,East
754108,JAGATSINGHAPUR,ODISHA_CC,East
754109,JAGATSINGHAPUR,ODISHA_CC,East
754110,JAGATSINGHAPUR,ODISHA_CC,East
754139,JAGATSINGHAPUR,ODISHA_CC,East
754106,JAGATSINGHAPUR,ODISHA_CC,East
754136,JAGATSINGHAPUR,ODISHA_CC,East
754162,JAGATSINGHAPUR,ODISHA_CC,East
754141,JAGATSINGHAPUR,ODISHA_CC,East
754119,JAGATSINGHAPUR,ODISHA_CC,East
754104,JAGATSINGHAPUR,ODISHA_CC,East
754111,JAGATSINGHAPUR,ODISHA_CC,East
754135,JAGATSINGHAPUR,ODISHA_CC,East
754113,JAGATSINGHAPUR,ODISHA_CC,East
754140,JAGATSINGHAPUR,ODISHA_CC,East
754138,JAGATSINGHAPUR,ODISHA_CC,East
754160,JAGATSINGHAPUR,ODISHA_CC,East
754132,JAGATSINGHAPUR,ODISHA_CC,East
754137,JAGATSINGHAPUR,ODISHA_CC,East
754133,JAGATSINGHAPUR,ODISHA_CC,East
754103,JAGATSINGHAPUR,ODISHA_CC,East
754142,JAGATSINGHAPUR,ODISHA_CC,East
754145,JAGATSINGHAPUR,ODISHA_CC,East
754120,JAGATSINGHAPUR,ODISHA_CC,East
754143,JAGATSINGHAPUR,ODISHA_CC,East
756060,BALESHWAR,ODISHA_CC,East
756045,BALESHWAR,ODISHA_CC,East
756047,BALESHWAR,ODISHA_CC,East
756030,BALESHWAR,ODISHA_CC,East
756026,BALESHWAR,ODISHA_CC,East
756038,BALESHWAR,ODISHA_CC,East
756079,BALESHWAR,ODISHA_CC,East
756036,BALESHWAR,ODISHA_CC,East
756002,BALESHWAR,ODISHA_CC,East
756085,BALESHWAR,ODISHA_CC,East
756022,BALESHWAR,ODISHA_CC,East
756044,BALESHWAR,ODISHA_CC,East
756027,BALESHWAR,ODISHA_CC,East
756048,BALESHWAR,ODISHA_CC,East
756043,BALESHWAR,ODISHA_CC,East
756059,BALESHWAR,ODISHA_CC,East
756056,BALESHWAR,ODISHA_CC,East
756020,BALESHWAR,ODISHA_CC,East
756003,BALESHWAR,ODISHA_CC,East
756049,BALESHWAR,ODISHA_CC,East
756058,BALESHWAR,ODISHA_CC,East
756040,BALESHWAR,ODISHA_CC,East
756021,BALESHWAR,ODISHA_CC,East
756019,BALESHWAR,ODISHA_CC,East
756041,BALESHWAR,ODISHA_CC,East
756025,BALESHWAR,ODISHA_CC,East
756028,BALESHWAR,ODISHA_CC,East
756134,BALESHWAR,ODISHA_CC,East
756023,BALESHWAR,ODISHA_CC,East
756087,BALESHWAR,ODISHA_CC,East
756166,BALESHWAR,ODISHA_CC,East
756126,BALESHWAR,ODISHA_CC,East
756182,BALESHWAR,ODISHA_CC,East
756033,BALESHWAR,ODISHA_CC,East
756086,BALESHWAR,ODISHA_CC,East
756081,BALESHWAR,ODISHA_CC,East
756035,BALESHWAR,ODISHA_CC,East
756034,BALESHWAR,ODISHA_CC,East
756024,BALESHWAR,ODISHA_CC,East
756083,BALESHWAR,ODISHA_CC,East
756046,BALESHWAR,ODISHA_CC,East
756051,BALESHWAR,ODISHA_CC,East
756042,BALESHWAR,ODISHA_CC,East
756029,BALESHWAR,ODISHA_CC,East
756055,BALESHWAR,ODISHA_CC,East
756080,BALESHWAR,ODISHA_CC,East
756039,BALESHWAR,ODISHA_CC,East
756037,BALESHWAR,ODISHA_CC,East
756084,BALESHWAR,ODISHA_CC,East
756001,BALESHWAR,ODISHA_CC,East
756032,BALESHWAR,ODISHA_CC,East
756089,BALESHWAR,ODISHA_CC,East
756088,BALESHWAR,ODISHA_CC,East
752063,NAYAGARH,ODISHA_CC,East
752082,NAYAGARH,ODISHA_CC,East
752089,NAYAGARH,ODISHA_CC,East
752024,NAYAGARH,ODISHA_CC,East
752084,NAYAGARH,ODISHA_CC,East
752085,NAYAGARH,ODISHA_CC,East
752092,NAYAGARH,ODISHA_CC,East
752025,NAYAGARH,ODISHA_CC,East
752068,NAYAGARH,ODISHA_CC,East
752077,NAYAGARH,ODISHA_CC,East
752090,NAYAGARH,ODISHA_CC,East
752078,NAYAGARH,ODISHA_CC,East
752093,NAYAGARH,ODISHA_CC,East
752094,NAYAGARH,ODISHA_CC,East
752079,NAYAGARH,ODISHA_CC,East
752070,NAYAGARH,ODISHA_CC,East
752083,NAYAGARH,ODISHA_CC,East
752081,NAYAGARH,ODISHA_CC,East
752026,NAYAGARH,ODISHA_CC,East
752065,NAYAGARH,ODISHA_CC,East
752080,NAYAGARH,ODISHA_CC,East
752091,NAYAGARH,ODISHA_CC,East
752069,NAYAGARH,ODISHA_CC,East
766111,NUAPADA,ODISHA_WEST,East
766106,NUAPADA,ODISHA_WEST,East
766105,NUAPADA,ODISHA_WEST,East
766108,NUAPADA,ODISHA_WEST,East
766104,NUAPADA,ODISHA_WEST,East
766107,NUAPADA,ODISHA_WEST,East
766118,NUAPADA,ODISHA_WEST,East
766002,KALAHANDI,ODISHA_WEST,East
766020,KALAHANDI,ODISHA_WEST,East
766032,KALAHANDI,ODISHA_WEST,East
766028,KALAHANDI,ODISHA_WEST,East
766019,KALAHANDI,ODISHA_WEST,East
766102,KALAHANDI,ODISHA_WEST,East
766023,KALAHANDI,ODISHA_WEST,East
766026,KALAHANDI,ODISHA_WEST,East
766110,KALAHANDI,ODISHA_WEST,East
766100,KALAHANDI,ODISHA_WEST,East
766103,KALAHANDI,ODISHA_WEST,East
766029,KALAHANDI,ODISHA_WEST,East
766037,KALAHANDI,ODISHA_WEST,East
766011,KALAHANDI,ODISHA_WEST,East
766031,KALAHANDI,ODISHA_WEST,East
766101,KALAHANDI,ODISHA_WEST,East
766016,KALAHANDI,ODISHA_WEST,East
766027,KALAHANDI,ODISHA_WEST,East
766036,KALAHANDI,ODISHA_WEST,East
766017,KALAHANDI,ODISHA_WEST,East
766015,KALAHANDI,ODISHA_WEST,East
766018,KALAHANDI,ODISHA_WEST,East
766014,KALAHANDI,ODISHA_WEST,East
766013,KALAHANDI,ODISHA_WEST,East
766012,KALAHANDI,ODISHA_WEST,East
766001,KALAHANDI,ODISHA_WEST,East
766003,KALAHANDI,ODISHA_WEST,East
761016,GAJAPATI,ODISHA_CC,East
761213,GAJAPATI,ODISHA_CC,East
761201,GAJAPATI,ODISHA_CC,East
761211,GAJAPATI,ODISHA_CC,East
761017,GAJAPATI,ODISHA_CC,East
761215,GAJAPATI,ODISHA_CC,East
761207,GAJAPATI,ODISHA_CC,East
761210,GAJAPATI,ODISHA_CC,East
761206,GAJAPATI,ODISHA_CC,East
761208,GAJAPATI,ODISHA_CC,East
761015,GAJAPATI,ODISHA_CC,East
761212,GAJAPATI,ODISHA_CC,East
761214,GAJAPATI,ODISHA_CC,East
761217,GAJAPATI,ODISHA_CC,East
761200,GAJAPATI,ODISHA_CC,East
767019,SONEPUR,ODISHA_WEST,East
767018,SONEPUR,ODISHA_WEST,East
767023,SONEPUR,ODISHA_WEST,East
767068,SONEPUR,ODISHA_WEST,East
767017,SONEPUR,ODISHA_WEST,East
767016,SONEPUR,ODISHA_WEST,East
767062,SONEPUR,ODISHA_WEST,East
767045,SONEPUR,ODISHA_WEST,East
756115,BHADRAK,ODISHA_CC,East
756122,BHADRAK,ODISHA_CC,East
756116,BHADRAK,ODISHA_CC,East
756138,BHADRAK,ODISHA_CC,East
756137,BHADRAK,ODISHA_CC,East
756139,BHADRAK,ODISHA_CC,East
756121,BHADRAK,ODISHA_CC,East
756181,BHADRAK,ODISHA_CC,East
756132,BHADRAK,ODISHA_CC,East
756164,BHADRAK,ODISHA_CC,East
756167,BHADRAK,ODISHA_CC,East
756131,BHADRAK,ODISHA_CC,East
756135,BHADRAK,ODISHA_CC,East
756111,BHADRAK,ODISHA_CC,East
756123,BHADRAK,ODISHA_CC,East
756130,BHADRAK,ODISHA_CC,East
756129,BHADRAK,ODISHA_CC,East
756163,BHADRAK,ODISHA_CC,East
756128,BHADRAK,ODISHA_CC,East
756118,BHADRAK,ODISHA_CC,East
756114,BHADRAK,ODISHA_CC,East
756113,BHADRAK,ODISHA_CC,East
756112,BHADRAK,ODISHA_CC,East
756125,BHADRAK,ODISHA_CC,East
756168,BHADRAK,ODISHA_CC,East
756120,BHADRAK,ODISHA_CC,East
756165,BHADRAK,ODISHA_CC,East
756133,BHADRAK,ODISHA_CC,East
756101,BHADRAK,ODISHA_CC,East
756171,BHADRAK,ODISHA_CC,East
756117,BHADRAK,ODISHA_CC,East
756119,BHADRAK,ODISHA_CC,East
756127,BHADRAK,ODISHA_CC,East
756162,BHADRAK,ODISHA_CC,East
756124,BHADRAK,ODISHA_CC,East
756144,BHADRAK,ODISHA_CC,East
756100,BHADRAK,ODISHA_CC,East
767022,BALANGIR,ODISHA_WEST,East
767040,BALANGIR,ODISHA_WEST,East
767026,BALANGIR,ODISHA_WEST,East
767048,BALANGIR,ODISHA_WEST,East
767065,BALANGIR,ODISHA_WEST,East
767024,BALANGIR,ODISHA_WEST,East
767029,BALANGIR,ODISHA_WEST,East
767061,BALANGIR,ODISHA_WEST,East
767046,BALANGIR,ODISHA_WEST,East
767038,BALANGIR,ODISHA_WEST,East
767067,BALANGIR,ODISHA_WEST,East
767027,BALANGIR,ODISHA_WEST,East
767039,BALANGIR,ODISHA_WEST,East
767028,BALANGIR,ODISHA_WEST,East
767066,BALANGIR,ODISHA_WEST,East
767020,BALANGIR,ODISHA_WEST,East
767037,BALANGIR,ODISHA_WEST,East
767041,BALANGIR,ODISHA_WEST,East
767025,BALANGIR,ODISHA_WEST,East
767002,BALANGIR,ODISHA_WEST,East
767032,BALANGIR,ODISHA_WEST,East
767021,BALANGIR,ODISHA_WEST,East
767035,BALANGIR,ODISHA_WEST,East
767033,BALANGIR,ODISHA_WEST,East
767030,BALANGIR,ODISHA_WEST,East
767071,BALANGIR,ODISHA_WEST,East
767060,BALANGIR,ODISHA_WEST,East
767001,BALANGIR,ODISHA_WEST,East
767042,BALANGIR,ODISHA_WEST,East
767070,BALANGIR,ODISHA_WEST,East
758029,KENDUJHAR,ODISHA_CC,East
758027,KENDUJHAR,ODISHA_CC,East
758023,KENDUJHAR,ODISHA_CC,East
758028,KENDUJHAR,ODISHA_CC,East
758083,KENDUJHAR,ODISHA_CC,East
758084,KENDUJHAR,ODISHA_CC,East
758034,KENDUJHAR,ODISHA_CC,East
758044,KENDUJHAR,ODISHA_CC,East
758040,KENDUJHAR,ODISHA_CC,East
758025,KENDUJHAR,ODISHA_CC,East
758014,KENDUJHAR,ODISHA_CC,East
758022,KENDUJHAR,ODISHA_CC,East
758015,KENDUJHAR,ODISHA_CC,East
758079,KENDUJHAR,ODISHA_CC,East
758031,KENDUJHAR,ODISHA_CC,East
758002,KENDUJHAR,ODISHA_CC,East
758081,KENDUJHAR,ODISHA_CC,East
758036,KENDUJHAR,ODISHA_CC,East
758017,KENDUJHAR,ODISHA_CC,East
758047,KENDUJHAR,ODISHA_CC,East
758016,KENDUJHAR,ODISHA_CC,East
758043,KENDUJHAR,ODISHA_CC,East
758076,KENDUJHAR,ODISHA_CC,East
758045,KENDUJHAR,ODISHA_CC,East
758020,KENDUJHAR,ODISHA_CC,East
758018,KENDUJHAR,ODISHA_CC,East
758030,KENDUJHAR,ODISHA_CC,East
758026,KENDUJHAR,ODISHA_CC,East
758019,KENDUJHAR,ODISHA_CC,East
758021,KENDUJHAR,ODISHA_CC,East
758038,KENDUJHAR,ODISHA_CC,East
758035,KENDUJHAR,ODISHA_CC,East
758080,KENDUJHAR,ODISHA_CC,East
758041,KENDUJHAR,ODISHA_CC,East
758078,KENDUJHAR,ODISHA_CC,East
758032,KENDUJHAR,ODISHA_CC,East
758085,KENDUJHAR,ODISHA_CC,East
758086,KENDUJHAR,ODISHA_CC,East
758087,KENDUJHAR,ODISHA_CC,East
758082,KENDUJHAR,ODISHA_CC,East
758046,KENDUJHAR,ODISHA_CC,East
758037,KENDUJHAR,ODISHA_CC,East
758013,KENDUJHAR,ODISHA_CC,East
758001,KENDUJHAR,ODISHA_CC,East
762029,KANDHAMAL,ODISHA_CC,East
762022,KANDHAMAL,ODISHA_CC,East
762012,KANDHAMAL,ODISHA_CC,East
762105,KANDHAMAL,ODISHA_CC,East
762109,KANDHAMAL,ODISHA_CC,East
762027,KANDHAMAL,ODISHA_CC,East
762102,KANDHAMAL,ODISHA_CC,East
762112,KANDHAMAL,ODISHA_CC,East
762011,KANDHAMAL,ODISHA_CC,East
762101,KANDHAMAL,ODISHA_CC,East
762106,KANDHAMAL,ODISHA_CC,East
762019,KANDHAMAL,ODISHA_CC,East
762010,KANDHAMAL,ODISHA_CC,East
762107,KANDHAMAL,ODISHA_CC,East
762028,KANDHAMAL,ODISHA_CC,East
762002,KANDHAMAL,ODISHA_CC,East
762104,KANDHAMAL,ODISHA_CC,East
762100,KANDHAMAL,ODISHA_CC,East
762103,KANDHAMAL,ODISHA_CC,East
762021,KANDHAMAL,ODISHA_CC,East
762110,KANDHAMAL,ODISHA_CC,East
762001,KANDHAMAL,ODISHA_CC,East
762020,BOUDH,ODISHA_WEST,East
762023,BOUDH,ODISHA_WEST,East
762017,BOUDH,ODISHA_WEST,East
762016,BOUDH,ODISHA_WEST,East
762013,BOUDH,ODISHA_WEST,East
762026,BOUDH,ODISHA_WEST,East
762014,BOUDH,ODISHA_WEST,East
762015,BOUDH,ODISHA_WEST,East
762018,BOUDH,ODISHA_WEST,East
762030,BOUDH,ODISHA_WEST,East
762024,BOUDH,ODISHA_WEST,East
757038,MAYURBHANJ,ODISHA_CC,East
757053,MAYURBHANJ,ODISHA_CC,East
757036,MAYURBHANJ,ODISHA_CC,East
757026,MAYURBHANJ,ODISHA_CC,East
757074,MAYURBHANJ,ODISHA_CC,East
757025,MAYURBHANJ,ODISHA_CC,East
757087,MAYURBHANJ,ODISHA_CC,East
757014,MAYURBHANJ,ODISHA_CC,East
757018,MAYURBHANJ,ODISHA_CC,East
757021,MAYURBHANJ,ODISHA_CC,East
757075,MAYURBHANJ,ODISHA_CC,East
757082,MAYURBHANJ,ODISHA_CC,East
757023,MAYURBHANJ,ODISHA_CC,East
757086,MAYURBHANJ,ODISHA_CC,East
757093,MAYURBHANJ,ODISHA_CC,East
757052,MAYURBHANJ,ODISHA_CC,East
757040,MAYURBHANJ,ODISHA_CC,East
757019,MAYURBHANJ,ODISHA_CC,East
757083,MAYURBHANJ,ODISHA_CC,East
757055,MAYURBHANJ,ODISHA_CC,East
757100,MAYURBHANJ,ODISHA_CC,East
757104,MAYURBHANJ,ODISHA_CC,East
757028,MAYURBHANJ,ODISHA_CC,East
757032,MAYURBHANJ,ODISHA_CC,East
757084,MAYURBHANJ,ODISHA_CC,East
757029,MAYURBHANJ,ODISHA_CC,East
757105,MAYURBHANJ,ODISHA_CC,East
757030,MAYURBHANJ,ODISHA_CC,East
757081,MAYURBHANJ,ODISHA_CC,East
757085,MAYURBHANJ,ODISHA_CC,East
757092,MAYURBHANJ,ODISHA_CC,East
757107,MAYURBHANJ,ODISHA_CC,East
757017,MAYURBHANJ,ODISHA_CC,East
757020,MAYURBHANJ,ODISHA_CC,East
757073,MAYURBHANJ,ODISHA_CC,East
757077,MAYURBHANJ,ODISHA_CC,East
757103,MAYURBHANJ,ODISHA_CC,East
757102,MAYURBHANJ,ODISHA_CC,East
757027,MAYURBHANJ,ODISHA_CC,East
757101,MAYURBHANJ,ODISHA_CC,East
757016,MAYURBHANJ,ODISHA_CC,East
757106,MAYURBHANJ,ODISHA_CC,East
757024,MAYURBHANJ,ODISHA_CC,East
757051,MAYURBHANJ,ODISHA_CC,East
757079,MAYURBHANJ,ODISHA_CC,East
757031,MAYURBHANJ,ODISHA_CC,East
757049,MAYURBHANJ,ODISHA_CC,East
757022,MAYURBHANJ,ODISHA_CC,East
757003,MAYURBHANJ,ODISHA_CC,East
757041,MAYURBHANJ,ODISHA_CC,East
757047,MAYURBHANJ,ODISHA_CC,East
757054,MAYURBHANJ,ODISHA_CC,East
757046,MAYURBHANJ,ODISHA_CC,East
757048,MAYURBHANJ,ODISHA_CC,East
757033,MAYURBHANJ,ODISHA_CC,East
757042,MAYURBHANJ,ODISHA_CC,East
757050,MAYURBHANJ,ODISHA_CC,East
757045,MAYURBHANJ,ODISHA_CC,East
757034,MAYURBHANJ,ODISHA_CC,East
757037,MAYURBHANJ,ODISHA_CC,East
757091,MAYURBHANJ,ODISHA_CC,East
757035,MAYURBHANJ,ODISHA_CC,East
757039,MAYURBHANJ,ODISHA_CC,East
757043,MAYURBHANJ,ODISHA_CC,East
757001,MAYURBHANJ,ODISHA_CC,East
757002,MAYURBHANJ,ODISHA_CC,East
761055,GANJAM,ODISHA_CC,East
761042,GANJAM,ODISHA_CC,East
761012,GANJAM,ODISHA_CC,East
760010,GANJAM,ODISHA_CC,East
761009,GANJAM,ODISHA_CC,East
761008,GANJAM,ODISHA_CC,East
761002,GANJAM,ODISHA_CC,East
760003,GANJAM,ODISHA_CC,East
761005,GANJAM,ODISHA_CC,East
761209,GANJAM,ODISHA_CC,East
761054,GANJAM,ODISHA_CC,East
760002,GANJAM,ODISHA_CC,East
760007,GANJAM,ODISHA_CC,East
761010,GANJAM,ODISHA_CC,East
761006,GANJAM,ODISHA_CC,East
761100,GANJAM,ODISHA_CC,East
761001,GANJAM,ODISHA_CC,East
761011,GANJAM,ODISHA_CC,East
761007,GANJAM,ODISHA_CC,East
761004,GANJAM,ODISHA_CC,East
761014,GANJAM,ODISHA_CC,East
761037,GANJAM,ODISHA_CC,East
761026,GANJAM,ODISHA_CC,East
761041,GANJAM,ODISHA_CC,East
761132,GANJAM,ODISHA_CC,East
761122,GANJAM,ODISHA_CC,East
761140,GANJAM,ODISHA_CC,East
761131,GANJAM,ODISHA_CC,East
761151,GANJAM,ODISHA_CC,East
761109,GANJAM,ODISHA_CC,East
761116,GANJAM,ODISHA_CC,East
761107,GANJAM,ODISHA_CC,East
761111,GANJAM,ODISHA_CC,East
761013,GANJAM,ODISHA_CC,East
761103,GANJAM,ODISHA_CC,East
761106,GANJAM,ODISHA_CC,East
761108,GANJAM,ODISHA_CC,East
761125,GANJAM,ODISHA_CC,East
761117,GANJAM,ODISHA_CC,East
761120,GANJAM,ODISHA_CC,East
761119,GANJAM,ODISHA_CC,East
761118,GANJAM,ODISHA_CC,East
761141,GANJAM,ODISHA_CC,East
761123,GANJAM,ODISHA_CC,East
761124,GANJAM,ODISHA_CC,East
761121,GANJAM,ODISHA_CC,East
761133,GANJAM,ODISHA_CC,East
761143,GANJAM,ODISHA_CC,East
761146,GANJAM,ODISHA_CC,East
761031,GANJAM,ODISHA_CC,East
761003,GANJAM,ODISHA_CC,East
761027,GANJAM,ODISHA_CC,East
761029,GANJAM,ODISHA_CC,East
761030,GANJAM,ODISHA_CC,East
761032,GANJAM,ODISHA_CC,East
761045,GANJAM,ODISHA_CC,East
761105,GANJAM,ODISHA_CC,East
761019,GANJAM,ODISHA_CC,East
761018,GANJAM,ODISHA_CC,East
761028,GANJAM,ODISHA_CC,East
761043,GANJAM,ODISHA_CC,East
761035,GANJAM,ODISHA_CC,East
761115,GANJAM,ODISHA_CC,East
761104,GANJAM,ODISHA_CC,East
761101,GANJAM,ODISHA_CC,East
761102,GANJAM,ODISHA_CC,East
761144,GANJAM,ODISHA_CC,East
761114,GANJAM,ODISHA_CC,East
761110,GANJAM,ODISHA_CC,East
761126,GANJAM,ODISHA_CC,East
760001,GANJAM,ODISHA_CC,East
761020,GANJAM,ODISHA_CC,East
760004,GANJAM,ODISHA_CC,East
760005,GANJAM,ODISHA_CC,East
760006,GANJAM,ODISHA_CC,East
760011,GANJAM,ODISHA_CC,East
761052,GANJAM,ODISHA_CC,East
761025,GANJAM,ODISHA_CC,East
760008,GANJAM,ODISHA_CC,East
760009,GANJAM,ODISHA_CC,East
770002,SUNDARGARH,ODISHA_WEST,East
770020,SUNDARGARH,ODISHA_WEST,East
770014,SUNDARGARH,ODISHA_WEST,East
770033,SUNDARGARH,ODISHA_WEST,East
770038,SUNDARGARH,ODISHA_WEST,East
770051,SUNDARGARH,ODISHA_WEST,East
770044,SUNDARGARH,ODISHA_WEST,East
770039,SUNDARGARH,ODISHA_WEST,East
770074,SUNDARGARH,ODISHA_WEST,East
770011,SUNDARGARH,ODISHA_WEST,East
770072,SUNDARGARH,ODISHA_WEST,East
770040,SUNDARGARH,ODISHA_WEST,East
770036,SUNDARGARH,ODISHA_WEST,East
770021,SUNDARGARH,ODISHA_WEST,East
769043,SUNDARGARH,ODISHA_WEST,East
769042,SUNDARGARH,ODISHA_WEST,East
769009,SUNDARGARH,ODISHA_WEST,East
770041,SUNDARGARH,ODISHA_WEST,East
770043,SUNDARGARH,ODISHA_WEST,East
770031,SUNDARGARH,ODISHA_WEST,East
770034,SUNDARGARH,ODISHA_WEST,East
770048,SUNDARGARH,ODISHA_WEST,East
769003,SUNDARGARH,ODISHA_WEST,East
770015,SUNDARGARH,ODISHA_WEST,East
770016,SUNDARGARH,ODISHA_WEST,East
770075,SUNDARGARH,ODISHA_WEST,East
770037,SUNDARGARH,ODISHA_WEST,East
770070,SUNDARGARH,ODISHA_WEST,East
770076,SUNDARGARH,ODISHA_WEST,East
770022,SUNDARGARH,ODISHA_WEST,East
770024,SUNDARGARH,ODISHA_WEST,East
770013,SUNDARGARH,ODISHA_WEST,East
770073,SUNDARGARH,ODISHA_WEST,East
770019,SUNDARGARH,ODISHA_WEST,East
770018,SUNDARGARH,ODISHA_WEST,East
770012,SUNDARGARH,ODISHA_WEST,East
770017,SUNDARGARH,ODISHA_WEST,East
770023,SUNDARGARH,ODISHA_WEST,East
770035,SUNDARGARH,ODISHA_WEST,East
769004,SUNDARGARH,ODISHA_WEST,East
770001,SUNDARGARH,ODISHA_WEST,East
769012,SUNDARGARH,ODISHA_WEST,East
769001,SUNDARGARH,ODISHA_WEST,East
769011,SUNDARGARH,ODISHA_WEST,East
769006,SUNDARGARH,ODISHA_WEST,East
769013,SUNDARGARH,ODISHA_WEST,East
769008,SUNDARGARH,ODISHA_WEST,East
769007,SUNDARGARH,ODISHA_WEST,East
770032,SUNDARGARH,ODISHA_WEST,East
769010,SUNDARGARH,ODISHA_WEST,East
769014,SUNDARGARH,ODISHA_WEST,East
769002,SUNDARGARH,ODISHA_WEST,East
769016,SUNDARGARH,ODISHA_WEST,East
770025,SUNDARGARH,ODISHA_WEST,East
769015,SUNDARGARH,ODISHA_WEST,East
770042,SUNDARGARH,ODISHA_WEST,East
770052,SUNDARGARH,ODISHA_WEST,East
769005,SUNDARGARH,ODISHA_WEST,East
770046,SUNDARGARH,ODISHA_WEST,East
768105,SAMBALPUR,ODISHA_CC,East
768106,SAMBALPUR,ODISHA_CC,East
768006,SAMBALPUR,ODISHA_CC,East
768200,SAMBALPUR,ODISHA_CC,East
768228,SAMBALPUR,ODISHA_CC,East
768227,SAMBALPUR,ODISHA_CC,East
768214,SAMBALPUR,ODISHA_CC,East
768212,SAMBALPUR,ODISHA_CC,East
768222,SAMBALPUR,ODISHA_CC,East
768107,SAMBALPUR,ODISHA_CC,East
768005,SAMBALPUR,ODISHA_CC,East
768112,SAMBALPUR,ODISHA_CC,East
768113,SAMBALPUR,ODISHA_CC,East
768221,SAMBALPUR,ODISHA_CC,East
768224,SAMBALPUR,ODISHA_CC,East
768025,SAMBALPUR,ODISHA_CC,East
768001,SAMBALPUR,ODISHA_CC,East
768019,SAMBALPUR,ODISHA_CC,East
768003,SAMBALPUR,ODISHA_CC,East
768002,SAMBALPUR,ODISHA_CC,East
768016,SAMBALPUR,ODISHA_CC,East
768017,SAMBALPUR,ODISHA_CC,East
768118,SAMBALPUR,ODISHA_CC,East
768004,SAMBALPUR,ODISHA_CC,East
768018,SAMBALPUR,ODISHA_CC,East
768020,SAMBALPUR,ODISHA_CC,East
768210,SAMBALPUR,ODISHA_CC,East
768119,DEOGARH,ODISHA_WEST,East
768109,DEOGARH,ODISHA_WEST,East
768108,DEOGARH,ODISHA_WEST,East
768110,DEOGARH,ODISHA_WEST,East
768121,DEOGARH,ODISHA_WEST,East
764045,MALKANGIRI,ODISHA_CC,East
764044,MALKANGIRI,ODISHA_CC,East
764052,MALKANGIRI,ODISHA_CC,East
764047,MALKANGIRI,ODISHA_CC,East
764046,MALKANGIRI,ODISHA_CC,East
764051,MALKANGIRI,ODISHA_CC,East
764087,MALKANGIRI,ODISHA_CC,East
764086,MALKANGIRI,ODISHA_CC,East
764048,MALKANGIRI,ODISHA_CC,East
764040,KORAPUT,ODISHA_CC,East
764005,KORAPUT,ODISHA_CC,East
764002,KORAPUT,ODISHA_CC,East
764041,KORAPUT,ODISHA_CC,East
764028,KORAPUT,ODISHA_CC,East
764058,KORAPUT,ODISHA_CC,East
764043,KORAPUT,ODISHA_CC,East
764081,KORAPUT,ODISHA_CC,East
764056,KORAPUT,ODISHA_CC,East
763008,KORAPUT,ODISHA_CC,East
765013,KORAPUT,ODISHA_CC,East
764057,KORAPUT,ODISHA_CC,East
764011,KORAPUT,ODISHA_CC,East
764036,KORAPUT,ODISHA_CC,East
764014,KORAPUT,ODISHA_CC,East
764021,KORAPUT,ODISHA_CC,East
764038,KORAPUT,ODISHA_CC,East
764039,KORAPUT,ODISHA_CC,East
764037,KORAPUT,ODISHA_CC,East
764003,KORAPUT,ODISHA_CC,East
764027,KORAPUT,ODISHA_CC,East
764055,KORAPUT,ODISHA_CC,East
764042,KORAPUT,ODISHA_CC,East
764001,KORAPUT,ODISHA_CC,East
764020,KORAPUT,ODISHA_CC,East
763002,KORAPUT,ODISHA_CC,East
764006,KORAPUT,ODISHA_CC,East
763004,KORAPUT,ODISHA_CC,East
763001,KORAPUT,ODISHA_CC,East
763003,KORAPUT,ODISHA_CC,East
764004,KORAPUT,ODISHA_CC,East
764072,NABARANGPUR,ODISHA_CC,East
764076,NABARANGPUR,ODISHA_CC,East
764075,NABARANGPUR,ODISHA_CC,East
764061,NABARANGPUR,ODISHA_CC,East
764077,NABARANGPUR,ODISHA_CC,East
764078,NABARANGPUR,ODISHA_CC,East
764085,NABARANGPUR,ODISHA_CC,East
764088,NABARANGPUR,ODISHA_CC,East
764049,NABARANGPUR,ODISHA_CC,East
764063,NABARANGPUR,ODISHA_CC,East
764059,NABARANGPUR,ODISHA_CC,East
764071,NABARANGPUR,ODISHA_CC,East
764074,NABARANGPUR,ODISHA_CC,East
764070,NABARANGPUR,ODISHA_CC,East
764073,NABARANGPUR,ODISHA_CC,East
765025,RAYAGADA,ODISHA_CC,East
765029,RAYAGADA,ODISHA_CC,East
765002,RAYAGADA,ODISHA_CC,East
765018,RAYAGADA,ODISHA_CC,East
765024,RAYAGADA,ODISHA_CC,East
765020,RAYAGADA,ODISHA_CC,East
765019,RAYAGADA,ODISHA_CC,East
765033,RAYAGADA,ODISHA_CC,East
765026,RAYAGADA,ODISHA_CC,East
765017,RAYAGADA,ODISHA_CC,East
765021,RAYAGADA,ODISHA_CC,East
764062,RAYAGADA,ODISHA_CC,East
765022,RAYAGADA,ODISHA_CC,East
765016,RAYAGADA,ODISHA_CC,East
765015,RAYAGADA,ODISHA_CC,East
765023,RAYAGADA,ODISHA_CC,East
765034,RAYAGADA,ODISHA_CC,East
765001,RAYAGADA,ODISHA_CC,East
147111,PATIALA,PUNJAB,North
147007,PATIALA,PUNJAB,North
140402,PATIALA,PUNJAB,North
147004,PATIALA,PUNJAB,North
147102,PATIALA,PUNJAB,North
147021,PATIALA,PUNJAB,North
147201,PATIALA,PUNJAB,North
147202,PATIALA,PUNJAB,North
147005,PATIALA,PUNJAB,North
147104,PATIALA,PUNJAB,North
147105,PATIALA,PUNJAB,North
147101,PATIALA,PUNJAB,North
140602,PATIALA,PUNJAB,North
147006,PATIALA,PUNJAB,North
140701,PATIALA,PUNJAB,North
140417,PATIALA,PUNJAB,North
140601,PATIALA,PUNJAB,North
140702,PATIALA,PUNJAB,North
147103,PATIALA,PUNJAB,North
147001,PATIALA,PUNJAB,North
140401,PATIALA,PUNJAB,North
147003,PATIALA,PUNJAB,North
147002,PATIALA,PUNJAB,North
147008,PATIALA,PUNJAB,North
142049,MOGA,PUNJAB,North
142037,MOGA,PUNJAB,North
142038,MOGA,PUNJAB,North
142039,MOGA,PUNJAB,North
142011,MOGA,PUNJAB,North
142053,MOGA,PUNJAB,North
142048,MOGA,PUNJAB,North
142056,MOGA,PUNJAB,North
142040,MOGA,PUNJAB,North
142054,MOGA,PUNJAB,North
142046,MOGA,PUNJAB,North
142045,MOGA,PUNJAB,North
142003,MOGA,PUNJAB,North
142055,MOGA,PUNJAB,North
142057,MOGA,PUNJAB,North
142042,MOGA,PUNJAB,North
142058,MOGA,PUNJAB,North
142043,MOGA,PUNJAB,North
142041,MOGA,PUNJAB,North
142002,MOGA,PUNJAB,North
142001,MOGA,PUNJAB,North
151214,FARIDKOT,PUNJAB,North
151205,FARIDKOT,PUNJAB,North
151213,FARIDKOT,PUNJAB,North
151202,FARIDKOT,PUNJAB,North
151204,FARIDKOT,PUNJAB,North
151208,FARIDKOT,PUNJAB,North
151207,FARIDKOT,PUNJAB,North
151212,FARIDKOT,PUNJAB,North
151209,FARIDKOT,PUNJAB,North
151203,FARIDKOT,PUNJAB,North
141114,LUDHIANA,PUNJAB,North
141110,LUDHIANA,PUNJAB,North
141008,LUDHIANA,PUNJAB,North
141412,LUDHIANA,PUNJAB,North
141127,LUDHIANA,PUNJAB,North
141126,LUDHIANA,PUNJAB,North
141117,LUDHIANA,PUNJAB,North
142032,LUDHIANA,PUNJAB,North
142036,LUDHIANA,PUNJAB,North
141107,LUDHIANA,PUNJAB,North
142031,LUDHIANA,PUNJAB,North
142029,LUDHIANA,PUNJAB,North
142030,LUDHIANA,PUNJAB,North
142022,LUDHIANA,PUNJAB,North
142027,LUDHIANA,PUNJAB,North
142021,LUDHIANA,PUNJAB,North
141422,LUDHIANA,PUNJAB,North
141101,LUDHIANA,PUNJAB,North
141102,LUDHIANA,PUNJAB,North
141015,LUDHIANA,PUNJAB,North
141007,LUDHIANA,PUNJAB,North
142035,LUDHIANA,PUNJAB,North
141108,LUDHIANA,PUNJAB,North
141109,LUDHIANA,PUNJAB,North
142033,LUDHIANA,PUNJAB,North
142024,LUDHIANA,PUNJAB,North
142025,LUDHIANA,PUNJAB,North
141121,LUDHIANA,PUNJAB,North
141421,LUDHIANA,PUNJAB,North
141206,LUDHIANA,PUNJAB,North
141116,LUDHIANA,PUNJAB,North
141414,LUDHIANA,PUNJAB,North
141112,LUDHIANA,PUNJAB,North
141119,LUDHIANA,PUNJAB,North
141416,LUDHIANA,PUNJAB,North
141104,LUDHIANA,PUNJAB,North
142023,LUDHIANA,PUNJAB,North
142028,LUDHIANA,PUNJAB,North
141118,LUDHIANA,PUNJAB,North
141419,LUDHIANA,PUNJAB,North
141204,LUDHIANA,PUNJAB,North
141417,LUDHIANA,PUNJAB,North
141123,LUDHIANA,PUNJAB,North
141202,LUDHIANA,PUNJAB,North
141415,LUDHIANA,PUNJAB,North
141125,LUDHIANA,PUNJAB,North
141113,LUDHIANA,PUNJAB,North
141205,LUDHIANA,PUNJAB,North
141115,LUDHIANA,PUNJAB,North
141203,LUDHIANA,PUNJAB,North
141418,LUDHIANA,PUNJAB,North
141120,LUDHIANA,PUNJAB,North
142034,LUDHIANA,PUNJAB,North
141105,LUDHIANA,PUNJAB,North
141413,LUDHIANA,PUNJAB,North
141122,LUDHIANA,PUNJAB,North
141103,LUDHIANA,PUNJAB,North
142026,LUDHIANA,PUNJAB,North
141401,LUDHIANA,PUNJAB,North
141001,LUDHIANA,PUNJAB,North
141003,LUDHIANA,PUNJAB,North
141013,LUDHIANA,PUNJAB,North
141014,LUDHIANA,PUNJAB,North
141006,LUDHIANA,PUNJAB,North
141017,LUDHIANA,PUNJAB,North
141106,LUDHIANA,PUNJAB,North
141002,LUDHIANA,PUNJAB,North
141016,LUDHIANA,PUNJAB,North
141010,LUDHIANA,PUNJAB,North
141004,LUDHIANA,PUNJAB,North
141012,LUDHIANA,PUNJAB,North
141011,LUDHIANA,PUNJAB,North
141201,LUDHIANA,PUNJAB,North
160055,S.A.S NAGAR,PUNJAB,North
140506,S.A.S NAGAR,PUNJAB,North
140507,S.A.S NAGAR,PUNJAB,North
140501,S.A.S NAGAR,PUNJAB,North
140201,S.A.S NAGAR,PUNJAB,North
140413,S.A.S NAGAR,PUNJAB,North
140301,S.A.S NAGAR,PUNJAB,North
140109,S.A.S NAGAR,PUNJAB,North
140103,S.A.S NAGAR,PUNJAB,North
140307,S.A.S NAGAR,PUNJAB,North
140603,S.A.S NAGAR,PUNJAB,North
140110,S.A.S NAGAR,PUNJAB,North
140308,S.A.S NAGAR,PUNJAB,North
140306,S.A.S NAGAR,PUNJAB,North
140901,S.A.S NAGAR,PUNJAB,North
160059,S.A.S NAGAR,PUNJAB,North
160062,S.A.S NAGAR,PUNJAB,North
140604,S.A.S NAGAR,PUNJAB,North
160104,S.A.S NAGAR,PUNJAB,North
160103,S.A.S NAGAR,PUNJAB,North
160071,S.A.S NAGAR,PUNJAB,North
144402,KAPURTHALA,PUNJAB,North
144626,KAPURTHALA,PUNJAB,North
144603,KAPURTHALA,PUNJAB,North
144622,KAPURTHALA,PUNJAB,North
144407,KAPURTHALA,PUNJAB,North
144405,KAPURTHALA,PUNJAB,North
144411,KAPURTHALA,PUNJAB,North
144620,KAPURTHALA,PUNJAB,North
144606,KAPURTHALA,PUNJAB,North
144628,KAPURTHALA,PUNJAB,North
144403,KAPURTHALA,PUNJAB,North
144819,KAPURTHALA,PUNJAB,North
144631,KAPURTHALA,PUNJAB,North
144624,KAPURTHALA,PUNJAB,North
144804,KAPURTHALA,PUNJAB,North
144621,KAPURTHALA,PUNJAB,North
144802,KAPURTHALA,PUNJAB,North
144601,KAPURTHALA,PUNJAB,North
144401,KAPURTHALA,PUNJAB,North
144602,KAPURTHALA,PUNJAB,North
144408,KAPURTHALA,PUNJAB,North
144702,JALANDHAR,PUNJAB,North
144044,JALANDHAR,PUNJAB,North
144036,JALANDHAR,PUNJAB,North
144037,JALANDHAR,PUNJAB,North
144043,JALANDHAR,PUNJAB,North
144042,JALANDHAR,PUNJAB,North
144625,JALANDHAR,PUNJAB,North
144311,JALANDHAR,PUNJAB,North
144033,JALANDHAR,PUNJAB,North
144035,JALANDHAR,PUNJAB,North
144032,JALANDHAR,PUNJAB,North
144633,JALANDHAR,PUNJAB,North
144632,JALANDHAR,PUNJAB,North
144034,JALANDHAR,PUNJAB,North
144502,JALANDHAR,PUNJAB,North
144416,JALANDHAR,PUNJAB,North
144418,JALANDHAR,PUNJAB,North
144409,JALANDHAR,PUNJAB,North
144024,JALANDHAR,PUNJAB,North
144020,JALANDHAR,PUNJAB,North
144419,JALANDHAR,PUNJAB,North
144039,JALANDHAR,PUNJAB,North
144703,JALANDHAR,PUNJAB,North
144806,JALANDHAR,PUNJAB,North
144801,JALANDHAR,PUNJAB,North
144629,JALANDHAR,PUNJAB,North
144701,JALANDHAR,PUNJAB,North
144041,JALANDHAR,PUNJAB,North
144040,JALANDHAR,PUNJAB,North
144623,JALANDHAR,PUNJAB,North
144410,JALANDHAR,PUNJAB,North
144102,JALANDHAR,PUNJAB,North
144301,JALANDHAR,PUNJAB,North
144021,JALANDHAR,PUNJAB,North
144201,JALANDHAR,PUNJAB,North
144025,JALANDHAR,PUNJAB,North
144026,JALANDHAR,PUNJAB,North
144101,JALANDHAR,PUNJAB,North
144630,JALANDHAR,PUNJAB,North
144805,JALANDHAR,PUNJAB,North
144022,JALANDHAR,PUNJAB,North
144106,JALANDHAR,PUNJAB,North
144002,JALANDHAR,PUNJAB,North
144302,JALANDHAR,PUNJAB,North
144004,JALANDHAR,PUNJAB,North
144103,JALANDHAR,PUNJAB,North
144104,JALANDHAR,PUNJAB,North
144303,JALANDHAR,PUNJAB,North
144003,JALANDHAR,PUNJAB,North
144028,JALANDHAR,PUNJAB,North
144030,JALANDHAR,PUNJAB,North
144803,JALANDHAR,PUNJAB,North
144029,JALANDHAR,PUNJAB,North
144023,JALANDHAR,PUNJAB,North
144010,JALANDHAR,PUNJAB,North
144001,JALANDHAR,PUNJAB,North
144007,JALANDHAR,PUNJAB,North
144005,JALANDHAR,PUNJAB,North
144006,JALANDHAR,PUNJAB,North
144031,JALANDHAR,PUNJAB,North
144008,JALANDHAR,PUNJAB,North
144011,JALANDHAR,PUNJAB,North
144009,JALANDHAR,PUNJAB,North
144027,JALANDHAR,PUNJAB,North
144012,JALANDHAR,PUNJAB,North
143102,AMRITSAR,PUNJAB,North
143108,AMRITSAR,PUNJAB,North
143202,AMRITSAR,PUNJAB,North
143203,AMRITSAR,PUNJAB,North
143201,AMRITSAR,PUNJAB,North
143103,AMRITSAR,PUNJAB,North
143111,AMRITSAR,PUNJAB,North
143022,AMRITSAR,PUNJAB,North
143601,AMRITSAR,PUNJAB,North
143119,AMRITSAR,PUNJAB,North
143109,AMRITSAR,PUNJAB,North
143107,AMRITSAR,PUNJAB,North
143009,AMRITSAR,PUNJAB,North
143113,AMRITSAR,PUNJAB,North
143149,AMRITSAR,PUNJAB,North
143502,AMRITSAR,PUNJAB,North
143204,AMRITSAR,PUNJAB,North
143114,AMRITSAR,PUNJAB,North
143101,AMRITSAR,PUNJAB,North
143603,AMRITSAR,PUNJAB,North
143112,AMRITSAR,PUNJAB,North
143116,AMRITSAR,PUNJAB,North
143501,AMRITSAR,PUNJAB,North
143115,AMRITSAR,PUNJAB,North
143205,AMRITSAR,PUNJAB,North
143008,AMRITSAR,PUNJAB,North
143413,AMRITSAR,PUNJAB,North
143606,AMRITSAR,PUNJAB,North
143105,AMRITSAR,PUNJAB,North
143504,AMRITSAR,PUNJAB,North
143001,AMRITSAR,PUNJAB,North
143006,AMRITSAR,PUNJAB,North
143005,AMRITSAR,PUNJAB,North
143002,AMRITSAR,PUNJAB,North
143003,AMRITSAR,PUNJAB,North
143004,AMRITSAR,PUNJAB,North
151103,BATHINDA,PUNJAB,North
151108,BATHINDA,PUNJAB,North
151401,BATHINDA,PUNJAB,North
151302,BATHINDA,PUNJAB,North
151005,BATHINDA,PUNJAB,North
151206,BATHINDA,PUNJAB,North
151101,BATHINDA,PUNJAB,North
151201,BATHINDA,PUNJAB,North
151111,BATHINDA,PUNJAB,North
151002,BATHINDA,PUNJAB,North
151106,BATHINDA,PUNJAB,North
151509,BATHINDA,PUNJAB,North
151102,BATHINDA,PUNJAB,North
151104,BATHINDA,PUNJAB,North
151301,BATHINDA,PUNJAB,North
151105,BATHINDA,PUNJAB,North
151001,BATHINDA,PUNJAB,North
151003,BATHINDA,PUNJAB,North
151004,BATHINDA,PUNJAB,North
151006,BATHINDA,PUNJAB,North
148025,SANGRUR,PUNJAB,North
148028,SANGRUR,PUNJAB,North
148106,SANGRUR,PUNJAB,North
148035,SANGRUR,PUNJAB,North
148002,SANGRUR,PUNJAB,North
148034,SANGRUR,PUNJAB,North
148031,SANGRUR,PUNJAB,North
148033,SANGRUR,PUNJAB,North
148027,SANGRUR,PUNJAB,North
148017,SANGRUR,PUNJAB,North
148026,SANGRUR,PUNJAB,North
148029,SANGRUR,PUNJAB,North
148030,SANGRUR,PUNJAB,North
148024,SANGRUR,PUNJAB,North
148001,SANGRUR,PUNJAB,North
148109,BARNALA,PUNJAB,North
148103,BARNALA,PUNJAB,North
148100,BARNALA,PUNJAB,North
148108,BARNALA,PUNJAB,North
148104,BARNALA,PUNJAB,North
148107,BARNALA,PUNJAB,North
148102,BARNALA,PUNJAB,North
148105,BARNALA,PUNJAB,North
148101,BARNALA,PUNJAB,North
148023,MALERKOTLA,PUNJAB,North
148019,MALERKOTLA,PUNJAB,North
148020,MALERKOTLA,PUNJAB,North
148022,MALERKOTLA,PUNJAB,North
148021,MALERKOTLA,PUNJAB,North
148018,MALERKOTLA,PUNJAB,North
144526,SHAHID BHAGAT SINGH NAGAR,PUNJAB,North
144525,SHAHID BHAGAT SINGH NAGAR,PUNJAB,North
144417,SHAHID BHAGAT SINGH NAGAR,PUNJAB,North
144505,SHAHID BHAGAT SINGH NAGAR,PUNJAB,North
144504,SHAHID BHAGAT SINGH NAGAR,PUNJAB,North
144518,SHAHID BHAGAT SINGH NAGAR,PUNJAB,North
144515,SHAHID BHAGAT SINGH NAGAR,PUNJAB,North
144512,SHAHID BHAGAT SINGH NAGAR,PUNJAB,North
144501,SHAHID BHAGAT SINGH NAGAR,PUNJAB,North
144510,SHAHID BHAGAT SINGH NAGAR,PUNJAB,North
144516,SHAHID BHAGAT SINGH NAGAR,PUNJAB,North
144524,SHAHID BHAGAT SINGH NAGAR,PUNJAB,North
144509,SHAHID BHAGAT SINGH NAGAR,PUNJAB,North
144511,SHAHID BHAGAT SINGH NAGAR,PUNJAB,North
144506,SHAHID BHAGAT SINGH NAGAR,PUNJAB,North
144513,SHAHID BHAGAT SINGH NAGAR,PUNJAB,North
144514,SHAHID BHAGAT SINGH NAGAR,PUNJAB,North
144503,SHAHID BHAGAT SINGH NAGAR,PUNJAB,North
144517,SHAHID BHAGAT SINGH NAGAR,PUNJAB,North
144421,SHAHID BHAGAT SINGH NAGAR,PUNJAB,North
144508,SHAHID BHAGAT SINGH NAGAR,PUNJAB,North
144422,SHAHID BHAGAT SINGH NAGAR,PUNJAB,North
144521,SHAHID BHAGAT SINGH NAGAR,PUNJAB,North
144522,SHAHID BHAGAT SINGH NAGAR,PUNJAB,North
144533,SHAHID BHAGAT SINGH NAGAR,PUNJAB,North
144507,SHAHID BHAGAT SINGH NAGAR,PUNJAB,North
144415,SHAHID BHAGAT SINGH NAGAR,PUNJAB,North
146105,HOSHIARPUR,PUNJAB,North
144531,HOSHIARPUR,PUNJAB,North
146107,HOSHIARPUR,PUNJAB,North
146022,HOSHIARPUR,PUNJAB,North
146111,HOSHIARPUR,PUNJAB,North
146112,HOSHIARPUR,PUNJAB,North
144528,HOSHIARPUR,PUNJAB,North
144529,HOSHIARPUR,PUNJAB,North
144532,HOSHIARPUR,PUNJAB,North
144105,HOSHIARPUR,PUNJAB,North
146109,HOSHIARPUR,PUNJAB,North
146021,HOSHIARPUR,PUNJAB,North
146106,HOSHIARPUR,PUNJAB,North
146108,HOSHIARPUR,PUNJAB,North
144404,HOSHIARPUR,PUNJAB,North
146110,HOSHIARPUR,PUNJAB,North
144519,HOSHIARPUR,PUNJAB,North
144212,HOSHIARPUR,PUNJAB,North
144207,HOSHIARPUR,PUNJAB,North
144221,HOSHIARPUR,PUNJAB,North
144208,HOSHIARPUR,PUNJAB,North
144209,HOSHIARPUR,PUNJAB,North
144223,HOSHIARPUR,PUNJAB,North
146116,HOSHIARPUR,PUNJAB,North
144305,HOSHIARPUR,PUNJAB,North
144202,HOSHIARPUR,PUNJAB,North
144211,HOSHIARPUR,PUNJAB,North
144214,HOSHIARPUR,PUNJAB,North
144204,HOSHIARPUR,PUNJAB,North
146023,HOSHIARPUR,PUNJAB,North
146113,HOSHIARPUR,PUNJAB,North
144222,HOSHIARPUR,PUNJAB,North
144206,HOSHIARPUR,PUNJAB,North
146101,HOSHIARPUR,PUNJAB,North
146102,HOSHIARPUR,PUNJAB,North
144523,HOSHIARPUR,PUNJAB,North
144520,HOSHIARPUR,PUNJAB,North
144530,HOSHIARPUR,PUNJAB,North
146114,HOSHIARPUR,PUNJAB,North
146115,HOSHIARPUR,PUNJAB,North
146104,HOSHIARPUR,PUNJAB,North
146024,HOSHIARPUR,PUNJAB,North
144527,HOSHIARPUR,PUNJAB,North
144224,HOSHIARPUR,PUNJAB,North
144213,HOSHIARPUR,PUNJAB,North
144406,HOSHIARPUR,PUNJAB,North
146103,HOSHIARPUR,PUNJAB,North
144216,HOSHIARPUR,PUNJAB,North
144306,HOSHIARPUR,PUNJAB,North
144210,HOSHIARPUR,PUNJAB,North
144205,HOSHIARPUR,PUNJAB,North
146001,HOSHIARPUR,PUNJAB,North
143416,TARN TARAN,PUNJAB,North
143414,TARN TARAN,PUNJAB,North
143302,TARN TARAN,PUNJAB,North
143118,TARN TARAN,PUNJAB,North
143410,TARN TARAN,PUNJAB,North
143402,TARN TARAN,PUNJAB,North
143301,TARN TARAN,PUNJAB,North
143408,TARN TARAN,PUNJAB,North
143411,TARN TARAN,PUNJAB,North
143407,TARN TARAN,PUNJAB,North
143412,TARN TARAN,PUNJAB,North
143304,TARN TARAN,PUNJAB,North
143303,TARN TARAN,PUNJAB,North
143406,TARN TARAN,PUNJAB,North
143305,TARN TARAN,PUNJAB,North
143419,TARN TARAN,PUNJAB,North
143409,TARN TARAN,PUNJAB,North
143422,TARN TARAN,PUNJAB,North
143415,TARN TARAN,PUNJAB,North
143117,TARN TARAN,PUNJAB,North
143401,TARN TARAN,PUNJAB,North
151210,SRI MUKTSAR SAHIB,PUNJAB,North
152115,SRI MUKTSAR SAHIB,PUNJAB,North
152031,SRI MUKTSAR SAHIB,PUNJAB,North
152101,SRI MUKTSAR SAHIB,PUNJAB,North
152025,SRI MUKTSAR SAHIB,PUNJAB,North
152113,SRI MUKTSAR SAHIB,PUNJAB,North
152107,SRI MUKTSAR SAHIB,PUNJAB,North
152026,SRI MUKTSAR SAHIB,PUNJAB,North
152032,SRI MUKTSAR SAHIB,PUNJAB,North
152114,SRI MUKTSAR SAHIB,PUNJAB,North
151211,SRI MUKTSAR SAHIB,PUNJAB,North
152112,SRI MUKTSAR SAHIB,PUNJAB,North
147203,FATEHGARH SAHIB,PUNJAB,North
140406,FATEHGARH SAHIB,PUNJAB,North
140408,FATEHGARH SAHIB,PUNJAB,North
140412,FATEHGARH SAHIB,PUNJAB,North
141411,FATEHGARH SAHIB,PUNJAB,North
141801,FATEHGARH SAHIB,PUNJAB,North
147301,FATEHGARH SAHIB,PUNJAB,North
140405,FATEHGARH SAHIB,PUNJAB,North
140802,FATEHGARH SAHIB,PUNJAB,North
140407,FATEHGARH SAHIB,PUNJAB,North
151507,MANSA,PUNJAB,North
151501,MANSA,PUNJAB,North
151508,MANSA,PUNJAB,North
151504,MANSA,PUNJAB,North
151502,MANSA,PUNJAB,North
151506,MANSA,PUNJAB,North
151510,MANSA,PUNJAB,North
151503,MANSA,PUNJAB,North
151505,MANSA,PUNJAB,North
152023,FIROZEPUR,PUNJAB,North
152028,FIROZEPUR,PUNJAB,North
142060,FIROZEPUR,PUNJAB,North
152004,FIROZEPUR,PUNJAB,North
152005,FIROZEPUR,PUNJAB,North
142050,FIROZEPUR,PUNJAB,North
142047,FIROZEPUR,PUNJAB,North
152022,FIROZEPUR,PUNJAB,North
142044,FIROZEPUR,PUNJAB,North
152021,FIROZEPUR,PUNJAB,North
152003,FIROZEPUR,PUNJAB,North
152002,FIROZEPUR,PUNJAB,North
142052,FIROZEPUR,PUNJAB,North
152001,FIROZEPUR,PUNJAB,North
152033,FAZILKA,PUNJAB,North
152132,FAZILKA,PUNJAB,North
152122,FAZILKA,PUNJAB,North
152118,FAZILKA,PUNJAB,North
152116,FAZILKA,PUNJAB,North
152124,FAZILKA,PUNJAB,North
152121,FAZILKA,PUNJAB,North
152128,FAZILKA,PUNJAB,North
152117,FAZILKA,PUNJAB,North
152123,FAZILKA,PUNJAB,North
152020,FAZILKA,PUNJAB,North
152024,FAZILKA,PUNJAB,North
143507,GURDASPUR,PUNJAB,North
143511,GURDASPUR,PUNJAB,North
143604,GURDASPUR,PUNJAB,North
143605,GURDASPUR,PUNJAB,North
143525,GURDASPUR,PUNJAB,North
143520,GURDASPUR,PUNJAB,North
143530,GURDASPUR,PUNJAB,North
143529,GURDASPUR,PUNJAB,North
143602,GURDASPUR,PUNJAB,North
143514,GURDASPUR,PUNJAB,North
143506,GURDASPUR,PUNJAB,North
143513,GURDASPUR,PUNJAB,North
143518,GURDASPUR,PUNJAB,North
143512,GURDASPUR,PUNJAB,North
143516,GURDASPUR,PUNJAB,North
143515,GURDASPUR,PUNJAB,North
143517,GURDASPUR,PUNJAB,North
143526,GURDASPUR,PUNJAB,North
143527,GURDASPUR,PUNJAB,North
143528,GURDASPUR,PUNJAB,North
143532,GURDASPUR,PUNJAB,North
143519,GURDASPUR,PUNJAB,North
143531,GURDASPUR,PUNJAB,North
143533,GURDASPUR,PUNJAB,North
143505,GURDASPUR,PUNJAB,North
143521,GURDASPUR,PUNJAB,North
140118,RUPNAGAR,PUNJAB,North
140111,RUPNAGAR,PUNJAB,North
140133,RUPNAGAR,PUNJAB,North
140112,RUPNAGAR,PUNJAB,North
140126,RUPNAGAR,PUNJAB,North
140123,RUPNAGAR,PUNJAB,North
140113,RUPNAGAR,PUNJAB,North
140115,RUPNAGAR,PUNJAB,North
140116,RUPNAGAR,PUNJAB,North
140102,RUPNAGAR,PUNJAB,North
140108,RUPNAGAR,PUNJAB,North
140124,RUPNAGAR,PUNJAB,North
140128,RUPNAGAR,PUNJAB,North
140125,RUPNAGAR,PUNJAB,North
140127,RUPNAGAR,PUNJAB,North
140117,RUPNAGAR,PUNJAB,North
140119,RUPNAGAR,PUNJAB,North
140114,RUPNAGAR,PUNJAB,North
140101,RUPNAGAR,PUNJAB,North
140001,RUPNAGAR,PUNJAB,North
145101,PATHANKOT,PUNJAB,North
145001,PATHANKOT,PUNJAB,North
145023,PATHANKOT,PUNJAB,North
145025,PATHANKOT,PUNJAB,North
143534,PATHANKOT,PUNJAB,North
145026,PATHANKOT,PUNJAB,North
145029,PATHANKOT,PUNJAB,North
145022,PATHANKOT,PUNJAB,North
145027,PATHANKOT,PUNJAB,North
145024,PATHANKOT,PUNJAB,North
344704,BARMER,RAJASTHAN,North
344032,BARMER,RAJASTHAN,North
344706,BARMER,RAJASTHAN,North
344011,BARMER,RAJASTHAN,North
344701,BARMER,RAJASTHAN,North
344033,BARMER,RAJASTHAN,North
344035,BARMER,RAJASTHAN,North
344801,BARMER,RAJASTHAN,North
344027,BARMER,RAJASTHAN,North
344502,BARMER,RAJASTHAN,North
344012,BARMER,RAJASTHAN,North
344021,BARMER,RAJASTHAN,North
344708,BARMER,RAJASTHAN,North
344044,BARMER,RAJASTHAN,North
344037,BARMER,RAJASTHAN,North
344501,BARMER,RAJASTHAN,North
344031,BARMER,RAJASTHAN,North
344026,BARMER,RAJASTHAN,North
344043,BARMER,RAJASTHAN,North
344703,BARMER,RAJASTHAN,North
344705,BARMER,RAJASTHAN,North
344001,BARMER,RAJASTHAN,North
344034,BARMER,RAJASTHAN,North
344022,BARMER,RAJASTHAN,North
344702,BARMER,RAJASTHAN,North
344024,BARMER,RAJASTHAN,North
344025,BARMER,RAJASTHAN,North
342002,JODHPUR,RAJASTHAN,North
342304,JODHPUR,RAJASTHAN,North
342602,JODHPUR,RAJASTHAN,North
342312,JODHPUR,RAJASTHAN,North
342314,JODHPUR,RAJASTHAN,North
342308,JODHPUR,RAJASTHAN,North
342604,JODHPUR,RAJASTHAN,North
342801,JODHPUR,RAJASTHAN,North
342029,JODHPUR,RAJASTHAN,North
342037,JODHPUR,RAJASTHAN,North
342302,JODHPUR,RAJASTHAN,North
342802,JODHPUR,RAJASTHAN,North
342305,JODHPUR,RAJASTHAN,North
342303,JODHPUR,RAJASTHAN,North
342001,JODHPUR,RAJASTHAN,North
342014,JODHPUR,RAJASTHAN,North
342309,JODHPUR,RAJASTHAN,North
342301,JODHPUR,RAJASTHAN,North
342311,JODHPUR,RAJASTHAN,North
342901,JODHPUR,RAJASTHAN,North
342023,JODHPUR,RAJASTHAN,North
342027,JODHPUR,RAJASTHAN,North
342307,JODHPUR,RAJASTHAN,North
342605,JODHPUR,RAJASTHAN,North
342603,JODHPUR,RAJASTHAN,North
342606,JODHPUR,RAJASTHAN,North
342601,JODHPUR,RAJASTHAN,North
342025,JODHPUR,RAJASTHAN,North
342022,JODHPUR,RAJASTHAN,North
342024,JODHPUR,RAJASTHAN,North
342028,JODHPUR,RAJASTHAN,North
342306,JODHPUR,RAJASTHAN,North
342015,JODHPUR,RAJASTHAN,North
342021,JODHPUR,RAJASTHAN,North
342013,JODHPUR,RAJASTHAN,North
342003,JODHPUR,RAJASTHAN,North
342007,JODHPUR,RAJASTHAN,North
342005,JODHPUR,RAJASTHAN,North
342006,JODHPUR,RAJASTHAN,North
342011,JODHPUR,RAJASTHAN,North
342026,JODHPUR,RAJASTHAN,North
342012,JODHPUR,RAJASTHAN,North
342008,JODHPUR,RAJASTHAN,North
342030,JODHPUR,RAJASTHAN,North
333517,JHUNJHUNU,RAJASTHAN,North
331027,JHUNJHUNU,RAJASTHAN,North
333020,JHUNJHUNU,RAJASTHAN,North
333055,JHUNJHUNU,RAJASTHAN,North
333010,JHUNJHUNU,RAJASTHAN,North
333704,JHUNJHUNU,RAJASTHAN,North
333705,JHUNJHUNU,RAJASTHAN,North
333053,JHUNJHUNU,RAJASTHAN,North
331026,JHUNJHUNU,RAJASTHAN,North
333307,JHUNJHUNU,RAJASTHAN,North
333042,JHUNJHUNU,RAJASTHAN,North
333041,JHUNJHUNU,RAJASTHAN,North
333308,JHUNJHUNU,RAJASTHAN,North
333801,JHUNJHUNU,RAJASTHAN,North
333012,JHUNJHUNU,RAJASTHAN,North
333026,JHUNJHUNU,RAJASTHAN,North
333027,JHUNJHUNU,RAJASTHAN,North
333501,JHUNJHUNU,RAJASTHAN,North
333023,JHUNJHUNU,RAJASTHAN,North
333502,JHUNJHUNU,RAJASTHAN,North
333024,JHUNJHUNU,RAJASTHAN,North
333033,JHUNJHUNU,RAJASTHAN,North
333001,JHUNJHUNU,RAJASTHAN,North
331025,JHUNJHUNU,RAJASTHAN,North
333021,JHUNJHUNU,RAJASTHAN,North
333303,JHUNJHUNU,RAJASTHAN,North
333701,JHUNJHUNU,RAJASTHAN,North
333011,JHUNJHUNU,RAJASTHAN,North
333707,JHUNJHUNU,RAJASTHAN,North
333305,JHUNJHUNU,RAJASTHAN,North
333032,JHUNJHUNU,RAJASTHAN,North
333022,JHUNJHUNU,RAJASTHAN,North
333302,JHUNJHUNU,RAJASTHAN,North
331028,JHUNJHUNU,RAJASTHAN,North
333304,JHUNJHUNU,RAJASTHAN,North
331030,JHUNJHUNU,RAJASTHAN,North
333514,JHUNJHUNU,RAJASTHAN,North
333030,JHUNJHUNU,RAJASTHAN,North
333503,JHUNJHUNU,RAJASTHAN,North
333034,JHUNJHUNU,RAJASTHAN,North
333035,JHUNJHUNU,RAJASTHAN,North
333515,JHUNJHUNU,RAJASTHAN,North
333031,JHUNJHUNU,RAJASTHAN,North
333504,JHUNJHUNU,RAJASTHAN,North
333025,JHUNJHUNU,RAJASTHAN,North
332746,JHUNJHUNU,RAJASTHAN,North
333516,JHUNJHUNU,RAJASTHAN,North
332716,JHUNJHUNU,RAJASTHAN,North
333028,JHUNJHUNU,RAJASTHAN,North
333029,JHUNJHUNU,RAJASTHAN,North
333036,JHUNJHUNU,RAJASTHAN,North
333702,JHUNJHUNU,RAJASTHAN,North
343029,JALORE,RAJASTHAN,North
343030,JALORE,RAJASTHAN,North
343049,JALORE,RAJASTHAN,North
343042,JALORE,RAJASTHAN,North
307803,JALORE,RAJASTHAN,North
343040,JALORE,RAJASTHAN,North
343041,JALORE,RAJASTHAN,North
343022,JALORE,RAJASTHAN,North
343024,JALORE,RAJASTHAN,North
343021,JALORE,RAJASTHAN,North
343048,JALORE,RAJASTHAN,North
343039,JALORE,RAJASTHAN,North
343001,JALORE,RAJASTHAN,North
307029,JALORE,RAJASTHAN,North
343032,JALORE,RAJASTHAN,North
343025,JALORE,RAJASTHAN,North
343023,JALORE,RAJASTHAN,North
307030,JALORE,RAJASTHAN,North
343027,JALORE,RAJASTHAN,North
307515,JALORE,RAJASTHAN,North
343028,JALORE,RAJASTHAN,North
343002,JALORE,RAJASTHAN,North
335522,HANUMANGARH,RAJASTHAN,North
335801,HANUMANGARH,RAJASTHAN,North
335504,HANUMANGARH,RAJASTHAN,North
335802,HANUMANGARH,RAJASTHAN,North
335513,HANUMANGARH,RAJASTHAN,North
335502,HANUMANGARH,RAJASTHAN,North
335523,HANUMANGARH,RAJASTHAN,North
335803,HANUMANGARH,RAJASTHAN,North
335524,HANUMANGARH,RAJASTHAN,North
335501,HANUMANGARH,RAJASTHAN,North
335511,HANUMANGARH,RAJASTHAN,North
335503,HANUMANGARH,RAJASTHAN,North
335065,HANUMANGARH,RAJASTHAN,North
335512,HANUMANGARH,RAJASTHAN,North
335063,HANUMANGARH,RAJASTHAN,North
335526,HANUMANGARH,RAJASTHAN,North
335064,HANUMANGARH,RAJASTHAN,North
335525,HANUMANGARH,RAJASTHAN,North
305813,AJMER,RAJASTHAN,North
305811,AJMER,RAJASTHAN,North
305004,AJMER,RAJASTHAN,North
305005,AJMER,RAJASTHAN,North
305003,AJMER,RAJASTHAN,North
305021,AJMER,RAJASTHAN,North
305022,AJMER,RAJASTHAN,North
305205,AJMER,RAJASTHAN,North
305206,AJMER,RAJASTHAN,North
305023,AJMER,RAJASTHAN,North
305002,AJMER,RAJASTHAN,North
305024,AJMER,RAJASTHAN,North
305012,AJMER,RAJASTHAN,North
305801,AJMER,RAJASTHAN,North
305901,AJMER,RAJASTHAN,North
305631,AJMER,RAJASTHAN,North
305621,AJMER,RAJASTHAN,North
305926,AJMER,RAJASTHAN,North
305401,AJMER,RAJASTHAN,North
305624,AJMER,RAJASTHAN,North
305630,AJMER,RAJASTHAN,North
305207,AJMER,RAJASTHAN,North
305923,AJMER,RAJASTHAN,North
305203,AJMER,RAJASTHAN,North
305623,AJMER,RAJASTHAN,North
305204,AJMER,RAJASTHAN,North
305925,AJMER,RAJASTHAN,North
305622,AJMER,RAJASTHAN,North
305625,AJMER,RAJASTHAN,North
305927,AJMER,RAJASTHAN,North
305202,AJMER,RAJASTHAN,North
305601,AJMER,RAJASTHAN,North
305415,AJMER,RAJASTHAN,North
305406,AJMER,RAJASTHAN,North
305405,AJMER,RAJASTHAN,North
305402,AJMER,RAJASTHAN,North
305627,AJMER,RAJASTHAN,North
305924,AJMER,RAJASTHAN,North
305412,AJMER,RAJASTHAN,North
305408,AJMER,RAJASTHAN,North
305922,AJMER,RAJASTHAN,North
305802,AJMER,RAJASTHAN,North
305814,AJMER,RAJASTHAN,North
305025,AJMER,RAJASTHAN,North
305816,AJMER,RAJASTHAN,North
305815,AJMER,RAJASTHAN,North
305629,AJMER,RAJASTHAN,North
305201,AJMER,RAJASTHAN,North
305404,AJMER,RAJASTHAN,North
305628,AJMER,RAJASTHAN,North
305407,AJMER,RAJASTHAN,North
305403,AJMER,RAJASTHAN,North
305812,AJMER,RAJASTHAN,North
305819,AJMER,RAJASTHAN,North
305001,AJMER,RAJASTHAN,North
305007,AJMER,RAJASTHAN,North
305009,AJMER,RAJASTHAN,North
305817,AJMER,RAJASTHAN,North
312615,PRATAPGARH,RAJASTHAN,North
312624,PRATAPGARH,RAJASTHAN,North
312604,PRATAPGARH,RAJASTHAN,North
312619,PRATAPGARH,RAJASTHAN,North
312616,PRATAPGARH,RAJASTHAN,North
312605,PRATAPGARH,RAJASTHAN,North
312623,PRATAPGARH,RAJASTHAN,North
312625,PRATAPGARH,RAJASTHAN,North
312626,PRATAPGARH,RAJASTHAN,North
324005,KOTA,RAJASTHAN,North
325003,KOTA,RAJASTHAN,North
324002,KOTA,RAJASTHAN,North
324003,KOTA,RAJASTHAN,North
325207,KOTA,RAJASTHAN,North
326520,KOTA,RAJASTHAN,North
325214,KOTA,RAJASTHAN,North
326518,KOTA,RAJASTHAN,North
326517,KOTA,RAJASTHAN,North
326519,KOTA,RAJASTHAN,North
325204,KOTA,RAJASTHAN,North
325001,KOTA,RAJASTHAN,North
325601,KOTA,RAJASTHAN,North
325203,KOTA,RAJASTHAN,North
324008,KOTA,RAJASTHAN,North
326530,KOTA,RAJASTHAN,North
324010,KOTA,RAJASTHAN,North
325602,KOTA,RAJASTHAN,North
325201,KOTA,RAJASTHAN,North
325004,KOTA,RAJASTHAN,North
326529,KOTA,RAJASTHAN,North
325009,KOTA,RAJASTHAN,North
325208,KOTA,RAJASTHAN,North
324007,KOTA,RAJASTHAN,North
324006,KOTA,RAJASTHAN,North
324004,KOTA,RAJASTHAN,North
324001,KOTA,RAJASTHAN,North
324009,KOTA,RAJASTHAN,North
325209,BARAN,RAJASTHAN,North
325202,BARAN,RAJASTHAN,North
325223,BARAN,RAJASTHAN,North
325218,BARAN,RAJASTHAN,North
325205,BARAN,RAJASTHAN,North
325222,BARAN,RAJASTHAN,North
325220,BARAN,RAJASTHAN,North
325221,BARAN,RAJASTHAN,North
325216,BARAN,RAJASTHAN,North
325215,BARAN,RAJASTHAN,North
325219,BARAN,RAJASTHAN,North
325217,BARAN,RAJASTHAN,North
325224,BARAN,RAJASTHAN,North
325206,BARAN,RAJASTHAN,North
313011,UDAIPUR,RAJASTHAN,North
313003,UDAIPUR,RAJASTHAN,North
313704,UDAIPUR,RAJASTHAN,North
313903,UDAIPUR,RAJASTHAN,North
313001,UDAIPUR,RAJASTHAN,North
313601,UDAIPUR,RAJASTHAN,North
313206,UDAIPUR,RAJASTHAN,North
313902,UDAIPUR,RAJASTHAN,North
313904,UDAIPUR,RAJASTHAN,North
313901,UDAIPUR,RAJASTHAN,North
313024,UDAIPUR,RAJASTHAN,North
313604,UDAIPUR,RAJASTHAN,North
313038,UDAIPUR,RAJASTHAN,North
313706,UDAIPUR,RAJASTHAN,North
313603,UDAIPUR,RAJASTHAN,North
313804,UDAIPUR,RAJASTHAN,North
313022,UDAIPUR,RAJASTHAN,North
313201,UDAIPUR,RAJASTHAN,North
313602,UDAIPUR,RAJASTHAN,North
313803,UDAIPUR,RAJASTHAN,North
307025,UDAIPUR,RAJASTHAN,North
313703,UDAIPUR,RAJASTHAN,North
313203,UDAIPUR,RAJASTHAN,North
313031,UDAIPUR,RAJASTHAN,North
313702,UDAIPUR,RAJASTHAN,North
313708,UDAIPUR,RAJASTHAN,North
313906,UDAIPUR,RAJASTHAN,North
313204,UDAIPUR,RAJASTHAN,North
313905,UDAIPUR,RAJASTHAN,North
313205,UDAIPUR,RAJASTHAN,North
313705,UDAIPUR,RAJASTHAN,North
313026,UDAIPUR,RAJASTHAN,North
313701,UDAIPUR,RAJASTHAN,North
313802,UDAIPUR,RAJASTHAN,North
313027,UDAIPUR,RAJASTHAN,North
313801,UDAIPUR,RAJASTHAN,North
313004,UDAIPUR,RAJASTHAN,North
313805,UDAIPUR,RAJASTHAN,North
313002,UDAIPUR,RAJASTHAN,North
345001,JAISALMER,RAJASTHAN,North
345027,JAISALMER,RAJASTHAN,North
345034,JAISALMER,RAJASTHAN,North
345031,JAISALMER,RAJASTHAN,North
345033,JAISALMER,RAJASTHAN,North
345024,JAISALMER,RAJASTHAN,North
345028,JAISALMER,RAJASTHAN,North
342310,JAISALMER,RAJASTHAN,North
345025,JAISALMER,RAJASTHAN,North
345021,JAISALMER,RAJASTHAN,North
345023,JAISALMER,RAJASTHAN,North
345026,JAISALMER,RAJASTHAN,North
345022,JAISALMER,RAJASTHAN,North
303006,JAIPUR,RAJASTHAN,North
303009,JAIPUR,RAJASTHAN,North
303348,JAIPUR,RAJASTHAN,North
303005,JAIPUR,RAJASTHAN,North
303338,JAIPUR,RAJASTHAN,North
303124,JAIPUR,RAJASTHAN,North
303603,JAIPUR,RAJASTHAN,North
303604,JAIPUR,RAJASTHAN,North
303602,JAIPUR,RAJASTHAN,North
303901,JAIPUR,RAJASTHAN,North
303904,JAIPUR,RAJASTHAN,North
303008,JAIPUR,RAJASTHAN,North
303328,JAIPUR,RAJASTHAN,North
303706,JAIPUR,RAJASTHAN,North
303007,JAIPUR,RAJASTHAN,North
303908,JAIPUR,RAJASTHAN,North
303806,JAIPUR,RAJASTHAN,North
303807,JAIPUR,RAJASTHAN,North
303102,JAIPUR,RAJASTHAN,North
303903,JAIPUR,RAJASTHAN,North
303103,JAIPUR,RAJASTHAN,North
303002,JAIPUR,RAJASTHAN,North
303601,JAIPUR,RAJASTHAN,North
303001,JAIPUR,RAJASTHAN,North
303702,JAIPUR,RAJASTHAN,North
303804,JAIPUR,RAJASTHAN,North
303701,JAIPUR,RAJASTHAN,North
303704,JAIPUR,RAJASTHAN,North
303109,JAIPUR,RAJASTHAN,North
303801,JAIPUR,RAJASTHAN,North
303803,JAIPUR,RAJASTHAN,North
303108,JAIPUR,RAJASTHAN,North
303905,JAIPUR,RAJASTHAN,North
303119,JAIPUR,RAJASTHAN,North
303120,JAIPUR,RAJASTHAN,North
303712,JAIPUR,RAJASTHAN,North
303305,JAIPUR,RAJASTHAN,North
303301,JAIPUR,RAJASTHAN,North
302012,JAIPUR,RAJASTHAN,North
302013,JAIPUR,RAJASTHAN,North
302029,JAIPUR,RAJASTHAN,North
302041,JAIPUR,RAJASTHAN,North
302022,JAIPUR,RAJASTHAN,North
303003,JAIPUR,RAJASTHAN,North
303805,JAIPUR,RAJASTHAN,North
303105,JAIPUR,RAJASTHAN,North
303106,JAIPUR,RAJASTHAN,North
303107,JAIPUR,RAJASTHAN,North
303110,JAIPUR,RAJASTHAN,North
303104,JAIPUR,RAJASTHAN,North
303012,JAIPUR,RAJASTHAN,North
302028,JAIPUR,RAJASTHAN,North
302027,JAIPUR,RAJASTHAN,North
302031,JAIPUR,RAJASTHAN,North
302026,JAIPUR,RAJASTHAN,North
302002,JAIPUR,RAJASTHAN,North
302003,JAIPUR,RAJASTHAN,North
302001,JAIPUR,RAJASTHAN,North
302004,JAIPUR,RAJASTHAN,North
302006,JAIPUR,RAJASTHAN,North
302039,JAIPUR,RAJASTHAN,North
302016,JAIPUR,RAJASTHAN,North
302036,JAIPUR,RAJASTHAN,North
302019,JAIPUR,RAJASTHAN,North
302021,JAIPUR,RAJASTHAN,North
302020,JAIPUR,RAJASTHAN,North
303329,JAIPUR,RAJASTHAN,North
302005,JAIPUR,RAJASTHAN,North
302018,JAIPUR,RAJASTHAN,North
302015,JAIPUR,RAJASTHAN,North
302017,JAIPUR,RAJASTHAN,North
302033,JAIPUR,RAJASTHAN,North
302042,JAIPUR,RAJASTHAN,North
302037,JAIPUR,RAJASTHAN,North
302034,JAIPUR,RAJASTHAN,North
302038,JAIPUR,RAJASTHAN,North
302045,JAIPUR,RAJASTHAN,North
302046,JAIPUR,RAJASTHAN,North
302043,JAIPUR,RAJASTHAN,North
302040,JAIPUR,RAJASTHAN,North
303122,JAIPUR,RAJASTHAN,North
303123,JAIPUR,RAJASTHAN,North
303121,JAIPUR,RAJASTHAN,North
302044,JAIPUR,RAJASTHAN,North
331803,BIKANER,RAJASTHAN,North
334202,BIKANER,RAJASTHAN,North
334001,BIKANER,RAJASTHAN,North
334305,BIKANER,RAJASTHAN,North
334021,BIKANER,RAJASTHAN,North
334801,BIKANER,RAJASTHAN,North
334303,BIKANER,RAJASTHAN,North
334302,BIKANER,RAJASTHAN,North
331811,BIKANER,RAJASTHAN,North
334022,BIKANER,RAJASTHAN,North
334802,BIKANER,RAJASTHAN,North
334601,BIKANER,RAJASTHAN,North
334602,BIKANER,RAJASTHAN,North
334023,BIKANER,RAJASTHAN,North
334201,BIKANER,RAJASTHAN,North
334803,BIKANER,RAJASTHAN,North
334804,BIKANER,RAJASTHAN,North
334603,BIKANER,RAJASTHAN,North
334604,BIKANER,RAJASTHAN,North
331801,BIKANER,RAJASTHAN,North
334402,BIKANER,RAJASTHAN,North
334808,BIKANER,RAJASTHAN,North
334004,BIKANER,RAJASTHAN,North
334403,BIKANER,RAJASTHAN,North
334401,BIKANER,RAJASTHAN,North
334003,BIKANER,RAJASTHAN,North
334006,BIKANER,RAJASTHAN,North
326036,JHALAWAR,RAJASTHAN,North
326035,JHALAWAR,RAJASTHAN,North
326501,JHALAWAR,RAJASTHAN,North
326513,JHALAWAR,RAJASTHAN,North
326023,JHALAWAR,RAJASTHAN,North
326038,JHALAWAR,RAJASTHAN,North
326037,JHALAWAR,RAJASTHAN,North
326512,JHALAWAR,RAJASTHAN,North
326034,JHALAWAR,RAJASTHAN,North
326001,JHALAWAR,RAJASTHAN,North
326033,JHALAWAR,RAJASTHAN,North
326021,JHALAWAR,RAJASTHAN,North
326022,JHALAWAR,RAJASTHAN,North
326502,JHALAWAR,RAJASTHAN,North
326515,JHALAWAR,RAJASTHAN,North
326514,JHALAWAR,RAJASTHAN,North
326516,JHALAWAR,RAJASTHAN,North
326039,JHALAWAR,RAJASTHAN,North
301001,ALWAR,RAJASTHAN,North
301028,ALWAR,RAJASTHAN,North
301021,ALWAR,RAJASTHAN,North
301414,ALWAR,RAJASTHAN,North
301413,ALWAR,RAJASTHAN,North
321605,ALWAR,RAJASTHAN,North
321606,ALWAR,RAJASTHAN,North
301405,ALWAR,RAJASTHAN,North
301604,ALWAR,RAJASTHAN,North
301019,ALWAR,RAJASTHAN,North
301018,ALWAR,RAJASTHAN,North
301702,ALWAR,RAJASTHAN,North
301411,ALWAR,RAJASTHAN,North
301023,ALWAR,RAJASTHAN,North
301701,ALWAR,RAJASTHAN,North
301401,ALWAR,RAJASTHAN,North
301402,ALWAR,RAJASTHAN,North
301022,ALWAR,RAJASTHAN,North
301714,ALWAR,RAJASTHAN,North
301406,ALWAR,RAJASTHAN,North
301024,ALWAR,RAJASTHAN,North
301025,ALWAR,RAJASTHAN,North
301027,ALWAR,RAJASTHAN,North
301408,ALWAR,RAJASTHAN,North
301415,ALWAR,RAJASTHAN,North
301030,ALWAR,RAJASTHAN,North
321633,ALWAR,RAJASTHAN,North
301026,ALWAR,RAJASTHAN,North
301409,ALWAR,RAJASTHAN,North
301035,ALWAR,RAJASTHAN,North
301410,ALWAR,RAJASTHAN,North
301707,ALWAR,RAJASTHAN,North
301403,ALWAR,RAJASTHAN,North
321607,ALWAR,RAJASTHAN,North
301020,ALWAR,RAJASTHAN,North
301709,ALWAR,RAJASTHAN,North
301412,ALWAR,RAJASTHAN,North
301427,ALWAR,RAJASTHAN,North
301404,ALWAR,RAJASTHAN,North
301713,ALWAR,RAJASTHAN,North
301703,ALWAR,RAJASTHAN,North
301407,ALWAR,RAJASTHAN,North
301704,ALWAR,RAJASTHAN,North
301706,ALWAR,RAJASTHAN,North
301708,ALWAR,RAJASTHAN,North
301705,ALWAR,RAJASTHAN,North
301002,ALWAR,RAJASTHAN,North
301416,ALWAR,RAJASTHAN,North
323001,BUNDI,RAJASTHAN,North
323026,BUNDI,RAJASTHAN,North
323024,BUNDI,RAJASTHAN,North
323802,BUNDI,RAJASTHAN,North
323301,BUNDI,RAJASTHAN,North
323616,BUNDI,RAJASTHAN,North
323023,BUNDI,RAJASTHAN,North
323613,BUNDI,RAJASTHAN,North
323022,BUNDI,RAJASTHAN,North
323614,BUNDI,RAJASTHAN,North
323021,BUNDI,RAJASTHAN,North
323025,BUNDI,RAJASTHAN,North
323602,BUNDI,RAJASTHAN,North
323803,BUNDI,RAJASTHAN,North
323603,BUNDI,RAJASTHAN,North
323801,BUNDI,RAJASTHAN,North
323615,BUNDI,RAJASTHAN,North
323601,BUNDI,RAJASTHAN,North
321206,BHARATPUR,RAJASTHAN,North
321205,BHARATPUR,RAJASTHAN,North
321204,BHARATPUR,RAJASTHAN,North
321202,BHARATPUR,RAJASTHAN,North
321642,BHARATPUR,RAJASTHAN,North
321024,BHARATPUR,RAJASTHAN,North
321405,BHARATPUR,RAJASTHAN,North
321403,BHARATPUR,RAJASTHAN,North
321615,BHARATPUR,RAJASTHAN,North
321601,BHARATPUR,RAJASTHAN,North
321023,BHARATPUR,RAJASTHAN,North
321022,BHARATPUR,RAJASTHAN,North
321201,BHARATPUR,RAJASTHAN,North
321602,BHARATPUR,RAJASTHAN,North
321407,BHARATPUR,RAJASTHAN,North
321001,BHARATPUR,RAJASTHAN,North
321026,BHARATPUR,RAJASTHAN,North
321028,BHARATPUR,RAJASTHAN,North
321021,BHARATPUR,RAJASTHAN,North
321301,BHARATPUR,RAJASTHAN,North
321025,BHARATPUR,RAJASTHAN,North
321303,BHARATPUR,RAJASTHAN,North
321302,BHARATPUR,RAJASTHAN,North
321203,BHARATPUR,RAJASTHAN,North
321614,BHARATPUR,RAJASTHAN,North
321409,BHARATPUR,RAJASTHAN,North
321406,BHARATPUR,RAJASTHAN,North
321401,BHARATPUR,RAJASTHAN,North
321410,BHARATPUR,RAJASTHAN,North
321411,BHARATPUR,RAJASTHAN,North
321404,BHARATPUR,RAJASTHAN,North
321402,BHARATPUR,RAJASTHAN,North
321408,BHARATPUR,RAJASTHAN,North
314001,DUNGARPUR,RAJASTHAN,North
314037,DUNGARPUR,RAJASTHAN,North
314021,DUNGARPUR,RAJASTHAN,North
314023,DUNGARPUR,RAJASTHAN,North
314031,DUNGARPUR,RAJASTHAN,North
314801,DUNGARPUR,RAJASTHAN,North
314030,DUNGARPUR,RAJASTHAN,North
314035,DUNGARPUR,RAJASTHAN,North
314036,DUNGARPUR,RAJASTHAN,North
314402,DUNGARPUR,RAJASTHAN,North
314804,DUNGARPUR,RAJASTHAN,North
314027,DUNGARPUR,RAJASTHAN,North
314401,DUNGARPUR,RAJASTHAN,North
314011,DUNGARPUR,RAJASTHAN,North
314406,DUNGARPUR,RAJASTHAN,North
314038,DUNGARPUR,RAJASTHAN,North
314034,DUNGARPUR,RAJASTHAN,North
314022,DUNGARPUR,RAJASTHAN,North
314024,DUNGARPUR,RAJASTHAN,North
314026,DUNGARPUR,RAJASTHAN,North
314028,DUNGARPUR,RAJASTHAN,North
314025,DUNGARPUR,RAJASTHAN,North
314403,DUNGARPUR,RAJASTHAN,North
314029,DUNGARPUR,RAJASTHAN,North
314032,DUNGARPUR,RAJASTHAN,North
314404,DUNGARPUR,RAJASTHAN,North
328001,DHOLPUR,RAJASTHAN,North
328031,DHOLPUR,RAJASTHAN,North
328021,DHOLPUR,RAJASTHAN,North
328023,DHOLPUR,RAJASTHAN,North
328022,DHOLPUR,RAJASTHAN,North
328041,DHOLPUR,RAJASTHAN,North
328028,DHOLPUR,RAJASTHAN,North
328024,DHOLPUR,RAJASTHAN,North
328029,DHOLPUR,RAJASTHAN,North
328030,DHOLPUR,RAJASTHAN,North
328025,DHOLPUR,RAJASTHAN,North
328027,DHOLPUR,RAJASTHAN,North
328026,DHOLPUR,RAJASTHAN,North
303509,DAUSA,RAJASTHAN,North
303505,DAUSA,RAJASTHAN,North
303506,DAUSA,RAJASTHAN,North
303510,DAUSA,RAJASTHAN,North
321612,DAUSA,RAJASTHAN,North
321613,DAUSA,RAJASTHAN,North
303326,DAUSA,RAJASTHAN,North
303508,DAUSA,RAJASTHAN,North
303302,DAUSA,RAJASTHAN,North
303507,DAUSA,RAJASTHAN,North
303303,DAUSA,RAJASTHAN,North
303313,DAUSA,RAJASTHAN,North
303315,DAUSA,RAJASTHAN,North
303501,DAUSA,RAJASTHAN,North
303511,DAUSA,RAJASTHAN,North
303304,DAUSA,RAJASTHAN,North
303502,DAUSA,RAJASTHAN,North
303323,DAUSA,RAJASTHAN,North
322240,DAUSA,RAJASTHAN,North
303325,DAUSA,RAJASTHAN,North
303503,DAUSA,RAJASTHAN,North
303004,DAUSA,RAJASTHAN,North
321609,DAUSA,RAJASTHAN,North
321608,DAUSA,RAJASTHAN,North
303504,DAUSA,RAJASTHAN,North
303327,DAUSA,RAJASTHAN,North
327605,BANSWARA,RAJASTHAN,North
327602,BANSWARA,RAJASTHAN,North
327025,BANSWARA,RAJASTHAN,North
327026,BANSWARA,RAJASTHAN,North
327604,BANSWARA,RAJASTHAN,North
327603,BANSWARA,RAJASTHAN,North
327021,BANSWARA,RAJASTHAN,North
327022,BANSWARA,RAJASTHAN,North
327023,BANSWARA,RAJASTHAN,North
327034,BANSWARA,RAJASTHAN,North
327027,BANSWARA,RAJASTHAN,North
327801,BANSWARA,RAJASTHAN,North
327601,BANSWARA,RAJASTHAN,North
327606,BANSWARA,RAJASTHAN,North
327001,BANSWARA,RAJASTHAN,North
327031,BANSWARA,RAJASTHAN,North
327032,BANSWARA,RAJASTHAN,North
327024,BANSWARA,RAJASTHAN,North
331304,CHURU,RAJASTHAN,North
331022,CHURU,RAJASTHAN,North
331501,CHURU,RAJASTHAN,North
331502,CHURU,RAJASTHAN,North
331504,CHURU,RAJASTHAN,North
331518,CHURU,RAJASTHAN,North
331505,CHURU,RAJASTHAN,North
331802,CHURU,RAJASTHAN,North
331506,CHURU,RAJASTHAN,North
331517,CHURU,RAJASTHAN,North
331507,CHURU,RAJASTHAN,North
331503,CHURU,RAJASTHAN,North
331701,CHURU,RAJASTHAN,North
331001,CHURU,RAJASTHAN,North
331411,CHURU,RAJASTHAN,North
331029,CHURU,RAJASTHAN,North
331305,CHURU,RAJASTHAN,North
331301,CHURU,RAJASTHAN,North
331023,CHURU,RAJASTHAN,North
331402,CHURU,RAJASTHAN,North
331021,CHURU,RAJASTHAN,North
331302,CHURU,RAJASTHAN,North
331303,CHURU,RAJASTHAN,North
331403,CHURU,RAJASTHAN,North
331031,CHURU,RAJASTHAN,North
307501,SIROHI,RAJASTHAN,North
307026,SIROHI,RAJASTHAN,North
307032,SIROHI,RAJASTHAN,North
307511,SIROHI,RAJASTHAN,North
307031,SIROHI,RAJASTHAN,North
307512,SIROHI,RAJASTHAN,North
307801,SIROHI,RAJASTHAN,North
307019,SIROHI,RAJASTHAN,North
307802,SIROHI,RAJASTHAN,North
307513,SIROHI,RAJASTHAN,North
307043,SIROHI,RAJASTHAN,North
307001,SIROHI,RAJASTHAN,North
307022,SIROHI,RAJASTHAN,North
307028,SIROHI,RAJASTHAN,North
307514,SIROHI,RAJASTHAN,North
307510,SIROHI,RAJASTHAN,North
307024,SIROHI,RAJASTHAN,North
307023,SIROHI,RAJASTHAN,North
307027,SIROHI,RAJASTHAN,North
341516,NAGAUR,RAJASTHAN,North
341304,NAGAUR,RAJASTHAN,North
341318,NAGAUR,RAJASTHAN,North
341508,NAGAUR,RAJASTHAN,North
341519,NAGAUR,RAJASTHAN,North
341503,NAGAUR,RAJASTHAN,North
341515,NAGAUR,RAJASTHAN,North
341305,NAGAUR,RAJASTHAN,North
341517,NAGAUR,RAJASTHAN,North
341306,NAGAUR,RAJASTHAN,North
341507,NAGAUR,RAJASTHAN,North
341506,NAGAUR,RAJASTHAN,North
341533,NAGAUR,RAJASTHAN,North
341509,NAGAUR,RAJASTHAN,North
341316,NAGAUR,RAJASTHAN,North
341319,NAGAUR,RAJASTHAN,North
341001,NAGAUR,RAJASTHAN,North
341501,NAGAUR,RAJASTHAN,North
341317,NAGAUR,RAJASTHAN,North
341021,NAGAUR,RAJASTHAN,North
341520,NAGAUR,RAJASTHAN,North
341502,NAGAUR,RAJASTHAN,North
341505,NAGAUR,RAJASTHAN,North
341022,NAGAUR,RAJASTHAN,North
341504,NAGAUR,RAJASTHAN,North
341510,NAGAUR,RAJASTHAN,North
305026,NAGAUR,RAJASTHAN,North
341031,NAGAUR,RAJASTHAN,North
341512,NAGAUR,RAJASTHAN,North
341513,NAGAUR,RAJASTHAN,North
341029,NAGAUR,RAJASTHAN,North
341514,NAGAUR,RAJASTHAN,North
341027,NAGAUR,RAJASTHAN,North
341030,NAGAUR,RAJASTHAN,North
342902,NAGAUR,RAJASTHAN,North
341023,NAGAUR,RAJASTHAN,North
341518,NAGAUR,RAJASTHAN,North
341028,NAGAUR,RAJASTHAN,North
341025,NAGAUR,RAJASTHAN,North
341542,NAGAUR,RAJASTHAN,North
341024,NAGAUR,RAJASTHAN,North
341511,NAGAUR,RAJASTHAN,North
341026,NAGAUR,RAJASTHAN,North
341303,NAGAUR,RAJASTHAN,North
341551,NAGAUR,RAJASTHAN,North
341302,NAGAUR,RAJASTHAN,North
341301,NAGAUR,RAJASTHAN,North
341020,NAGAUR,RAJASTHAN,North
313322,RAJSAMAND,RAJASTHAN,North
313327,RAJSAMAND,RAJASTHAN,North
313323,RAJSAMAND,RAJASTHAN,North
313328,RAJSAMAND,RAJASTHAN,North
313301,RAJSAMAND,RAJASTHAN,North
313330,RAJSAMAND,RAJASTHAN,North
313329,RAJSAMAND,RAJASTHAN,North
313342,RAJSAMAND,RAJASTHAN,North
313324,RAJSAMAND,RAJASTHAN,North
313341,RAJSAMAND,RAJASTHAN,North
305921,RAJSAMAND,RAJASTHAN,North
313332,RAJSAMAND,RAJASTHAN,North
313333,RAJSAMAND,RAJASTHAN,North
313211,RAJSAMAND,RAJASTHAN,North
313202,RAJSAMAND,RAJASTHAN,North
313331,RAJSAMAND,RAJASTHAN,North
313325,RAJSAMAND,RAJASTHAN,North
313207,RAJSAMAND,RAJASTHAN,North
313321,RAJSAMAND,RAJASTHAN,North
313334,RAJSAMAND,RAJASTHAN,North
332709,SIKAR,RAJASTHAN,North
332602,SIKAR,RAJASTHAN,North
332603,SIKAR,RAJASTHAN,North
332711,SIKAR,RAJASTHAN,North
332713,SIKAR,RAJASTHAN,North
332718,SIKAR,RAJASTHAN,North
332404,SIKAR,RAJASTHAN,North
332719,SIKAR,RAJASTHAN,North
332742,SIKAR,RAJASTHAN,North
332712,SIKAR,RAJASTHAN,North
332714,SIKAR,RAJASTHAN,North
332031,SIKAR,RAJASTHAN,North
332311,SIKAR,RAJASTHAN,North
332025,SIKAR,RAJASTHAN,North
332026,SIKAR,RAJASTHAN,North
332402,SIKAR,RAJASTHAN,North
332312,SIKAR,RAJASTHAN,North
332041,SIKAR,RAJASTHAN,North
332027,SIKAR,RAJASTHAN,North
331024,SIKAR,RAJASTHAN,North
332403,SIKAR,RAJASTHAN,North
332304,SIKAR,RAJASTHAN,North
332305,SIKAR,RAJASTHAN,North
332030,SIKAR,RAJASTHAN,North
332307,SIKAR,RAJASTHAN,North
332715,SIKAR,RAJASTHAN,North
332701,SIKAR,RAJASTHAN,North
332601,SIKAR,RAJASTHAN,North
332702,SIKAR,RAJASTHAN,North
332705,SIKAR,RAJASTHAN,North
332317,SIKAR,RAJASTHAN,North
332028,SIKAR,RAJASTHAN,North
332405,SIKAR,RAJASTHAN,North
332042,SIKAR,RAJASTHAN,North
332703,SIKAR,RAJASTHAN,North
332411,SIKAR,RAJASTHAN,North
332001,SIKAR,RAJASTHAN,North
332401,SIKAR,RAJASTHAN,North
332303,SIKAR,RAJASTHAN,North
332302,SIKAR,RAJASTHAN,North
332301,SIKAR,RAJASTHAN,North
332318,SIKAR,RAJASTHAN,North
332023,SIKAR,RAJASTHAN,North
332406,SIKAR,RAJASTHAN,North
332021,SIKAR,RAJASTHAN,North
332316,SIKAR,RAJASTHAN,North
332002,SIKAR,RAJASTHAN,North
332024,SIKAR,RAJASTHAN,North
332315,SIKAR,RAJASTHAN,North
332029,SIKAR,RAJASTHAN,North
332722,SIKAR,RAJASTHAN,North
332707,SIKAR,RAJASTHAN,North
332706,SIKAR,RAJASTHAN,North
332721,SIKAR,RAJASTHAN,North
332708,SIKAR,RAJASTHAN,North
332710,SIKAR,RAJASTHAN,North
312022,CHITTORGARH,RAJASTHAN,North
312023,CHITTORGARH,RAJASTHAN,North
323307,CHITTORGARH,RAJASTHAN,North
312024,CHITTORGARH,RAJASTHAN,North
323304,CHITTORGARH,RAJASTHAN,North
312204,CHITTORGARH,RAJASTHAN,North
312614,CHITTORGARH,RAJASTHAN,North
312402,CHITTORGARH,RAJASTHAN,North
312901,CHITTORGARH,RAJASTHAN,North
312201,CHITTORGARH,RAJASTHAN,North
312202,CHITTORGARH,RAJASTHAN,North
312602,CHITTORGARH,RAJASTHAN,North
312404,CHITTORGARH,RAJASTHAN,North
312603,CHITTORGARH,RAJASTHAN,North
312027,CHITTORGARH,RAJASTHAN,North
312620,CHITTORGARH,RAJASTHAN,North
312021,CHITTORGARH,RAJASTHAN,North
312401,CHITTORGARH,RAJASTHAN,North
312403,CHITTORGARH,RAJASTHAN,North
312601,CHITTORGARH,RAJASTHAN,North
312606,CHITTORGARH,RAJASTHAN,North
312206,CHITTORGARH,RAJASTHAN,North
312613,CHITTORGARH,RAJASTHAN,North
312612,CHITTORGARH,RAJASTHAN,North
312207,CHITTORGARH,RAJASTHAN,North
312203,CHITTORGARH,RAJASTHAN,North
323306,CHITTORGARH,RAJASTHAN,North
312205,CHITTORGARH,RAJASTHAN,North
312025,CHITTORGARH,RAJASTHAN,North
312001,CHITTORGARH,RAJASTHAN,North
312622,CHITTORGARH,RAJASTHAN,North
312627,CHITTORGARH,RAJASTHAN,North
323305,CHITTORGARH,RAJASTHAN,North
312617,CHITTORGARH,RAJASTHAN,North
323303,CHITTORGARH,RAJASTHAN,North
322001,SAWAI MADHOPUR,RAJASTHAN,North
322701,SAWAI MADHOPUR,RAJASTHAN,North
322023,SAWAI MADHOPUR,RAJASTHAN,North
322034,SAWAI MADHOPUR,RAJASTHAN,North
322702,SAWAI MADHOPUR,RAJASTHAN,North
322025,SAWAI MADHOPUR,RAJASTHAN,North
322033,SAWAI MADHOPUR,RAJASTHAN,North
322201,SAWAI MADHOPUR,RAJASTHAN,North
322703,SAWAI MADHOPUR,RAJASTHAN,North
322211,SAWAI MADHOPUR,RAJASTHAN,North
322202,SAWAI MADHOPUR,RAJASTHAN,North
322205,SAWAI MADHOPUR,RAJASTHAN,North
322214,SAWAI MADHOPUR,RAJASTHAN,North
322219,SAWAI MADHOPUR,RAJASTHAN,North
322024,SAWAI MADHOPUR,RAJASTHAN,North
322029,SAWAI MADHOPUR,RAJASTHAN,North
322030,SAWAI MADHOPUR,RAJASTHAN,North
322028,SAWAI MADHOPUR,RAJASTHAN,North
322026,SAWAI MADHOPUR,RAJASTHAN,North
322027,SAWAI MADHOPUR,RAJASTHAN,North
322212,SAWAI MADHOPUR,RAJASTHAN,North
322704,SAWAI MADHOPUR,RAJASTHAN,North
322021,SAWAI MADHOPUR,RAJASTHAN,North
321611,KARAULI,RAJASTHAN,North
322234,KARAULI,RAJASTHAN,North
322249,KARAULI,RAJASTHAN,North
322251,KARAULI,RAJASTHAN,North
322220,KARAULI,RAJASTHAN,North
322252,KARAULI,RAJASTHAN,North
322213,KARAULI,RAJASTHAN,North
322216,KARAULI,RAJASTHAN,North
322255,KARAULI,RAJASTHAN,North
322215,KARAULI,RAJASTHAN,North
322203,KARAULI,RAJASTHAN,North
322218,KARAULI,RAJASTHAN,North
322230,KARAULI,RAJASTHAN,North
322238,KARAULI,RAJASTHAN,North
322236,KARAULI,RAJASTHAN,North
321610,KARAULI,RAJASTHAN,North
322254,KARAULI,RAJASTHAN,North
322243,KARAULI,RAJASTHAN,North
322242,KARAULI,RAJASTHAN,North
322204,KARAULI,RAJASTHAN,North
322241,KARAULI,RAJASTHAN,North
304001,TONK,RAJASTHAN,North
304023,TONK,RAJASTHAN,North
304501,TONK,RAJASTHAN,North
304022,TONK,RAJASTHAN,North
304804,TONK,RAJASTHAN,North
304504,TONK,RAJASTHAN,North
304026,TONK,RAJASTHAN,North
304802,TONK,RAJASTHAN,North
304025,TONK,RAJASTHAN,North
304503,TONK,RAJASTHAN,North
304502,TONK,RAJASTHAN,North
304021,TONK,RAJASTHAN,North
304803,TONK,RAJASTHAN,North
304505,TONK,RAJASTHAN,North
304801,TONK,RAJASTHAN,North
304024,TONK,RAJASTHAN,North
304507,TONK,RAJASTHAN,North
311604,BHILWARA,RAJASTHAN,North
311026,BHILWARA,RAJASTHAN,North
311202,BHILWARA,RAJASTHAN,North
311407,BHILWARA,RAJASTHAN,North
311203,BHILWARA,RAJASTHAN,North
311802,BHILWARA,RAJASTHAN,North
311024,BHILWARA,RAJASTHAN,North
311803,BHILWARA,RAJASTHAN,North
311804,BHILWARA,RAJASTHAN,North
311030,BHILWARA,RAJASTHAN,North
311806,BHILWARA,RAJASTHAN,North
311404,BHILWARA,RAJASTHAN,North
311204,BHILWARA,RAJASTHAN,North
311011,BHILWARA,RAJASTHAN,North
311403,BHILWARA,RAJASTHAN,North
311606,BHILWARA,RAJASTHAN,North
311408,BHILWARA,RAJASTHAN,North
311025,BHILWARA,RAJASTHAN,North
311201,BHILWARA,RAJASTHAN,North
311605,BHILWARA,RAJASTHAN,North
311023,BHILWARA,RAJASTHAN,North
311603,BHILWARA,RAJASTHAN,North
311301,BHILWARA,RAJASTHAN,North
311302,BHILWARA,RAJASTHAN,North
311402,BHILWARA,RAJASTHAN,North
311401,BHILWARA,RAJASTHAN,North
311601,BHILWARA,RAJASTHAN,North
311602,BHILWARA,RAJASTHAN,North
311801,BHILWARA,RAJASTHAN,North
311021,BHILWARA,RAJASTHAN,North
311805,BHILWARA,RAJASTHAN,North
311022,BHILWARA,RAJASTHAN,North
311001,BHILWARA,RAJASTHAN,North
306119,PALI,RAJASTHAN,North
306302,PALI,RAJASTHAN,North
306303,PALI,RAJASTHAN,North
306307,PALI,RAJASTHAN,North
306421,PALI,RAJASTHAN,North
306708,PALI,RAJASTHAN,North
306102,PALI,RAJASTHAN,North
306305,PALI,RAJASTHAN,North
306304,PALI,RAJASTHAN,North
306104,PALI,RAJASTHAN,North
306902,PALI,RAJASTHAN,North
306912,PALI,RAJASTHAN,North
306001,PALI,RAJASTHAN,North
306021,PALI,RAJASTHAN,North
306306,PALI,RAJASTHAN,North
306105,PALI,RAJASTHAN,North
306709,PALI,RAJASTHAN,North
306422,PALI,RAJASTHAN,North
306602,PALI,RAJASTHAN,North
306022,PALI,RAJASTHAN,North
306501,PALI,RAJASTHAN,North
306502,PALI,RAJASTHAN,North
306706,PALI,RAJASTHAN,North
306705,PALI,RAJASTHAN,North
306603,PALI,RAJASTHAN,North
306504,PALI,RAJASTHAN,North
306023,PALI,RAJASTHAN,North
306702,PALI,RAJASTHAN,North
306103,PALI,RAJASTHAN,North
306503,PALI,RAJASTHAN,North
306401,PALI,RAJASTHAN,North
306101,PALI,RAJASTHAN,North
306308,PALI,RAJASTHAN,North
306901,PALI,RAJASTHAN,North
306114,PALI,RAJASTHAN,North
306701,PALI,RAJASTHAN,North
306601,PALI,RAJASTHAN,North
306126,PALI,RAJASTHAN,North
306115,PALI,RAJASTHAN,North
306707,PALI,RAJASTHAN,North
306301,PALI,RAJASTHAN,North
306703,PALI,RAJASTHAN,North
306116,PALI,RAJASTHAN,North
306704,PALI,RAJASTHAN,North
335024,GANGANAGAR,RAJASTHAN,North
335025,GANGANAGAR,RAJASTHAN,North
335707,GANGANAGAR,RAJASTHAN,North
335708,GANGANAGAR,RAJASTHAN,North
335711,GANGANAGAR,RAJASTHAN,North
335901,GANGANAGAR,RAJASTHAN,North
335702,GANGANAGAR,RAJASTHAN,North
335027,GANGANAGAR,RAJASTHAN,North
335037,GANGANAGAR,RAJASTHAN,North
335001,GANGANAGAR,RAJASTHAN,North
335038,GANGANAGAR,RAJASTHAN,North
335039,GANGANAGAR,RAJASTHAN,North
335040,GANGANAGAR,RAJASTHAN,North
335041,GANGANAGAR,RAJASTHAN,North
335051,GANGANAGAR,RAJASTHAN,North
335703,GANGANAGAR,RAJASTHAN,North
335061,GANGANAGAR,RAJASTHAN,North
335062,GANGANAGAR,RAJASTHAN,North
335704,GANGANAGAR,RAJASTHAN,North
335073,GANGANAGAR,RAJASTHAN,North
335705,GANGANAGAR,RAJASTHAN,North
335804,GANGANAGAR,RAJASTHAN,North
335805,GANGANAGAR,RAJASTHAN,North
335002,GANGANAGAR,RAJASTHAN,North
335701,GANGANAGAR,RAJASTHAN,North
335021,GANGANAGAR,RAJASTHAN,North
335022,GANGANAGAR,RAJASTHAN,North
335023,GANGANAGAR,RAJASTHAN,North
244713,UDAM SINGH NAGAR,UTTARAKHAND,North
263148,UDAM SINGH NAGAR,UTTARAKHAND,North
263153,UDAM SINGH NAGAR,UTTARAKHAND,North
262405,UDAM SINGH NAGAR,UTTARAKHAND,North
263145,UDAM SINGH NAGAR,UTTARAKHAND,North
262308,UDAM SINGH NAGAR,UTTARAKHAND,North
262311,UDAM SINGH NAGAR,UTTARAKHAND,North
262401,UDAM SINGH NAGAR,UTTARAKHAND,North
263152,UDAM SINGH NAGAR,UTTARAKHAND,North
244712,UDAM SINGH NAGAR,UTTARAKHAND,North
263160,UDAM SINGH NAGAR,UTTARAKHAND,North
244717,UDAM SINGH NAGAR,UTTARAKHAND,North
244720,UDAM SINGH NAGAR,UTTARAKHAND,North
263151,UDAM SINGH NAGAR,UTTARAKHAND,North
263149,UDAM SINGH NAGAR,UTTARAKHAND,North
263150,UDAM SINGH NAGAR,UTTARAKHAND,North
244715,NAINITAL,UTTARAKHAND,North
263126,NAINITAL,UTTARAKHAND,North
244716,NAINITAL,UTTARAKHAND,North
263001,NAINITAL,UTTARAKHAND,North
263136,NAINITAL,UTTARAKHAND,North
263137,NAINITAL,UTTARAKHAND,North
263132,NAINITAL,UTTARAKHAND,North
263159,NAINITAL,UTTARAKHAND,North
263134,NAINITAL,UTTARAKHAND,North
263135,NAINITAL,UTTARAKHAND,North
263138,NAINITAL,UTTARAKHAND,North
263157,NAINITAL,UTTARAKHAND,North
263127,NAINITAL,UTTARAKHAND,North
263158,NAINITAL,UTTARAKHAND,North
263128,NAINITAL,UTTARAKHAND,North
263139,NAINITAL,UTTARAKHAND,North
263140,NAINITAL,UTTARAKHAND,North
263142,NAINITAL,UTTARAKHAND,North
263156,NAINITAL,UTTARAKHAND,North
262402,NAINITAL,UTTARAKHAND,North
246149,PAURI GARHWAL,UTTARAKHAND,North
246121,PAURI GARHWAL,UTTARAKHAND,North
249306,PAURI GARHWAL,UTTARAKHAND,North
246127,PAURI GARHWAL,UTTARAKHAND,North
246128,PAURI GARHWAL,UTTARAKHAND,North
246144,PAURI GARHWAL,UTTARAKHAND,North
246173,PAURI GARHWAL,UTTARAKHAND,North
246275,PAURI GARHWAL,UTTARAKHAND,North
246276,PAURI GARHWAL,UTTARAKHAND,North
246277,PAURI GARHWAL,UTTARAKHAND,North
246279,PAURI GARHWAL,UTTARAKHAND,North
249304,PAURI GARHWAL,UTTARAKHAND,North
246155,PAURI GARHWAL,UTTARAKHAND,North
246129,PAURI GARHWAL,UTTARAKHAND,North
246131,PAURI GARHWAL,UTTARAKHAND,North
246124,PAURI GARHWAL,UTTARAKHAND,North
246193,PAURI GARHWAL,UTTARAKHAND,North
246162,PAURI GARHWAL,UTTARAKHAND,North
246179,PAURI GARHWAL,UTTARAKHAND,North
246172,PAURI GARHWAL,UTTARAKHAND,North
246278,PAURI GARHWAL,UTTARAKHAND,North
246001,PAURI GARHWAL,UTTARAKHAND,North
246161,PAURI GARHWAL,UTTARAKHAND,North
246169,PAURI GARHWAL,UTTARAKHAND,North
246177,PAURI GARHWAL,UTTARAKHAND,North
246123,PAURI GARHWAL,UTTARAKHAND,North
249301,PAURI GARHWAL,UTTARAKHAND,North
246146,PAURI GARHWAL,UTTARAKHAND,North
246147,PAURI GARHWAL,UTTARAKHAND,North
246159,PAURI GARHWAL,UTTARAKHAND,North
246163,PAURI GARHWAL,UTTARAKHAND,North
246167,PAURI GARHWAL,UTTARAKHAND,North
246174,PAURI GARHWAL,UTTARAKHAND,North
246285,PAURI GARHWAL,UTTARAKHAND,North
246130,PAURI GARHWAL,UTTARAKHAND,North
246194,PAURI GARHWAL,UTTARAKHAND,North
246113,PAURI GARHWAL,UTTARAKHAND,North
246148,PAURI GARHWAL,UTTARAKHAND,North
246175,PAURI GARHWAL,UTTARAKHAND,North
246164,PAURI GARHWAL,UTTARAKHAND,North
246165,PAURI GARHWAL,UTTARAKHAND,North
246166,PAURI GARHWAL,UTTARAKHAND,North
246125,PAURI GARHWAL,UTTARAKHAND,North
246176,PAURI GARHWAL,UTTARAKHAND,North
246142,PAURI GARHWAL,UTTARAKHAND,North
246178,PAURI GARHWAL,UTTARAKHAND,North
249302,PAURI GARHWAL,UTTARAKHAND,North
246150,PAURI GARHWAL,UTTARAKHAND,North
262310,CHAMPAWAT,UTTARAKHAND,North
262523,CHAMPAWAT,UTTARAKHAND,North
262580,CHAMPAWAT,UTTARAKHAND,North
262525,CHAMPAWAT,UTTARAKHAND,North
262527,CHAMPAWAT,UTTARAKHAND,North
262528,CHAMPAWAT,UTTARAKHAND,North
262524,CHAMPAWAT,UTTARAKHAND,North
262561,CHAMPAWAT,UTTARAKHAND,North
262309,CHAMPAWAT,UTTARAKHAND,North
263642,BAGESHWAR,UTTARAKHAND,North
263641,BAGESHWAR,UTTARAKHAND,North
263635,BAGESHWAR,UTTARAKHAND,North
263679,BAGESHWAR,UTTARAKHAND,North
263634,BAGESHWAR,UTTARAKHAND,North
263630,BAGESHWAR,UTTARAKHAND,North
263619,BAGESHWAR,UTTARAKHAND,North
263640,BAGESHWAR,UTTARAKHAND,North
263631,BAGESHWAR,UTTARAKHAND,North
263632,BAGESHWAR,UTTARAKHAND,North
263639,BAGESHWAR,UTTARAKHAND,North
263633,BAGESHWAR,UTTARAKHAND,North
263628,BAGESHWAR,UTTARAKHAND,North
263620,BAGESHWAR,UTTARAKHAND,North
263601,ALMORA,UTTARAKHAND,North
263624,ALMORA,UTTARAKHAND,North
263622,ALMORA,UTTARAKHAND,North
263655,ALMORA,UTTARAKHAND,North
263629,ALMORA,UTTARAKHAND,North
263653,ALMORA,UTTARAKHAND,North
263636,ALMORA,UTTARAKHAND,North
263626,ALMORA,UTTARAKHAND,North
263625,ALMORA,UTTARAKHAND,North
263643,ALMORA,UTTARAKHAND,North
263623,ALMORA,UTTARAKHAND,North
263678,ALMORA,UTTARAKHAND,North
263637,ALMORA,UTTARAKHAND,North
263645,ALMORA,UTTARAKHAND,North
263646,ALMORA,UTTARAKHAND,North
263667,ALMORA,UTTARAKHAND,North
263680,ALMORA,UTTARAKHAND,North
263660,ALMORA,UTTARAKHAND,North
263659,ALMORA,UTTARAKHAND,North
263664,ALMORA,UTTARAKHAND,North
263638,ALMORA,UTTARAKHAND,North
263621,ALMORA,UTTARAKHAND,North
263656,ALMORA,UTTARAKHAND,North
263658,ALMORA,UTTARAKHAND,North
263665,ALMORA,UTTARAKHAND,North
263676,ALMORA,UTTARAKHAND,North
263661,ALMORA,UTTARAKHAND,North
263652,ALMORA,UTTARAKHAND,North
263663,ALMORA,UTTARAKHAND,North
263651,ALMORA,UTTARAKHAND,North
262546,PITHORAGARH,UTTARAKHAND,North
262522,PITHORAGARH,UTTARAKHAND,North
262542,PITHORAGARH,UTTARAKHAND,North
262545,PITHORAGARH,UTTARAKHAND,North
262551,PITHORAGARH,UTTARAKHAND,North
262532,PITHORAGARH,UTTARAKHAND,North
262502,PITHORAGARH,UTTARAKHAND,North
262501,PITHORAGARH,UTTARAKHAND,North
262529,PITHORAGARH,UTTARAKHAND,North
262540,PITHORAGARH,UTTARAKHAND,North
262534,PITHORAGARH,UTTARAKHAND,North
262530,PITHORAGARH,UTTARAKHAND,North
262543,PITHORAGARH,UTTARAKHAND,North
262576,PITHORAGARH,UTTARAKHAND,North
262555,PITHORAGARH,UTTARAKHAND,North
262531,PITHORAGARH,UTTARAKHAND,North
262541,PITHORAGARH,UTTARAKHAND,North
262554,PITHORAGARH,UTTARAKHAND,North
262547,PITHORAGARH,UTTARAKHAND,North
262553,PITHORAGARH,UTTARAKHAND,North
262552,PITHORAGARH,UTTARAKHAND,North
262544,PITHORAGARH,UTTARAKHAND,North
262550,PITHORAGARH,UTTARAKHAND,North
262533,PITHORAGARH,UTTARAKHAND,North
262521,PITHORAGARH,UTTARAKHAND,North
262520,PITHORAGARH,UTTARAKHAND,North
262572,PITHORAGARH,UTTARAKHAND,North
262526,PITHORAGARH,UTTARAKHAND,North
249130,TEHRI GARHWAL,UTTARAKHAND,North
249125,TEHRI GARHWAL,UTTARAKHAND,North
249181,TEHRI GARHWAL,UTTARAKHAND,North
249199,TEHRI GARHWAL,UTTARAKHAND,North
249192,TEHRI GARHWAL,UTTARAKHAND,North
249186,TEHRI GARHWAL,UTTARAKHAND,North
249180,TEHRI GARHWAL,UTTARAKHAND,North
249121,TEHRI GARHWAL,UTTARAKHAND,North
249126,TEHRI GARHWAL,UTTARAKHAND,North
249131,TEHRI GARHWAL,UTTARAKHAND,North
249127,TEHRI GARHWAL,UTTARAKHAND,North
249132,TEHRI GARHWAL,UTTARAKHAND,North
249001,TEHRI GARHWAL,UTTARAKHAND,North
249145,TEHRI GARHWAL,UTTARAKHAND,North
249146,TEHRI GARHWAL,UTTARAKHAND,North
249155,TEHRI GARHWAL,UTTARAKHAND,North
249122,TEHRI GARHWAL,UTTARAKHAND,North
249123,TEHRI GARHWAL,UTTARAKHAND,North
249161,TEHRI GARHWAL,UTTARAKHAND,North
249165,TEHRI GARHWAL,UTTARAKHAND,North
249175,TEHRI GARHWAL,UTTARAKHAND,North
249137,TEHRI GARHWAL,UTTARAKHAND,North
249124,TEHRI GARHWAL,UTTARAKHAND,North
249185,UTTAR KASHI,UTTARAKHAND,North
249193,UTTAR KASHI,UTTARAKHAND,North
249135,UTTAR KASHI,UTTARAKHAND,North
249141,UTTAR KASHI,UTTARAKHAND,North
249171,UTTAR KASHI,UTTARAKHAND,North
249196,UTTAR KASHI,UTTARAKHAND,North
249151,UTTAR KASHI,UTTARAKHAND,North
249152,UTTAR KASHI,UTTARAKHAND,North
249194,UTTAR KASHI,UTTARAKHAND,North
249128,UTTAR KASHI,UTTARAKHAND,North
249136,UTTAR KASHI,UTTARAKHAND,North
249195,UTTAR KASHI,UTTARAKHAND,North
247670,HARIDWAR,UTTARAKHAND,North
249404,HARIDWAR,UTTARAKHAND,North
247668,HARIDWAR,UTTARAKHAND,North
247663,HARIDWAR,UTTARAKHAND,North
247664,HARIDWAR,UTTARAKHAND,North
247656,HARIDWAR,UTTARAKHAND,North
247665,HARIDWAR,UTTARAKHAND,North
249408,HARIDWAR,UTTARAKHAND,North
249405,HARIDWAR,UTTARAKHAND,North
247666,HARIDWAR,UTTARAKHAND,North
247671,HARIDWAR,UTTARAKHAND,North
247667,HARIDWAR,UTTARAKHAND,North
247661,HARIDWAR,UTTARAKHAND,North
249402,HARIDWAR,UTTARAKHAND,North
249403,HARIDWAR,UTTARAKHAND,North
249401,HARIDWAR,UTTARAKHAND,North
249407,HARIDWAR,UTTARAKHAND,North
249410,HARIDWAR,UTTARAKHAND,North
249411,HARIDWAR,UTTARAKHAND,North
248199,DEHRADUN,UTTARAKHAND,North
248198,DEHRADUN,UTTARAKHAND,North
248143,DEHRADUN,UTTARAKHAND,North
248001,DEHRADUN,UTTARAKHAND,North
248002,DEHRADUN,UTTARAKHAND,North
248140,DEHRADUN,UTTARAKHAND,North
248005,DEHRADUN,UTTARAKHAND,North
248014,DEHRADUN,UTTARAKHAND,North
248008,DEHRADUN,UTTARAKHAND,North
249205,DEHRADUN,UTTARAKHAND,North
248145,DEHRADUN,UTTARAKHAND,North
248013,DEHRADUN,UTTARAKHAND,North
248121,DEHRADUN,UTTARAKHAND,North
249204,DEHRADUN,UTTARAKHAND,North
249202,DEHRADUN,UTTARAKHAND,North
248016,DEHRADUN,UTTARAKHAND,North
248009,DEHRADUN,UTTARAKHAND,North
248003,DEHRADUN,UTTARAKHAND,North
248171,DEHRADUN,UTTARAKHAND,North
248012,DEHRADUN,UTTARAKHAND,North
248124,DEHRADUN,UTTARAKHAND,North
248123,DEHRADUN,UTTARAKHAND,North
248125,DEHRADUN,UTTARAKHAND,North
248142,DEHRADUN,UTTARAKHAND,North
248159,DEHRADUN,UTTARAKHAND,North
248158,DEHRADUN,UTTARAKHAND,North
248165,DEHRADUN,UTTARAKHAND,North
248179,DEHRADUN,UTTARAKHAND,North
248007,DEHRADUN,UTTARAKHAND,North
248197,DEHRADUN,UTTARAKHAND,North
248196,DEHRADUN,UTTARAKHAND,North
248006,DEHRADUN,UTTARAKHAND,North
248122,DEHRADUN,UTTARAKHAND,North
248195,DEHRADUN,UTTARAKHAND,North
248146,DEHRADUN,UTTARAKHAND,North
248011,DEHRADUN,UTTARAKHAND,North
249203,DEHRADUN,UTTARAKHAND,North
249201,DEHRADUN,UTTARAKHAND,North
248018,DEHRADUN,UTTARAKHAND,North
248015,DEHRADUN,UTTARAKHAND,North
248019,DEHRADUN,UTTARAKHAND,North
246421,RUDRA PRAYAG,UTTARAKHAND,North
246419,RUDRA PRAYAG,UTTARAKHAND,North
246425,RUDRA PRAYAG,UTTARAKHAND,North
246475,RUDRA PRAYAG,UTTARAKHAND,North
246439,RUDRA PRAYAG,UTTARAKHAND,North
246495,RUDRA PRAYAG,UTTARAKHAND,North
246442,RUDRA PRAYAG,UTTARAKHAND,North
246141,RUDRA PRAYAG,UTTARAKHAND,North
246171,RUDRA PRAYAG,UTTARAKHAND,North
246469,RUDRA PRAYAG,UTTARAKHAND,North
246471,RUDRA PRAYAG,UTTARAKHAND,North
246448,RUDRA PRAYAG,UTTARAKHAND,North
246445,RUDRA PRAYAG,UTTARAKHAND,North
246440,CHAMOLI,UTTARAKHAND,North
246486,CHAMOLI,UTTARAKHAND,North
246424,CHAMOLI,UTTARAKHAND,North
246429,CHAMOLI,UTTARAKHAND,North
246426,CHAMOLI,UTTARAKHAND,North
246427,CHAMOLI,UTTARAKHAND,North
246428,CHAMOLI,UTTARAKHAND,North
246435,CHAMOLI,UTTARAKHAND,North
246401,CHAMOLI,UTTARAKHAND,North
246422,CHAMOLI,UTTARAKHAND,North
246441,CHAMOLI,UTTARAKHAND,North
246443,CHAMOLI,UTTARAKHAND,North
246444,CHAMOLI,UTTARAKHAND,North
246446,CHAMOLI,UTTARAKHAND,North
246431,CHAMOLI,UTTARAKHAND,North
246488,CHAMOLI,UTTARAKHAND,North
246453,CHAMOLI,UTTARAKHAND,North
246449,CHAMOLI,UTTARAKHAND,North
246455,CHAMOLI,UTTARAKHAND,North
246487,CHAMOLI,UTTARAKHAND,North
246472,CHAMOLI,UTTARAKHAND,North
246473,CHAMOLI,UTTARAKHAND,North
246474,CHAMOLI,UTTARAKHAND,North
246481,CHAMOLI,UTTARAKHAND,North
246483,CHAMOLI,UTTARAKHAND,North
246482,CHAMOLI,UTTARAKHAND,North
244924,RAMPUR,UTTARAKHAND,North
244923,RAMPUR,UTTARAKHAND,North
208001,KANPUR NAGAR,UTTAR_PRADESH,North
209402,KANPUR NAGAR,UTTAR_PRADESH,North
209214,KANPUR NAGAR,UTTAR_PRADESH,North
208021,KANPUR NAGAR,UTTAR_PRADESH,North
209206,KANPUR NAGAR,UTTAR_PRADESH,North
209305,KANPUR NAGAR,UTTAR_PRADESH,North
208017,KANPUR NAGAR,UTTAR_PRADESH,North
209217,KANPUR NAGAR,UTTAR_PRADESH,North
209401,KANPUR NAGAR,UTTAR_PRADESH,North
209209,KANPUR NAGAR,UTTAR_PRADESH,North
209304,KANPUR NAGAR,UTTAR_PRADESH,North
209308,KANPUR NAGAR,UTTAR_PRADESH,North
209203,KANPUR NAGAR,UTTAR_PRADESH,North
209202,KANPUR NAGAR,UTTAR_PRADESH,North
209205,KANPUR NAGAR,UTTAR_PRADESH,North
209210,KANPUR NAGAR,UTTAR_PRADESH,North
208020,KANPUR NAGAR,UTTAR_PRADESH,North
208004,KANPUR NAGAR,UTTAR_PRADESH,North
208002,KANPUR NAGAR,UTTAR_PRADESH,North
208027,KANPUR NAGAR,UTTAR_PRADESH,North
208013,KANPUR NAGAR,UTTAR_PRADESH,North
208007,KANPUR NAGAR,UTTAR_PRADESH,North
208005,KANPUR NAGAR,UTTAR_PRADESH,North
208012,KANPUR NAGAR,UTTAR_PRADESH,North
208025,KANPUR NAGAR,UTTAR_PRADESH,North
208023,KANPUR NAGAR,UTTAR_PRADESH,North
208009,KANPUR NAGAR,UTTAR_PRADESH,North
208024,KANPUR NAGAR,UTTAR_PRADESH,North
208026,KANPUR NAGAR,UTTAR_PRADESH,North
208011,KANPUR NAGAR,UTTAR_PRADESH,North
208003,KANPUR NAGAR,UTTAR_PRADESH,North
208008,KANPUR NAGAR,UTTAR_PRADESH,North
208006,KANPUR NAGAR,UTTAR_PRADESH,North
208015,KANPUR NAGAR,UTTAR_PRADESH,North
208010,KANPUR NAGAR,UTTAR_PRADESH,North
208014,KANPUR NAGAR,UTTAR_PRADESH,North
208019,KANPUR NAGAR,UTTAR_PRADESH,North
208016,KANPUR NAGAR,UTTAR_PRADESH,North
208022,KANPUR NAGAR,UTTAR_PRADESH,North
273001,GORAKHPUR,UTTAR_PRADESH,North
273016,GORAKHPUR,UTTAR_PRADESH,North
273213,GORAKHPUR,UTTAR_PRADESH,North
273406,GORAKHPUR,UTTAR_PRADESH,North
273407,GORAKHPUR,UTTAR_PRADESH,North
273002,GORAKHPUR,UTTAR_PRADESH,North
273405,GORAKHPUR,UTTAR_PRADESH,North
273158,GORAKHPUR,UTTAR_PRADESH,North
273201,GORAKHPUR,UTTAR_PRADESH,North
273209,GORAKHPUR,UTTAR_PRADESH,North
273306,GORAKHPUR,UTTAR_PRADESH,North
273203,GORAKHPUR,UTTAR_PRADESH,North
273404,GORAKHPUR,UTTAR_PRADESH,North
273212,GORAKHPUR,UTTAR_PRADESH,North
273412,GORAKHPUR,UTTAR_PRADESH,North
273007,GORAKHPUR,UTTAR_PRADESH,North
273165,GORAKHPUR,UTTAR_PRADESH,North
273010,GORAKHPUR,UTTAR_PRADESH,North
273152,GORAKHPUR,UTTAR_PRADESH,North
273202,GORAKHPUR,UTTAR_PRADESH,North
273014,GORAKHPUR,UTTAR_PRADESH,North
273013,GORAKHPUR,UTTAR_PRADESH,North
273403,GORAKHPUR,UTTAR_PRADESH,North
273402,GORAKHPUR,UTTAR_PRADESH,North
273401,GORAKHPUR,UTTAR_PRADESH,North
273409,GORAKHPUR,UTTAR_PRADESH,North
273411,GORAKHPUR,UTTAR_PRADESH,North
273413,GORAKHPUR,UTTAR_PRADESH,North
273408,GORAKHPUR,UTTAR_PRADESH,North
273211,GORAKHPUR,UTTAR_PRADESH,North
273015,GORAKHPUR,UTTAR_PRADESH,North
273005,GORAKHPUR,UTTAR_PRADESH,North
273009,GORAKHPUR,UTTAR_PRADESH,North
273012,GORAKHPUR,UTTAR_PRADESH,North
273003,GORAKHPUR,UTTAR_PRADESH,North
273004,GORAKHPUR,UTTAR_PRADESH,North
273006,GORAKHPUR,UTTAR_PRADESH,North
273017,GORAKHPUR,UTTAR_PRADESH,North
273008,GORAKHPUR,UTTAR_PRADESH,North
201001,GHAZIABAD,UTTAR_PRADESH,North
201009,GHAZIABAD,UTTAR_PRADESH,North
201015,GHAZIABAD,UTTAR_PRADESH,North
201002,GHAZIABAD,UTTAR_PRADESH,North
201102,GHAZIABAD,UTTAR_PRADESH,North
201003,GHAZIABAD,UTTAR_PRADESH,North
201010,GHAZIABAD,UTTAR_PRADESH,North
201206,GHAZIABAD,UTTAR_PRADESH,North
201201,GHAZIABAD,UTTAR_PRADESH,North
201204,GHAZIABAD,UTTAR_PRADESH,North
201103,GHAZIABAD,UTTAR_PRADESH,North
201005,GHAZIABAD,UTTAR_PRADESH,North
201011,GHAZIABAD,UTTAR_PRADESH,North
201018,GHAZIABAD,UTTAR_PRADESH,North
201016,GHAZIABAD,UTTAR_PRADESH,North
201006,GHAZIABAD,UTTAR_PRADESH,North
201013,GHAZIABAD,UTTAR_PRADESH,North
201017,GHAZIABAD,UTTAR_PRADESH,North
201012,GHAZIABAD,UTTAR_PRADESH,North
201004,GHAZIABAD,UTTAR_PRADESH,North
201014,GHAZIABAD,UTTAR_PRADESH,North
201020,GHAZIABAD,UTTAR_PRADESH,North
201007,GHAZIABAD,UTTAR_PRADESH,North
201019,GHAZIABAD,UTTAR_PRADESH,North
201021,GHAZIABAD,UTTAR_PRADESH,North
282001,AGRA,UTTAR_PRADESH,North
283104,AGRA,UTTAR_PRADESH,North
283201,AGRA,UTTAR_PRADESH,North
283113,AGRA,UTTAR_PRADESH,North
282005,AGRA,UTTAR_PRADESH,North
283202,AGRA,UTTAR_PRADESH,North
283111,AGRA,UTTAR_PRADESH,North
283114,AGRA,UTTAR_PRADESH,North
283126,AGRA,UTTAR_PRADESH,North
283123,AGRA,UTTAR_PRADESH,North
282007,AGRA,UTTAR_PRADESH,North
282006,AGRA,UTTAR_PRADESH,North
282009,AGRA,UTTAR_PRADESH,North
283101,AGRA,UTTAR_PRADESH,North
283102,AGRA,UTTAR_PRADESH,North
283105,AGRA,UTTAR_PRADESH,North
282002,AGRA,UTTAR_PRADESH,North
283110,AGRA,UTTAR_PRADESH,North
283112,AGRA,UTTAR_PRADESH,North
283115,AGRA,UTTAR_PRADESH,North
283119,AGRA,UTTAR_PRADESH,North
283121,AGRA,UTTAR_PRADESH,North
283122,AGRA,UTTAR_PRADESH,North
283124,AGRA,UTTAR_PRADESH,North
283125,AGRA,UTTAR_PRADESH,North
282003,AGRA,UTTAR_PRADESH,North
282010,AGRA,UTTAR_PRADESH,North
282008,AGRA,UTTAR_PRADESH,North
282004,AGRA,UTTAR_PRADESH,North
212308,PRAYAGRAJ,UTTAR_PRADESH,North
211012,PRAYAGRAJ,UTTAR_PRADESH,North
212104,PRAYAGRAJ,UTTAR_PRADESH,North
212111,PRAYAGRAJ,UTTAR_PRADESH,North
212106,PRAYAGRAJ,UTTAR_PRADESH,North
212107,PRAYAGRAJ,UTTAR_PRADESH,North
212301,PRAYAGRAJ,UTTAR_PRADESH,North
211007,PRAYAGRAJ,UTTAR_PRADESH,North
211008,PRAYAGRAJ,UTTAR_PRADESH,North
211011,PRAYAGRAJ,UTTAR_PRADESH,North
221505,PRAYAGRAJ,UTTAR_PRADESH,North
212503,PRAYAGRAJ,UTTAR_PRADESH,North
212401,PRAYAGRAJ,UTTAR_PRADESH,North
221503,PRAYAGRAJ,UTTAR_PRADESH,North
212502,PRAYAGRAJ,UTTAR_PRADESH,North
212405,PRAYAGRAJ,UTTAR_PRADESH,North
212307,PRAYAGRAJ,UTTAR_PRADESH,North
212306,PRAYAGRAJ,UTTAR_PRADESH,North
212208,PRAYAGRAJ,UTTAR_PRADESH,North
212303,PRAYAGRAJ,UTTAR_PRADESH,North
212302,PRAYAGRAJ,UTTAR_PRADESH,North
212108,PRAYAGRAJ,UTTAR_PRADESH,North
212305,PRAYAGRAJ,UTTAR_PRADESH,North
211010,PRAYAGRAJ,UTTAR_PRADESH,North
229411,PRAYAGRAJ,UTTAR_PRADESH,North
229412,PRAYAGRAJ,UTTAR_PRADESH,North
221502,PRAYAGRAJ,UTTAR_PRADESH,North
211019,PRAYAGRAJ,UTTAR_PRADESH,North
229413,PRAYAGRAJ,UTTAR_PRADESH,North
212507,PRAYAGRAJ,UTTAR_PRADESH,North
211013,PRAYAGRAJ,UTTAR_PRADESH,North
212402,PRAYAGRAJ,UTTAR_PRADESH,North
221507,PRAYAGRAJ,UTTAR_PRADESH,North
212404,PRAYAGRAJ,UTTAR_PRADESH,North
221508,PRAYAGRAJ,UTTAR_PRADESH,North
212109,PRAYAGRAJ,UTTAR_PRADESH,North
211001,PRAYAGRAJ,UTTAR_PRADESH,North
211002,PRAYAGRAJ,UTTAR_PRADESH,North
211003,PRAYAGRAJ,UTTAR_PRADESH,North
211014,PRAYAGRAJ,UTTAR_PRADESH,North
211005,PRAYAGRAJ,UTTAR_PRADESH,North
211017,PRAYAGRAJ,UTTAR_PRADESH,North
211018,PRAYAGRAJ,UTTAR_PRADESH,North
211016,PRAYAGRAJ,UTTAR_PRADESH,North
211004,PRAYAGRAJ,UTTAR_PRADESH,North
211015,PRAYAGRAJ,UTTAR_PRADESH,North
211023,PRAYAGRAJ,UTTAR_PRADESH,North
211006,PRAYAGRAJ,UTTAR_PRADESH,North
211021,PRAYAGRAJ,UTTAR_PRADESH,North
211022,PRAYAGRAJ,UTTAR_PRADESH,North
212105,PRAYAGRAJ,UTTAR_PRADESH,North
211020,PRAYAGRAJ,UTTAR_PRADESH,North
212212,PRAYAGRAJ,UTTAR_PRADESH,North
226001,LUCKNOW,UTTAR_PRADESH,North
226003,LUCKNOW,UTTAR_PRADESH,North
226201,LUCKNOW,UTTAR_PRADESH,North
226028,LUCKNOW,UTTAR_PRADESH,North
226202,LUCKNOW,UTTAR_PRADESH,North
226501,LUCKNOW,UTTAR_PRADESH,North
226203,LUCKNOW,UTTAR_PRADESH,North
226002,LUCKNOW,UTTAR_PRADESH,North
226021,LUCKNOW,UTTAR_PRADESH,North
226013,LUCKNOW,UTTAR_PRADESH,North
226010,LUCKNOW,UTTAR_PRADESH,North
226026,LUCKNOW,UTTAR_PRADESH,North
226017,LUCKNOW,UTTAR_PRADESH,North
226401,LUCKNOW,UTTAR_PRADESH,North
226101,LUCKNOW,UTTAR_PRADESH,North
226102,LUCKNOW,UTTAR_PRADESH,North
226104,LUCKNOW,UTTAR_PRADESH,North
226301,LUCKNOW,UTTAR_PRADESH,North
226303,LUCKNOW,UTTAR_PRADESH,North
226302,LUCKNOW,UTTAR_PRADESH,North
226103,LUCKNOW,UTTAR_PRADESH,North
226008,LUCKNOW,UTTAR_PRADESH,North
226016,LUCKNOW,UTTAR_PRADESH,North
226014,LUCKNOW,UTTAR_PRADESH,North
226004,LUCKNOW,UTTAR_PRADESH,North
226005,LUCKNOW,UTTAR_PRADESH,North
226018,LUCKNOW,UTTAR_PRADESH,North
226023,LUCKNOW,UTTAR_PRADESH,North
226022,LUCKNOW,UTTAR_PRADESH,North
226020,LUCKNOW,UTTAR_PRADESH,North
226027,LUCKNOW,UTTAR_PRADESH,North
226024,LUCKNOW,UTTAR_PRADESH,North
226006,LUCKNOW,UTTAR_PRADESH,North
226007,LUCKNOW,UTTAR_PRADESH,North
226025,LUCKNOW,UTTAR_PRADESH,North
226019,LUCKNOW,UTTAR_PRADESH,North
226009,LUCKNOW,UTTAR_PRADESH,North
226012,LUCKNOW,UTTAR_PRADESH,North
226011,LUCKNOW,UTTAR_PRADESH,North
226030,LUCKNOW,UTTAR_PRADESH,North
226029,LUCKNOW,UTTAR_PRADESH,North
226015,LUCKNOW,UTTAR_PRADESH,North
226031,LUCKNOW,UTTAR_PRADESH,North
202001,ALIGARH,UTTAR_PRADESH,North
202123,ALIGARH,UTTAR_PRADESH,North
202134,ALIGARH,UTTAR_PRADESH,North
202135,ALIGARH,UTTAR_PRADESH,North
202125,ALIGARH,UTTAR_PRADESH,North
202121,ALIGARH,UTTAR_PRADESH,North
202280,ALIGARH,UTTAR_PRADESH,North
202143,ALIGARH,UTTAR_PRADESH,North
202165,ALIGARH,UTTAR_PRADESH,North
202142,ALIGARH,UTTAR_PRADESH,North
202132,ALIGARH,UTTAR_PRADESH,North
202130,ALIGARH,UTTAR_PRADESH,North
202133,ALIGARH,UTTAR_PRADESH,North
202141,ALIGARH,UTTAR_PRADESH,North
202136,ALIGARH,UTTAR_PRADESH,North
202131,ALIGARH,UTTAR_PRADESH,North
202124,ALIGARH,UTTAR_PRADESH,North
202281,ALIGARH,UTTAR_PRADESH,North
202282,ALIGARH,UTTAR_PRADESH,North
202128,ALIGARH,UTTAR_PRADESH,North
202137,ALIGARH,UTTAR_PRADESH,North
202126,ALIGARH,UTTAR_PRADESH,North
202127,ALIGARH,UTTAR_PRADESH,North
202129,ALIGARH,UTTAR_PRADESH,North
202138,ALIGARH,UTTAR_PRADESH,North
202140,ALIGARH,UTTAR_PRADESH,North
202155,ALIGARH,UTTAR_PRADESH,North
202150,ALIGARH,UTTAR_PRADESH,North
202122,ALIGARH,UTTAR_PRADESH,North
202002,ALIGARH,UTTAR_PRADESH,North
202145,ALIGARH,UTTAR_PRADESH,North
202170,ALIGARH,UTTAR_PRADESH,North
202146,ALIGARH,UTTAR_PRADESH,North
284001,JHANSI,UTTAR_PRADESH,North
284303,JHANSI,UTTAR_PRADESH,North
284306,JHANSI,UTTAR_PRADESH,North
284419,JHANSI,UTTAR_PRADESH,North
284205,JHANSI,UTTAR_PRADESH,North
284003,JHANSI,UTTAR_PRADESH,North
284206,JHANSI,UTTAR_PRADESH,North
284204,JHANSI,UTTAR_PRADESH,North
284304,JHANSI,UTTAR_PRADESH,North
284128,JHANSI,UTTAR_PRADESH,North
284121,JHANSI,UTTAR_PRADESH,North
284201,JHANSI,UTTAR_PRADESH,North
284127,JHANSI,UTTAR_PRADESH,North
284120,JHANSI,UTTAR_PRADESH,North
284301,JHANSI,UTTAR_PRADESH,North
284202,JHANSI,UTTAR_PRADESH,North
284002,JHANSI,UTTAR_PRADESH,North
284135,JHANSI,UTTAR_PRADESH,North
284401,JHANSI,UTTAR_PRADESH,North
284302,JHANSI,UTTAR_PRADESH,North
284203,JHANSI,UTTAR_PRADESH,North
284305,JHANSI,UTTAR_PRADESH,North
247001,SAHARANPUR,UTTAR_PRADESH,North
247662,SAHARANPUR,UTTAR_PRADESH,North
247340,SAHARANPUR,UTTAR_PRADESH,North
247120,SAHARANPUR,UTTAR_PRADESH,North
247121,SAHARANPUR,UTTAR_PRADESH,North
247231,SAHARANPUR,UTTAR_PRADESH,North
247554,SAHARANPUR,UTTAR_PRADESH,North
247669,SAHARANPUR,UTTAR_PRADESH,North
247341,SAHARANPUR,UTTAR_PRADESH,North
247129,SAHARANPUR,UTTAR_PRADESH,North
247551,SAHARANPUR,UTTAR_PRADESH,North
247342,SAHARANPUR,UTTAR_PRADESH,North
247452,SAHARANPUR,UTTAR_PRADESH,North
247451,SAHARANPUR,UTTAR_PRADESH,North
247232,SAHARANPUR,UTTAR_PRADESH,North
247453,SAHARANPUR,UTTAR_PRADESH,North
247002,SAHARANPUR,UTTAR_PRADESH,North
247343,SAHARANPUR,UTTAR_PRADESH,North
247122,SAHARANPUR,UTTAR_PRADESH,North
250001,MEERUT,UTTAR_PRADESH,North
250110,MEERUT,UTTAR_PRADESH,North
250341,MEERUT,UTTAR_PRADESH,North
250221,MEERUT,UTTAR_PRADESH,North
250404,MEERUT,UTTAR_PRADESH,North
250104,MEERUT,UTTAR_PRADESH,North
250004,MEERUT,UTTAR_PRADESH,North
250401,MEERUT,UTTAR_PRADESH,North
250406,MEERUT,UTTAR_PRADESH,North
250223,MEERUT,UTTAR_PRADESH,North
250342,MEERUT,UTTAR_PRADESH,North
250344,MEERUT,UTTAR_PRADESH,North
250002,MEERUT,UTTAR_PRADESH,North
250501,MEERUT,UTTAR_PRADESH,North
245206,MEERUT,UTTAR_PRADESH,North
250205,MEERUT,UTTAR_PRADESH,North
250222,MEERUT,UTTAR_PRADESH,North
250106,MEERUT,UTTAR_PRADESH,North
250402,MEERUT,UTTAR_PRADESH,North
250502,MEERUT,UTTAR_PRADESH,North
250103,MEERUT,UTTAR_PRADESH,North
250003,MEERUT,UTTAR_PRADESH,North
250005,MEERUT,UTTAR_PRADESH,North
221007,VARANASI,UTTAR_PRADESH,North
221104,VARANASI,UTTAR_PRADESH,North
221112,VARANASI,UTTAR_PRADESH,North
221101,VARANASI,UTTAR_PRADESH,North
221011,VARANASI,UTTAR_PRADESH,North
221005,VARANASI,UTTAR_PRADESH,North
221116,VARANASI,UTTAR_PRADESH,North
221008,VARANASI,UTTAR_PRADESH,North
221201,VARANASI,UTTAR_PRADESH,North
221006,VARANASI,UTTAR_PRADESH,North
221302,VARANASI,UTTAR_PRADESH,North
221106,VARANASI,UTTAR_PRADESH,North
221305,VARANASI,UTTAR_PRADESH,North
221207,VARANASI,UTTAR_PRADESH,North
221202,VARANASI,UTTAR_PRADESH,North
221307,VARANASI,UTTAR_PRADESH,North
221403,VARANASI,UTTAR_PRADESH,North
221208,VARANASI,UTTAR_PRADESH,North
221204,VARANASI,UTTAR_PRADESH,North
221108,VARANASI,UTTAR_PRADESH,North
221105,VARANASI,UTTAR_PRADESH,North
221405,VARANASI,UTTAR_PRADESH,North
221313,VARANASI,UTTAR_PRADESH,North
221107,VARANASI,UTTAR_PRADESH,North
221206,VARANASI,UTTAR_PRADESH,North
221311,VARANASI,UTTAR_PRADESH,North
221003,VARANASI,UTTAR_PRADESH,North
221001,VARANASI,UTTAR_PRADESH,North
221002,VARANASI,UTTAR_PRADESH,North
221407,VARANASI,UTTAR_PRADESH,North
221010,VARANASI,UTTAR_PRADESH,North
221004,VARANASI,UTTAR_PRADESH,North
221012,VARANASI,UTTAR_PRADESH,North
221103,VARANASI,UTTAR_PRADESH,North
221109,VARANASI,UTTAR_PRADESH,North
244001,MORADABAD,UTTAR_PRADESH,North
244402,MORADABAD,UTTAR_PRADESH,North
244601,MORADABAD,UTTAR_PRADESH,North
244415,MORADABAD,UTTAR_PRADESH,North
244602,MORADABAD,UTTAR_PRADESH,North
244401,MORADABAD,UTTAR_PRADESH,North
244104,MORADABAD,UTTAR_PRADESH,North
244102,MORADABAD,UTTAR_PRADESH,North
244413,MORADABAD,UTTAR_PRADESH,North
244501,MORADABAD,UTTAR_PRADESH,North
244105,MORADABAD,UTTAR_PRADESH,North
244411,MORADABAD,UTTAR_PRADESH,North
244504,MORADABAD,UTTAR_PRADESH,North
244103,MORADABAD,UTTAR_PRADESH,North
243001,BAREILLY,UTTAR_PRADESH,North
243505,BAREILLY,UTTAR_PRADESH,North
243123,BAREILLY,UTTAR_PRADESH,North
243303,BAREILLY,UTTAR_PRADESH,North
243407,BAREILLY,UTTAR_PRADESH,North
243504,BAREILLY,UTTAR_PRADESH,North
262406,BAREILLY,UTTAR_PRADESH,North
243122,BAREILLY,UTTAR_PRADESH,North
243002,BAREILLY,UTTAR_PRADESH,North
243201,BAREILLY,UTTAR_PRADESH,North
243003,BAREILLY,UTTAR_PRADESH,North
243202,BAREILLY,UTTAR_PRADESH,North
243126,BAREILLY,UTTAR_PRADESH,North
243302,BAREILLY,UTTAR_PRADESH,North
243502,BAREILLY,UTTAR_PRADESH,North
243503,BAREILLY,UTTAR_PRADESH,North
243506,BAREILLY,UTTAR_PRADESH,North
243004,BAREILLY,UTTAR_PRADESH,North
243402,BAREILLY,UTTAR_PRADESH,North
243401,BAREILLY,UTTAR_PRADESH,North
243203,BAREILLY,UTTAR_PRADESH,North
243301,BAREILLY,UTTAR_PRADESH,North
243403,BAREILLY,UTTAR_PRADESH,North
243501,BAREILLY,UTTAR_PRADESH,North
243005,BAREILLY,UTTAR_PRADESH,North
243006,BAREILLY,UTTAR_PRADESH,North
251001,MUZAFFARNAGAR,UTTAR_PRADESH,North
251306,MUZAFFARNAGAR,UTTAR_PRADESH,North
251308,MUZAFFARNAGAR,UTTAR_PRADESH,North
251301,MUZAFFARNAGAR,UTTAR_PRADESH,North
251307,MUZAFFARNAGAR,UTTAR_PRADESH,North
251310,MUZAFFARNAGAR,UTTAR_PRADESH,North
251319,MUZAFFARNAGAR,UTTAR_PRADESH,North
251309,MUZAFFARNAGAR,UTTAR_PRADESH,North
251311,MUZAFFARNAGAR,UTTAR_PRADESH,North
251003,MUZAFFARNAGAR,UTTAR_PRADESH,North
251314,MUZAFFARNAGAR,UTTAR_PRADESH,North
247772,MUZAFFARNAGAR,UTTAR_PRADESH,North
251201,MUZAFFARNAGAR,UTTAR_PRADESH,North
251203,MUZAFFARNAGAR,UTTAR_PRADESH,North
251315,MUZAFFARNAGAR,UTTAR_PRADESH,North
251316,MUZAFFARNAGAR,UTTAR_PRADESH,North
251320,MUZAFFARNAGAR,UTTAR_PRADESH,North
251202,MUZAFFARNAGAR,UTTAR_PRADESH,North
251318,MUZAFFARNAGAR,UTTAR_PRADESH,North
251327,MUZAFFARNAGAR,UTTAR_PRADESH,North
251002,MUZAFFARNAGAR,UTTAR_PRADESH,North
277205,BALLIA,UTTAR_PRADESH,North
277001,BALLIA,UTTAR_PRADESH,North
277208,BALLIA,UTTAR_PRADESH,North
277123,BALLIA,UTTAR_PRADESH,North
277209,BALLIA,UTTAR_PRADESH,North
277211,BALLIA,UTTAR_PRADESH,North
277303,BALLIA,UTTAR_PRADESH,North
277304,BALLIA,UTTAR_PRADESH,North
277213,BALLIA,UTTAR_PRADESH,North
221712,BALLIA,UTTAR_PRADESH,North
221715,BALLIA,UTTAR_PRADESH,North
221701,BALLIA,UTTAR_PRADESH,North
221709,BALLIA,UTTAR_PRADESH,North
277121,BALLIA,UTTAR_PRADESH,North
221718,BALLIA,UTTAR_PRADESH,North
221716,BALLIA,UTTAR_PRADESH,North
277501,BALLIA,UTTAR_PRADESH,North
221711,BALLIA,UTTAR_PRADESH,North
277502,BALLIA,UTTAR_PRADESH,North
277506,BALLIA,UTTAR_PRADESH,North
277124,BALLIA,UTTAR_PRADESH,North
221713,BALLIA,UTTAR_PRADESH,North
277503,BALLIA,UTTAR_PRADESH,North
277504,BALLIA,UTTAR_PRADESH,North
277216,BALLIA,UTTAR_PRADESH,North
277403,BALLIA,UTTAR_PRADESH,North
277207,BALLIA,UTTAR_PRADESH,North
221717,BALLIA,UTTAR_PRADESH,North
277219,BALLIA,UTTAR_PRADESH,North
277302,BALLIA,UTTAR_PRADESH,North
277201,BALLIA,UTTAR_PRADESH,North
277203,BALLIA,UTTAR_PRADESH,North
277202,BALLIA,UTTAR_PRADESH,North
277204,BALLIA,UTTAR_PRADESH,North
277402,BALLIA,UTTAR_PRADESH,North
277301,BALLIA,UTTAR_PRADESH,North
277401,BALLIA,UTTAR_PRADESH,North
277210,BALLIA,UTTAR_PRADESH,North
277214,BALLIA,UTTAR_PRADESH,North
281204,MATHURA,UTTAR_PRADESH,North
281123,MATHURA,UTTAR_PRADESH,North
281205,MATHURA,UTTAR_PRADESH,North
281404,MATHURA,UTTAR_PRADESH,North
281206,MATHURA,UTTAR_PRADESH,North
281121,MATHURA,UTTAR_PRADESH,North
281006,MATHURA,UTTAR_PRADESH,North
281305,MATHURA,UTTAR_PRADESH,North
281202,MATHURA,UTTAR_PRADESH,North
281005,MATHURA,UTTAR_PRADESH,North
281203,MATHURA,UTTAR_PRADESH,North
281504,MATHURA,UTTAR_PRADESH,North
281301,MATHURA,UTTAR_PRADESH,North
281406,MATHURA,UTTAR_PRADESH,North
281405,MATHURA,UTTAR_PRADESH,North
281401,MATHURA,UTTAR_PRADESH,North
281122,MATHURA,UTTAR_PRADESH,North
281003,MATHURA,UTTAR_PRADESH,North
281502,MATHURA,UTTAR_PRADESH,North
281403,MATHURA,UTTAR_PRADESH,North
281308,MATHURA,UTTAR_PRADESH,North
281004,MATHURA,UTTAR_PRADESH,North
281201,MATHURA,UTTAR_PRADESH,North
281501,MATHURA,UTTAR_PRADESH,North
281001,MATHURA,UTTAR_PRADESH,North
281303,MATHURA,UTTAR_PRADESH,North
281306,HATHRAS,UTTAR_PRADESH,North
281307,HATHRAS,UTTAR_PRADESH,North
204212,HATHRAS,UTTAR_PRADESH,North
204102,HATHRAS,UTTAR_PRADESH,North
204101,HATHRAS,UTTAR_PRADESH,North
204215,HATHRAS,UTTAR_PRADESH,North
281302,HATHRAS,UTTAR_PRADESH,North
281104,HATHRAS,UTTAR_PRADESH,North
204211,HATHRAS,UTTAR_PRADESH,North
204214,HATHRAS,UTTAR_PRADESH,North
204216,HATHRAS,UTTAR_PRADESH,North
202139,HATHRAS,UTTAR_PRADESH,North
204213,HATHRAS,UTTAR_PRADESH,North
242221,SHAHJAHANPUR,UTTAR_PRADESH,North
242223,SHAHJAHANPUR,UTTAR_PRADESH,North
242303,SHAHJAHANPUR,UTTAR_PRADESH,North
242305,SHAHJAHANPUR,UTTAR_PRADESH,North
242405,SHAHJAHANPUR,UTTAR_PRADESH,North
242226,SHAHJAHANPUR,UTTAR_PRADESH,North
242301,SHAHJAHANPUR,UTTAR_PRADESH,North
242407,SHAHJAHANPUR,UTTAR_PRADESH,North
242401,SHAHJAHANPUR,UTTAR_PRADESH,North
242127,SHAHJAHANPUR,UTTAR_PRADESH,North
242306,SHAHJAHANPUR,UTTAR_PRADESH,North
242406,SHAHJAHANPUR,UTTAR_PRADESH,North
242307,SHAHJAHANPUR,UTTAR_PRADESH,North
242001,SHAHJAHANPUR,UTTAR_PRADESH,North
242042,SHAHJAHANPUR,UTTAR_PRADESH,North
242220,SHAHJAHANPUR,UTTAR_PRADESH,North
212201,KAUSHAMBI,UTTAR_PRADESH,North
212202,KAUSHAMBI,UTTAR_PRADESH,North
212203,KAUSHAMBI,UTTAR_PRADESH,North
212206,KAUSHAMBI,UTTAR_PRADESH,North
212204,KAUSHAMBI,UTTAR_PRADESH,North
212205,KAUSHAMBI,UTTAR_PRADESH,North
212213,KAUSHAMBI,UTTAR_PRADESH,North
212207,KAUSHAMBI,UTTAR_PRADESH,North
212214,KAUSHAMBI,UTTAR_PRADESH,North
212216,KAUSHAMBI,UTTAR_PRADESH,North
212217,KAUSHAMBI,UTTAR_PRADESH,North
212218,KAUSHAMBI,UTTAR_PRADESH,North
232105,CHANDAULI,UTTAR_PRADESH,North
232106,CHANDAULI,UTTAR_PRADESH,North
232101,CHANDAULI,UTTAR_PRADESH,North
232104,CHANDAULI,UTTAR_PRADESH,North
232111,CHANDAULI,UTTAR_PRADESH,North
232118,CHANDAULI,UTTAR_PRADESH,North
232107,CHANDAULI,UTTAR_PRADESH,North
232120,CHANDAULI,UTTAR_PRADESH,North
232102,CHANDAULI,UTTAR_PRADESH,North
232103,CHANDAULI,UTTAR_PRADESH,North
232110,CHANDAULI,UTTAR_PRADESH,North
232109,CHANDAULI,UTTAR_PRADESH,North
232108,CHANDAULI,UTTAR_PRADESH,North
221115,CHANDAULI,UTTAR_PRADESH,North
221009,CHANDAULI,UTTAR_PRADESH,North
221110,CHANDAULI,UTTAR_PRADESH,North
262123,PILIBHIT,UTTAR_PRADESH,North
262001,PILIBHIT,UTTAR_PRADESH,North
262904,PILIBHIT,UTTAR_PRADESH,North
262122,PILIBHIT,UTTAR_PRADESH,North
262302,PILIBHIT,UTTAR_PRADESH,North
262203,PILIBHIT,UTTAR_PRADESH,North
262202,PILIBHIT,UTTAR_PRADESH,North
262201,PILIBHIT,UTTAR_PRADESH,North
262305,PILIBHIT,UTTAR_PRADESH,North
262121,PILIBHIT,UTTAR_PRADESH,North
262124,PILIBHIT,UTTAR_PRADESH,North
244221,AMROHA,UTTAR_PRADESH,North
244231,AMROHA,UTTAR_PRADESH,North
244235,AMROHA,UTTAR_PRADESH,North
244241,AMROHA,UTTAR_PRADESH,North
244222,AMROHA,UTTAR_PRADESH,North
244251,AMROHA,UTTAR_PRADESH,North
244236,AMROHA,UTTAR_PRADESH,North
244255,AMROHA,UTTAR_PRADESH,North
244242,AMROHA,UTTAR_PRADESH,North
244225,AMROHA,UTTAR_PRADESH,North
244223,AMROHA,UTTAR_PRADESH,North
244245,AMROHA,UTTAR_PRADESH,North
272124,BASTI,UTTAR_PRADESH,North
272171,BASTI,UTTAR_PRADESH,North
272163,BASTI,UTTAR_PRADESH,North
272150,BASTI,UTTAR_PRADESH,North
272301,BASTI,UTTAR_PRADESH,North
272161,BASTI,UTTAR_PRADESH,North
272155,BASTI,UTTAR_PRADESH,North
272178,BASTI,UTTAR_PRADESH,North
272302,BASTI,UTTAR_PRADESH,North
272181,BASTI,UTTAR_PRADESH,North
272130,BASTI,UTTAR_PRADESH,North
272002,BASTI,UTTAR_PRADESH,North
272190,BASTI,UTTAR_PRADESH,North
272129,BASTI,UTTAR_PRADESH,North
272182,BASTI,UTTAR_PRADESH,North
272127,BASTI,UTTAR_PRADESH,North
272194,BASTI,UTTAR_PRADESH,North
272123,BASTI,UTTAR_PRADESH,North
272128,BASTI,UTTAR_PRADESH,North
272131,BASTI,UTTAR_PRADESH,North
272177,BASTI,UTTAR_PRADESH,North
272001,BASTI,UTTAR_PRADESH,North
272175,SANT KABEER NAGAR,UTTAR_PRADESH,North
272173,SANT KABEER NAGAR,UTTAR_PRADESH,North
272172,SANT KABEER NAGAR,UTTAR_PRADESH,North
272271,SANT KABEER NAGAR,UTTAR_PRADESH,North
272165,SANT KABEER NAGAR,UTTAR_PRADESH,North
272164,SANT KABEER NAGAR,UTTAR_PRADESH,North
272176,SANT KABEER NAGAR,UTTAR_PRADESH,North
272125,SANT KABEER NAGAR,UTTAR_PRADESH,North
272126,SANT KABEER NAGAR,UTTAR_PRADESH,North
272270,SANT KABEER NAGAR,UTTAR_PRADESH,North
272199,SANT KABEER NAGAR,UTTAR_PRADESH,North
272162,SANT KABEER NAGAR,UTTAR_PRADESH,North
272154,SANT KABEER NAGAR,UTTAR_PRADESH,North
209743,FARRUKHABAD,UTTAR_PRADESH,North
209504,FARRUKHABAD,UTTAR_PRADESH,North
209652,FARRUKHABAD,UTTAR_PRADESH,North
209501,FARRUKHABAD,UTTAR_PRADESH,North
209651,FARRUKHABAD,UTTAR_PRADESH,North
209745,FARRUKHABAD,UTTAR_PRADESH,North
209503,FARRUKHABAD,UTTAR_PRADESH,North
209749,FARRUKHABAD,UTTAR_PRADESH,North
209601,FARRUKHABAD,UTTAR_PRADESH,North
209621,FARRUKHABAD,UTTAR_PRADESH,North
209622,FARRUKHABAD,UTTAR_PRADESH,North
209602,FARRUKHABAD,UTTAR_PRADESH,North
209625,FARRUKHABAD,UTTAR_PRADESH,North
209739,FARRUKHABAD,UTTAR_PRADESH,North
209502,FARRUKHABAD,UTTAR_PRADESH,North
209724,FARRUKHABAD,UTTAR_PRADESH,North
209505,FARRUKHABAD,UTTAR_PRADESH,North
272153,SIDDHARTH NAGAR,UTTAR_PRADESH,North
272148,SIDDHARTH NAGAR,UTTAR_PRADESH,North
272151,SIDDHARTH NAGAR,UTTAR_PRADESH,North
272189,SIDDHARTH NAGAR,UTTAR_PRADESH,North
272191,SIDDHARTH NAGAR,UTTAR_PRADESH,North
272192,SIDDHARTH NAGAR,UTTAR_PRADESH,North
272206,SIDDHARTH NAGAR,UTTAR_PRADESH,North
272205,SIDDHARTH NAGAR,UTTAR_PRADESH,North
272207,SIDDHARTH NAGAR,UTTAR_PRADESH,North
272204,SIDDHARTH NAGAR,UTTAR_PRADESH,North
272208,SIDDHARTH NAGAR,UTTAR_PRADESH,North
272203,SIDDHARTH NAGAR,UTTAR_PRADESH,North
272201,SIDDHARTH NAGAR,UTTAR_PRADESH,North
272193,SIDDHARTH NAGAR,UTTAR_PRADESH,North
272202,SIDDHARTH NAGAR,UTTAR_PRADESH,North
272152,SIDDHARTH NAGAR,UTTAR_PRADESH,North
272195,SIDDHARTH NAGAR,UTTAR_PRADESH,North
284403,LALITPUR,UTTAR_PRADESH,North
284402,LALITPUR,UTTAR_PRADESH,North
284122,LALITPUR,UTTAR_PRADESH,North
284123,LALITPUR,UTTAR_PRADESH,North
284124,LALITPUR,UTTAR_PRADESH,North
284405,LALITPUR,UTTAR_PRADESH,North
284404,LALITPUR,UTTAR_PRADESH,North
284406,LALITPUR,UTTAR_PRADESH,North
284136,LALITPUR,UTTAR_PRADESH,North
284126,LALITPUR,UTTAR_PRADESH,North
284501,LALITPUR,UTTAR_PRADESH,North
284125,LALITPUR,UTTAR_PRADESH,North
273308,MAHARAJGANJ,UTTAR_PRADESH,North
273155,MAHARAJGANJ,UTTAR_PRADESH,North
273302,MAHARAJGANJ,UTTAR_PRADESH,North
273157,MAHARAJGANJ,UTTAR_PRADESH,North
273309,MAHARAJGANJ,UTTAR_PRADESH,North
273162,MAHARAJGANJ,UTTAR_PRADESH,North
273303,MAHARAJGANJ,UTTAR_PRADESH,North
273164,MAHARAJGANJ,UTTAR_PRADESH,North
273311,MAHARAJGANJ,UTTAR_PRADESH,North
273310,MAHARAJGANJ,UTTAR_PRADESH,North
273161,MAHARAJGANJ,UTTAR_PRADESH,North
273151,MAHARAJGANJ,UTTAR_PRADESH,North
273207,MAHARAJGANJ,UTTAR_PRADESH,North
273163,MAHARAJGANJ,UTTAR_PRADESH,North
273301,MAHARAJGANJ,UTTAR_PRADESH,North
273305,MAHARAJGANJ,UTTAR_PRADESH,North
273304,MAHARAJGANJ,UTTAR_PRADESH,North
245101,HAPUR,UTTAR_PRADESH,North
245301,HAPUR,UTTAR_PRADESH,North
245304,HAPUR,UTTAR_PRADESH,North
245201,HAPUR,UTTAR_PRADESH,North
245205,HAPUR,UTTAR_PRADESH,North
245207,HAPUR,UTTAR_PRADESH,North
245208,HAPUR,UTTAR_PRADESH,North
250626,BAGHPAT,UTTAR_PRADESH,North
250619,BAGHPAT,UTTAR_PRADESH,North
250611,BAGHPAT,UTTAR_PRADESH,North
250601,BAGHPAT,UTTAR_PRADESH,North
250606,BAGHPAT,UTTAR_PRADESH,North
250620,BAGHPAT,UTTAR_PRADESH,North
250345,BAGHPAT,UTTAR_PRADESH,North
250617,BAGHPAT,UTTAR_PRADESH,North
250615,BAGHPAT,UTTAR_PRADESH,North
250622,BAGHPAT,UTTAR_PRADESH,North
250101,BAGHPAT,UTTAR_PRADESH,North
250625,BAGHPAT,UTTAR_PRADESH,North
250609,BAGHPAT,UTTAR_PRADESH,North
250621,BAGHPAT,UTTAR_PRADESH,North
250623,BAGHPAT,UTTAR_PRADESH,North
224001,AYODHYA,UTTAR_PRADESH,North
224225,AYODHYA,UTTAR_PRADESH,North
224121,AYODHYA,UTTAR_PRADESH,North
224123,AYODHYA,UTTAR_PRADESH,North
224126,AYODHYA,UTTAR_PRADESH,North
224127,AYODHYA,UTTAR_PRADESH,North
224202,AYODHYA,UTTAR_PRADESH,North
224116,AYODHYA,UTTAR_PRADESH,North
224204,AYODHYA,UTTAR_PRADESH,North
224209,AYODHYA,UTTAR_PRADESH,North
224135,AYODHYA,UTTAR_PRADESH,North
224189,AYODHYA,UTTAR_PRADESH,North
224141,AYODHYA,UTTAR_PRADESH,North
224208,AYODHYA,UTTAR_PRADESH,North
224228,AYODHYA,UTTAR_PRADESH,North
224206,AYODHYA,UTTAR_PRADESH,North
224133,AYODHYA,UTTAR_PRADESH,North
224153,AYODHYA,UTTAR_PRADESH,North
224205,AYODHYA,UTTAR_PRADESH,North
224158,AYODHYA,UTTAR_PRADESH,North
224207,AYODHYA,UTTAR_PRADESH,North
224117,AYODHYA,UTTAR_PRADESH,North
224161,AYODHYA,UTTAR_PRADESH,North
224118,AYODHYA,UTTAR_PRADESH,North
224164,AYODHYA,UTTAR_PRADESH,North
224201,AYODHYA,UTTAR_PRADESH,North
224119,AYODHYA,UTTAR_PRADESH,North
224171,AYODHYA,UTTAR_PRADESH,North
224203,AYODHYA,UTTAR_PRADESH,North
224120,AYODHYA,UTTAR_PRADESH,North
224188,AYODHYA,UTTAR_PRADESH,North
224195,AYODHYA,UTTAR_PRADESH,North
224229,AYODHYA,UTTAR_PRADESH,North
224234,AYODHYA,UTTAR_PRADESH,North
224182,AYODHYA,UTTAR_PRADESH,North
224284,AYODHYA,UTTAR_PRADESH,North
224183,AMBEDKAR NAGAR,UTTAR_PRADESH,North
224186,AMBEDKAR NAGAR,UTTAR_PRADESH,North
224227,AMBEDKAR NAGAR,UTTAR_PRADESH,North
224190,AMBEDKAR NAGAR,UTTAR_PRADESH,North
224235,AMBEDKAR NAGAR,UTTAR_PRADESH,North
224181,AMBEDKAR NAGAR,UTTAR_PRADESH,North
224122,AMBEDKAR NAGAR,UTTAR_PRADESH,North
224125,AMBEDKAR NAGAR,UTTAR_PRADESH,North
224159,AMBEDKAR NAGAR,UTTAR_PRADESH,North
224210,AMBEDKAR NAGAR,UTTAR_PRADESH,North
224129,AMBEDKAR NAGAR,UTTAR_PRADESH,North
224132,AMBEDKAR NAGAR,UTTAR_PRADESH,North
224137,AMBEDKAR NAGAR,UTTAR_PRADESH,North
224139,AMBEDKAR NAGAR,UTTAR_PRADESH,North
224143,AMBEDKAR NAGAR,UTTAR_PRADESH,North
224145,AMBEDKAR NAGAR,UTTAR_PRADESH,North
224146,AMBEDKAR NAGAR,UTTAR_PRADESH,North
224147,AMBEDKAR NAGAR,UTTAR_PRADESH,North
224149,AMBEDKAR NAGAR,UTTAR_PRADESH,North
224151,AMBEDKAR NAGAR,UTTAR_PRADESH,North
224230,AMBEDKAR NAGAR,UTTAR_PRADESH,North
224157,AMBEDKAR NAGAR,UTTAR_PRADESH,North
224155,AMBEDKAR NAGAR,UTTAR_PRADESH,North
224231,AMBEDKAR NAGAR,UTTAR_PRADESH,North
224152,AMBEDKAR NAGAR,UTTAR_PRADESH,North
224168,AMBEDKAR NAGAR,UTTAR_PRADESH,North
224176,AMBEDKAR NAGAR,UTTAR_PRADESH,North
224232,AMBEDKAR NAGAR,UTTAR_PRADESH,North
224238,AMBEDKAR NAGAR,UTTAR_PRADESH,North
231305,MIRZAPUR,UTTAR_PRADESH,North
231211,MIRZAPUR,UTTAR_PRADESH,North
231303,MIRZAPUR,UTTAR_PRADESH,North
231312,MIRZAPUR,UTTAR_PRADESH,North
231304,MIRZAPUR,UTTAR_PRADESH,North
231210,MIRZAPUR,UTTAR_PRADESH,North
231313,MIRZAPUR,UTTAR_PRADESH,North
231309,MIRZAPUR,UTTAR_PRADESH,North
231314,MIRZAPUR,UTTAR_PRADESH,North
231501,MIRZAPUR,UTTAR_PRADESH,North
231302,MIRZAPUR,UTTAR_PRADESH,North
231301,MIRZAPUR,UTTAR_PRADESH,North
231307,MIRZAPUR,UTTAR_PRADESH,North
231306,MIRZAPUR,UTTAR_PRADESH,North
231001,MIRZAPUR,UTTAR_PRADESH,North
231311,MIRZAPUR,UTTAR_PRADESH,North
209747,KANNAUJ,UTTAR_PRADESH,North
209735,KANNAUJ,UTTAR_PRADESH,North
209727,KANNAUJ,UTTAR_PRADESH,North
209728,KANNAUJ,UTTAR_PRADESH,North
209729,KANNAUJ,UTTAR_PRADESH,North
209731,KANNAUJ,UTTAR_PRADESH,North
209734,KANNAUJ,UTTAR_PRADESH,North
209732,KANNAUJ,UTTAR_PRADESH,North
209738,KANNAUJ,UTTAR_PRADESH,North
209720,KANNAUJ,UTTAR_PRADESH,North
209721,KANNAUJ,UTTAR_PRADESH,North
209722,KANNAUJ,UTTAR_PRADESH,North
209723,KANNAUJ,UTTAR_PRADESH,North
209733,KANNAUJ,UTTAR_PRADESH,North
209736,KANNAUJ,UTTAR_PRADESH,North
209725,KANNAUJ,UTTAR_PRADESH,North
209726,KANNAUJ,UTTAR_PRADESH,North
231215,SONBHADRA,UTTAR_PRADESH,North
231213,SONBHADRA,UTTAR_PRADESH,North
231219,SONBHADRA,UTTAR_PRADESH,North
231223,SONBHADRA,UTTAR_PRADESH,North
231206,SONBHADRA,UTTAR_PRADESH,North
231207,SONBHADRA,UTTAR_PRADESH,North
231208,SONBHADRA,UTTAR_PRADESH,North
231225,SONBHADRA,UTTAR_PRADESH,North
231205,SONBHADRA,UTTAR_PRADESH,North
231212,SONBHADRA,UTTAR_PRADESH,North
231226,SONBHADRA,UTTAR_PRADESH,North
231218,SONBHADRA,UTTAR_PRADESH,North
231216,SONBHADRA,UTTAR_PRADESH,North
231217,SONBHADRA,UTTAR_PRADESH,North
231221,SONBHADRA,UTTAR_PRADESH,North
231222,SONBHADRA,UTTAR_PRADESH,North
231209,SONBHADRA,UTTAR_PRADESH,North
231224,SONBHADRA,UTTAR_PRADESH,North
231220,SONBHADRA,UTTAR_PRADESH,North
230401,PRATAPGARH,UTTAR_PRADESH,North
230204,PRATAPGARH,UTTAR_PRADESH,North
230132,PRATAPGARH,UTTAR_PRADESH,North
230403,PRATAPGARH,UTTAR_PRADESH,North
230402,PRATAPGARH,UTTAR_PRADESH,North
230135,PRATAPGARH,UTTAR_PRADESH,North
230002,PRATAPGARH,UTTAR_PRADESH,North
230121,PRATAPGARH,UTTAR_PRADESH,North
230304,PRATAPGARH,UTTAR_PRADESH,North
230138,PRATAPGARH,UTTAR_PRADESH,North
230139,PRATAPGARH,UTTAR_PRADESH,North
230141,PRATAPGARH,UTTAR_PRADESH,North
230306,PRATAPGARH,UTTAR_PRADESH,North
230404,PRATAPGARH,UTTAR_PRADESH,North
230133,PRATAPGARH,UTTAR_PRADESH,North
230503,PRATAPGARH,UTTAR_PRADESH,North
230134,PRATAPGARH,UTTAR_PRADESH,North
230136,PRATAPGARH,UTTAR_PRADESH,North
230142,PRATAPGARH,UTTAR_PRADESH,North
230137,PRATAPGARH,UTTAR_PRADESH,North
230124,PRATAPGARH,UTTAR_PRADESH,North
230501,PRATAPGARH,UTTAR_PRADESH,North
230143,PRATAPGARH,UTTAR_PRADESH,North
230201,PRATAPGARH,UTTAR_PRADESH,North
230144,PRATAPGARH,UTTAR_PRADESH,North
230125,PRATAPGARH,UTTAR_PRADESH,North
230126,PRATAPGARH,UTTAR_PRADESH,North
230405,PRATAPGARH,UTTAR_PRADESH,North
230128,PRATAPGARH,UTTAR_PRADESH,North
230202,PRATAPGARH,UTTAR_PRADESH,North
230127,PRATAPGARH,UTTAR_PRADESH,North
229408,PRATAPGARH,UTTAR_PRADESH,North
230301,PRATAPGARH,UTTAR_PRADESH,North
230302,PRATAPGARH,UTTAR_PRADESH,North
230129,PRATAPGARH,UTTAR_PRADESH,North
230502,PRATAPGARH,UTTAR_PRADESH,North
230131,PRATAPGARH,UTTAR_PRADESH,North
229410,PRATAPGARH,UTTAR_PRADESH,North
230001,PRATAPGARH,UTTAR_PRADESH,North
230130,PRATAPGARH,UTTAR_PRADESH,North
212601,FATEHPUR,UTTAR_PRADESH,North
212631,FATEHPUR,UTTAR_PRADESH,North
212651,FATEHPUR,UTTAR_PRADESH,North
212654,FATEHPUR,UTTAR_PRADESH,North
212655,FATEHPUR,UTTAR_PRADESH,North
212657,FATEHPUR,UTTAR_PRADESH,North
212656,FATEHPUR,UTTAR_PRADESH,North
212658,FATEHPUR,UTTAR_PRADESH,North
212659,FATEHPUR,UTTAR_PRADESH,North
212665,FATEHPUR,UTTAR_PRADESH,North
212661,FATEHPUR,UTTAR_PRADESH,North
212664,FATEHPUR,UTTAR_PRADESH,North
212620,FATEHPUR,UTTAR_PRADESH,North
212622,FATEHPUR,UTTAR_PRADESH,North
212663,FATEHPUR,UTTAR_PRADESH,North
212650,FATEHPUR,UTTAR_PRADESH,North
212641,FATEHPUR,UTTAR_PRADESH,North
212653,FATEHPUR,UTTAR_PRADESH,North
212621,FATEHPUR,UTTAR_PRADESH,North
212635,FATEHPUR,UTTAR_PRADESH,North
212645,FATEHPUR,UTTAR_PRADESH,North
212652,FATEHPUR,UTTAR_PRADESH,North
275306,MAU,UTTAR_PRADESH,North
275102,MAU,UTTAR_PRADESH,North
275305,MAU,UTTAR_PRADESH,North
221603,MAU,UTTAR_PRADESH,North
221602,MAU,UTTAR_PRADESH,North
276403,MAU,UTTAR_PRADESH,North
221706,MAU,UTTAR_PRADESH,North
276405,MAU,UTTAR_PRADESH,North
275103,MAU,UTTAR_PRADESH,North
275307,MAU,UTTAR_PRADESH,North
276306,MAU,UTTAR_PRADESH,North
275301,MAU,UTTAR_PRADESH,North
275302,MAU,UTTAR_PRADESH,North
276129,MAU,UTTAR_PRADESH,North
275303,MAU,UTTAR_PRADESH,North
221601,MAU,UTTAR_PRADESH,North
275304,MAU,UTTAR_PRADESH,North
221705,MAU,UTTAR_PRADESH,North
276402,MAU,UTTAR_PRADESH,North
275105,MAU,UTTAR_PRADESH,North
275101,MAU,UTTAR_PRADESH,North
271825,BAHRAICH,UTTAR_PRADESH,North
271821,BAHRAICH,UTTAR_PRADESH,North
271865,BAHRAICH,UTTAR_PRADESH,North
271871,BAHRAICH,UTTAR_PRADESH,North
271875,BAHRAICH,UTTAR_PRADESH,North
271881,BAHRAICH,UTTAR_PRADESH,North
271830,BAHRAICH,UTTAR_PRADESH,North
271870,BAHRAICH,UTTAR_PRADESH,North
271806,BAHRAICH,UTTAR_PRADESH,North
271902,BAHRAICH,UTTAR_PRADESH,North
271872,BAHRAICH,UTTAR_PRADESH,North
271904,BAHRAICH,UTTAR_PRADESH,North
271903,BAHRAICH,UTTAR_PRADESH,North
271802,BAHRAICH,UTTAR_PRADESH,North
271851,BAHRAICH,UTTAR_PRADESH,North
271824,BAHRAICH,UTTAR_PRADESH,North
271882,BAHRAICH,UTTAR_PRADESH,North
271855,BAHRAICH,UTTAR_PRADESH,North
271841,BAHRAICH,UTTAR_PRADESH,North
271901,BAHRAICH,UTTAR_PRADESH,North
271801,BAHRAICH,UTTAR_PRADESH,North
207002,ETAH,UTTAR_PRADESH,North
207003,ETAH,UTTAR_PRADESH,North
207401,ETAH,UTTAR_PRADESH,North
207247,ETAH,UTTAR_PRADESH,North
207301,ETAH,UTTAR_PRADESH,North
207248,ETAH,UTTAR_PRADESH,North
207302,ETAH,UTTAR_PRADESH,North
207125,ETAH,UTTAR_PRADESH,North
207122,ETAH,UTTAR_PRADESH,North
207120,ETAH,UTTAR_PRADESH,North
207121,ETAH,UTTAR_PRADESH,North
207249,ETAH,UTTAR_PRADESH,North
207244,ETAH,UTTAR_PRADESH,North
207250,ETAH,UTTAR_PRADESH,North
207001,ETAH,UTTAR_PRADESH,North
233304,GHAZIPUR,UTTAR_PRADESH,North
275205,GHAZIPUR,UTTAR_PRADESH,North
232332,GHAZIPUR,UTTAR_PRADESH,North
232333,GHAZIPUR,UTTAR_PRADESH,North
233228,GHAZIPUR,UTTAR_PRADESH,North
232331,GHAZIPUR,UTTAR_PRADESH,North
232329,GHAZIPUR,UTTAR_PRADESH,North
233305,GHAZIPUR,UTTAR_PRADESH,North
232330,GHAZIPUR,UTTAR_PRADESH,North
233221,GHAZIPUR,UTTAR_PRADESH,North
275201,GHAZIPUR,UTTAR_PRADESH,North
233229,GHAZIPUR,UTTAR_PRADESH,North
233231,GHAZIPUR,UTTAR_PRADESH,North
233307,GHAZIPUR,UTTAR_PRADESH,North
233300,GHAZIPUR,UTTAR_PRADESH,North
233306,GHAZIPUR,UTTAR_PRADESH,North
232336,GHAZIPUR,UTTAR_PRADESH,North
232326,GHAZIPUR,UTTAR_PRADESH,North
275202,GHAZIPUR,UTTAR_PRADESH,North
233222,GHAZIPUR,UTTAR_PRADESH,North
232340,GHAZIPUR,UTTAR_PRADESH,North
232327,GHAZIPUR,UTTAR_PRADESH,North
233232,GHAZIPUR,UTTAR_PRADESH,North
275203,GHAZIPUR,UTTAR_PRADESH,North
232339,GHAZIPUR,UTTAR_PRADESH,North
233224,GHAZIPUR,UTTAR_PRADESH,North
233225,GHAZIPUR,UTTAR_PRADESH,North
233233,GHAZIPUR,UTTAR_PRADESH,North
233310,GHAZIPUR,UTTAR_PRADESH,North
233226,GHAZIPUR,UTTAR_PRADESH,North
233227,GHAZIPUR,UTTAR_PRADESH,North
233301,GHAZIPUR,UTTAR_PRADESH,North
233302,GHAZIPUR,UTTAR_PRADESH,North
233303,GHAZIPUR,UTTAR_PRADESH,North
233311,GHAZIPUR,UTTAR_PRADESH,North
233002,GHAZIPUR,UTTAR_PRADESH,North
233223,GHAZIPUR,UTTAR_PRADESH,North
232328,GHAZIPUR,UTTAR_PRADESH,North
233230,GHAZIPUR,UTTAR_PRADESH,North
275204,GHAZIPUR,UTTAR_PRADESH,North
233001,GHAZIPUR,UTTAR_PRADESH,North
233234,GHAZIPUR,UTTAR_PRADESH,North
232325,GHAZIPUR,UTTAR_PRADESH,North
232341,GHAZIPUR,UTTAR_PRADESH,North
276125,AZAMGARH,UTTAR_PRADESH,North
276128,AZAMGARH,UTTAR_PRADESH,North
223221,AZAMGARH,UTTAR_PRADESH,North
276124,AZAMGARH,UTTAR_PRADESH,North
223222,AZAMGARH,UTTAR_PRADESH,North
223223,AZAMGARH,UTTAR_PRADESH,North
276301,AZAMGARH,UTTAR_PRADESH,North
276121,AZAMGARH,UTTAR_PRADESH,North
276201,AZAMGARH,UTTAR_PRADESH,North
223224,AZAMGARH,UTTAR_PRADESH,North
276302,AZAMGARH,UTTAR_PRADESH,North
276135,AZAMGARH,UTTAR_PRADESH,North
276142,AZAMGARH,UTTAR_PRADESH,North
276141,AZAMGARH,UTTAR_PRADESH,North
276303,AZAMGARH,UTTAR_PRADESH,North
276208,AZAMGARH,UTTAR_PRADESH,North
276126,AZAMGARH,UTTAR_PRADESH,North
276127,AZAMGARH,UTTAR_PRADESH,North
276131,AZAMGARH,UTTAR_PRADESH,North
276202,AZAMGARH,UTTAR_PRADESH,North
223227,AZAMGARH,UTTAR_PRADESH,North
276305,AZAMGARH,UTTAR_PRADESH,North
276139,AZAMGARH,UTTAR_PRADESH,North
276406,AZAMGARH,UTTAR_PRADESH,North
276137,AZAMGARH,UTTAR_PRADESH,North
276123,AZAMGARH,UTTAR_PRADESH,North
276122,AZAMGARH,UTTAR_PRADESH,North
276136,AZAMGARH,UTTAR_PRADESH,North
223225,AZAMGARH,UTTAR_PRADESH,North
276203,AZAMGARH,UTTAR_PRADESH,North
276204,AZAMGARH,UTTAR_PRADESH,North
276143,AZAMGARH,UTTAR_PRADESH,North
276205,AZAMGARH,UTTAR_PRADESH,North
276404,AZAMGARH,UTTAR_PRADESH,North
276206,AZAMGARH,UTTAR_PRADESH,North
276288,AZAMGARH,UTTAR_PRADESH,North
276304,AZAMGARH,UTTAR_PRADESH,North
223226,AZAMGARH,UTTAR_PRADESH,North
276207,AZAMGARH,UTTAR_PRADESH,North
276138,AZAMGARH,UTTAR_PRADESH,North
276140,AZAMGARH,UTTAR_PRADESH,North
276001,AZAMGARH,UTTAR_PRADESH,North
206253,ETAWAH,UTTAR_PRADESH,North
206242,ETAWAH,UTTAR_PRADESH,North
206120,ETAWAH,UTTAR_PRADESH,North
206124,ETAWAH,UTTAR_PRADESH,North
206123,ETAWAH,UTTAR_PRADESH,North
206128,ETAWAH,UTTAR_PRADESH,North
206003,ETAWAH,UTTAR_PRADESH,North
206131,ETAWAH,UTTAR_PRADESH,North
206130,ETAWAH,UTTAR_PRADESH,North
206125,ETAWAH,UTTAR_PRADESH,North
206126,ETAWAH,UTTAR_PRADESH,North
206002,ETAWAH,UTTAR_PRADESH,North
206245,ETAWAH,UTTAR_PRADESH,North
206127,ETAWAH,UTTAR_PRADESH,North
206001,ETAWAH,UTTAR_PRADESH,North
222127,JAUNPUR,UTTAR_PRADESH,North
222125,JAUNPUR,UTTAR_PRADESH,North
222201,JAUNPUR,UTTAR_PRADESH,North
222162,JAUNPUR,UTTAR_PRADESH,North
222126,JAUNPUR,UTTAR_PRADESH,North
222144,JAUNPUR,UTTAR_PRADESH,North
222128,JAUNPUR,UTTAR_PRADESH,North
222133,JAUNPUR,UTTAR_PRADESH,North
222129,JAUNPUR,UTTAR_PRADESH,North
222132,JAUNPUR,UTTAR_PRADESH,North
223103,JAUNPUR,UTTAR_PRADESH,North
222146,JAUNPUR,UTTAR_PRADESH,North
222148,JAUNPUR,UTTAR_PRADESH,North
222143,JAUNPUR,UTTAR_PRADESH,North
222139,JAUNPUR,UTTAR_PRADESH,North
223104,JAUNPUR,UTTAR_PRADESH,North
222135,JAUNPUR,UTTAR_PRADESH,North
222136,JAUNPUR,UTTAR_PRADESH,North
222002,JAUNPUR,UTTAR_PRADESH,North
222138,JAUNPUR,UTTAR_PRADESH,North
222142,JAUNPUR,UTTAR_PRADESH,North
222161,JAUNPUR,UTTAR_PRADESH,North
222165,JAUNPUR,UTTAR_PRADESH,North
222170,JAUNPUR,UTTAR_PRADESH,North
222202,JAUNPUR,UTTAR_PRADESH,North
222109,JAUNPUR,UTTAR_PRADESH,North
223102,JAUNPUR,UTTAR_PRADESH,North
222003,JAUNPUR,UTTAR_PRADESH,North
222105,JAUNPUR,UTTAR_PRADESH,North
222203,JAUNPUR,UTTAR_PRADESH,North
222141,JAUNPUR,UTTAR_PRADESH,North
223101,JAUNPUR,UTTAR_PRADESH,North
222131,JAUNPUR,UTTAR_PRADESH,North
222175,JAUNPUR,UTTAR_PRADESH,North
222145,JAUNPUR,UTTAR_PRADESH,North
222204,JAUNPUR,UTTAR_PRADESH,North
222149,JAUNPUR,UTTAR_PRADESH,North
223105,JAUNPUR,UTTAR_PRADESH,North
222180,JAUNPUR,UTTAR_PRADESH,North
222181,JAUNPUR,UTTAR_PRADESH,North
222137,JAUNPUR,UTTAR_PRADESH,North
222001,JAUNPUR,UTTAR_PRADESH,North
203001,BULANDSHAHR,UTTAR_PRADESH,North
203412,BULANDSHAHR,UTTAR_PRADESH,North
203398,BULANDSHAHR,UTTAR_PRADESH,North
203131,BULANDSHAHR,UTTAR_PRADESH,North
203397,BULANDSHAHR,UTTAR_PRADESH,North
203392,BULANDSHAHR,UTTAR_PRADESH,North
203393,BULANDSHAHR,UTTAR_PRADESH,North
203129,BULANDSHAHR,UTTAR_PRADESH,North
203132,BULANDSHAHR,UTTAR_PRADESH,North
203396,BULANDSHAHR,UTTAR_PRADESH,North
203399,BULANDSHAHR,UTTAR_PRADESH,North
203002,BULANDSHAHR,UTTAR_PRADESH,North
203390,BULANDSHAHR,UTTAR_PRADESH,North
203402,BULANDSHAHR,UTTAR_PRADESH,North
203403,BULANDSHAHR,UTTAR_PRADESH,North
203408,BULANDSHAHR,UTTAR_PRADESH,North
203206,BULANDSHAHR,UTTAR_PRADESH,North
203394,BULANDSHAHR,UTTAR_PRADESH,North
203405,BULANDSHAHR,UTTAR_PRADESH,North
203391,BULANDSHAHR,UTTAR_PRADESH,North
203407,BULANDSHAHR,UTTAR_PRADESH,North
203411,BULANDSHAHR,UTTAR_PRADESH,North
203205,BULANDSHAHR,UTTAR_PRADESH,North
203389,BULANDSHAHR,UTTAR_PRADESH,North
203401,BULANDSHAHR,UTTAR_PRADESH,North
203409,BULANDSHAHR,UTTAR_PRADESH,North
203150,BULANDSHAHR,UTTAR_PRADESH,North
203395,BULANDSHAHR,UTTAR_PRADESH,North
207241,KASGANJ,UTTAR_PRADESH,North
207124,KASGANJ,UTTAR_PRADESH,North
207242,KASGANJ,UTTAR_PRADESH,North
207123,KASGANJ,UTTAR_PRADESH,North
207402,KASGANJ,UTTAR_PRADESH,North
207243,KASGANJ,UTTAR_PRADESH,North
207245,KASGANJ,UTTAR_PRADESH,North
207403,KASGANJ,UTTAR_PRADESH,North
207246,KASGANJ,UTTAR_PRADESH,North
224172,FIROZABAD,UTTAR_PRADESH,North
283203,FIROZABAD,UTTAR_PRADESH,North
283152,FIROZABAD,UTTAR_PRADESH,North
283206,FIROZABAD,UTTAR_PRADESH,North
283145,FIROZABAD,UTTAR_PRADESH,North
283103,FIROZABAD,UTTAR_PRADESH,North
283130,FIROZABAD,UTTAR_PRADESH,North
283142,FIROZABAD,UTTAR_PRADESH,North
283207,FIROZABAD,UTTAR_PRADESH,North
283141,FIROZABAD,UTTAR_PRADESH,North
283151,FIROZABAD,UTTAR_PRADESH,North
283204,FIROZABAD,UTTAR_PRADESH,North
283136,FIROZABAD,UTTAR_PRADESH,North
283135,FIROZABAD,UTTAR_PRADESH,North
283205,FIROZABAD,UTTAR_PRADESH,North
271831,SHRAVASTI,UTTAR_PRADESH,North
271840,SHRAVASTI,UTTAR_PRADESH,North
271803,SHRAVASTI,UTTAR_PRADESH,North
271835,SHRAVASTI,UTTAR_PRADESH,North
271845,SHRAVASTI,UTTAR_PRADESH,North
271804,SHRAVASTI,UTTAR_PRADESH,North
271805,SHRAVASTI,UTTAR_PRADESH,North
285001,JALAUN,UTTAR_PRADESH,North
285205,JALAUN,UTTAR_PRADESH,North
285125,JALAUN,UTTAR_PRADESH,North
285126,JALAUN,UTTAR_PRADESH,North
285223,JALAUN,UTTAR_PRADESH,North
285130,JALAUN,UTTAR_PRADESH,North
285201,JALAUN,UTTAR_PRADESH,North
285202,JALAUN,UTTAR_PRADESH,North
285121,JALAUN,UTTAR_PRADESH,North
285203,JALAUN,UTTAR_PRADESH,North
285122,JALAUN,UTTAR_PRADESH,North
285124,JALAUN,UTTAR_PRADESH,North
285123,JALAUN,UTTAR_PRADESH,North
285204,JALAUN,UTTAR_PRADESH,North
285128,JALAUN,UTTAR_PRADESH,North
285129,JALAUN,UTTAR_PRADESH,North
285206,JALAUN,UTTAR_PRADESH,North
285127,JALAUN,UTTAR_PRADESH,North
274405,DEORIA,UTTAR_PRADESH,North
274204,DEORIA,UTTAR_PRADESH,North
274509,DEORIA,UTTAR_PRADESH,North
274808,DEORIA,UTTAR_PRADESH,North
274807,DEORIA,UTTAR_PRADESH,North
274806,DEORIA,UTTAR_PRADESH,North
274201,DEORIA,UTTAR_PRADESH,North
274601,DEORIA,UTTAR_PRADESH,North
274602,DEORIA,UTTAR_PRADESH,North
274701,DEORIA,UTTAR_PRADESH,North
274702,DEORIA,UTTAR_PRADESH,North
274603,DEORIA,UTTAR_PRADESH,North
274202,DEORIA,UTTAR_PRADESH,North
274501,DEORIA,UTTAR_PRADESH,North
274505,DEORIA,UTTAR_PRADESH,North
274502,DEORIA,UTTAR_PRADESH,North
274205,DEORIA,UTTAR_PRADESH,North
274506,DEORIA,UTTAR_PRADESH,North
274703,DEORIA,UTTAR_PRADESH,North
274404,DEORIA,UTTAR_PRADESH,North
274508,DEORIA,UTTAR_PRADESH,North
274704,DEORIA,UTTAR_PRADESH,North
274182,DEORIA,UTTAR_PRADESH,North
274705,DEORIA,UTTAR_PRADESH,North
274604,DEORIA,UTTAR_PRADESH,North
274208,DEORIA,UTTAR_PRADESH,North
274408,DEORIA,UTTAR_PRADESH,North
274206,DEORIA,UTTAR_PRADESH,North
274001,DEORIA,UTTAR_PRADESH,North
261501,KHERI,UTTAR_PRADESH,North
262901,KHERI,UTTAR_PRADESH,North
262903,KHERI,UTTAR_PRADESH,North
262725,KHERI,UTTAR_PRADESH,North
262902,KHERI,UTTAR_PRADESH,North
262907,KHERI,UTTAR_PRADESH,North
262805,KHERI,UTTAR_PRADESH,North
262906,KHERI,UTTAR_PRADESH,North
262726,KHERI,UTTAR_PRADESH,North
262905,KHERI,UTTAR_PRADESH,North
262908,KHERI,UTTAR_PRADESH,North
262722,KHERI,UTTAR_PRADESH,North
262801,KHERI,UTTAR_PRADESH,North
262728,KHERI,UTTAR_PRADESH,North
262701,KHERI,UTTAR_PRADESH,North
262723,KHERI,UTTAR_PRADESH,North
262802,KHERI,UTTAR_PRADESH,North
261502,KHERI,UTTAR_PRADESH,North
262724,KHERI,UTTAR_PRADESH,North
262702,KHERI,UTTAR_PRADESH,North
262721,KHERI,UTTAR_PRADESH,North
261506,KHERI,UTTAR_PRADESH,North
261505,KHERI,UTTAR_PRADESH,North
262803,KHERI,UTTAR_PRADESH,North
262727,KHERI,UTTAR_PRADESH,North
262804,KHERI,UTTAR_PRADESH,North
243601,BUDAUN,UTTAR_PRADESH,North
243631,BUDAUN,UTTAR_PRADESH,North
243632,BUDAUN,UTTAR_PRADESH,North
243633,BUDAUN,UTTAR_PRADESH,North
243720,BUDAUN,UTTAR_PRADESH,North
243635,BUDAUN,UTTAR_PRADESH,North
243634,BUDAUN,UTTAR_PRADESH,North
243723,BUDAUN,UTTAR_PRADESH,North
243636,BUDAUN,UTTAR_PRADESH,North
243724,BUDAUN,UTTAR_PRADESH,North
243638,BUDAUN,UTTAR_PRADESH,North
243637,BUDAUN,UTTAR_PRADESH,North
243725,BUDAUN,UTTAR_PRADESH,North
243630,BUDAUN,UTTAR_PRADESH,North
243639,BUDAUN,UTTAR_PRADESH,North
243726,BUDAUN,UTTAR_PRADESH,North
243641,BUDAUN,UTTAR_PRADESH,North
243751,SAMBHAL,UTTAR_PRADESH,North
243722,SAMBHAL,UTTAR_PRADESH,North
243727,SAMBHAL,UTTAR_PRADESH,North
242021,SAMBHAL,UTTAR_PRADESH,North
244414,SAMBHAL,UTTAR_PRADESH,North
244302,SAMBHAL,UTTAR_PRADESH,North
244301,SAMBHAL,UTTAR_PRADESH,North
244303,SAMBHAL,UTTAR_PRADESH,North
244412,SAMBHAL,UTTAR_PRADESH,North
244304,SAMBHAL,UTTAR_PRADESH,North
244410,SAMBHAL,UTTAR_PRADESH,North
210341,HAMIRPUR,UTTAR_PRADESH,North
210505,HAMIRPUR,UTTAR_PRADESH,North
210428,HAMIRPUR,UTTAR_PRADESH,North
210506,HAMIRPUR,UTTAR_PRADESH,North
210422,HAMIRPUR,UTTAR_PRADESH,North
210507,HAMIRPUR,UTTAR_PRADESH,North
210431,HAMIRPUR,UTTAR_PRADESH,North
210432,HAMIRPUR,UTTAR_PRADESH,North
210301,HAMIRPUR,UTTAR_PRADESH,North
210502,HAMIRPUR,UTTAR_PRADESH,North
210430,HAMIRPUR,UTTAR_PRADESH,North
210501,HAMIRPUR,UTTAR_PRADESH,North
210423,MAHOBA,UTTAR_PRADESH,North
210424,MAHOBA,UTTAR_PRADESH,North
210504,MAHOBA,UTTAR_PRADESH,North
210425,MAHOBA,UTTAR_PRADESH,North
210427,MAHOBA,UTTAR_PRADESH,North
210429,MAHOBA,UTTAR_PRADESH,North
210426,MAHOBA,UTTAR_PRADESH,North
210433,MAHOBA,UTTAR_PRADESH,North
210421,MAHOBA,UTTAR_PRADESH,North
203201,GAUTAM BUDDHA NAGAR,UTTAR_PRADESH,North
203202,GAUTAM BUDDHA NAGAR,UTTAR_PRADESH,North
203141,GAUTAM BUDDHA NAGAR,UTTAR_PRADESH,North
203135,GAUTAM BUDDHA NAGAR,UTTAR_PRADESH,North
203203,GAUTAM BUDDHA NAGAR,UTTAR_PRADESH,North
203155,GAUTAM BUDDHA NAGAR,UTTAR_PRADESH,North
203209,GAUTAM BUDDHA NAGAR,UTTAR_PRADESH,North
201314,GAUTAM BUDDHA NAGAR,UTTAR_PRADESH,North
201312,GAUTAM BUDDHA NAGAR,UTTAR_PRADESH,North
201305,GAUTAM BUDDHA NAGAR,UTTAR_PRADESH,North
203207,GAUTAM BUDDHA NAGAR,UTTAR_PRADESH,North
201311,GAUTAM BUDDHA NAGAR,UTTAR_PRADESH,North
201310,GAUTAM BUDDHA NAGAR,UTTAR_PRADESH,North
201304,GAUTAM BUDDHA NAGAR,UTTAR_PRADESH,North
201307,GAUTAM BUDDHA NAGAR,UTTAR_PRADESH,North
201008,GAUTAM BUDDHA NAGAR,UTTAR_PRADESH,North
201306,GAUTAM BUDDHA NAGAR,UTTAR_PRADESH,North
201309,GAUTAM BUDDHA NAGAR,UTTAR_PRADESH,North
201301,GAUTAM BUDDHA NAGAR,UTTAR_PRADESH,North
201303,GAUTAM BUDDHA NAGAR,UTTAR_PRADESH,North
201302,GAUTAM BUDDHA NAGAR,UTTAR_PRADESH,North
201316,GAUTAM BUDDHA NAGAR,UTTAR_PRADESH,North
201315,GAUTAM BUDDHA NAGAR,UTTAR_PRADESH,North
201313,GAUTAM BUDDHA NAGAR,UTTAR_PRADESH,North
201318,GAUTAM BUDDHA NAGAR,UTTAR_PRADESH,North
201317,GAUTAM BUDDHA NAGAR,UTTAR_PRADESH,North
271201,BALRAMPUR,UTTAR_PRADESH,North
271208,BALRAMPUR,UTTAR_PRADESH,North
271604,BALRAMPUR,UTTAR_PRADESH,North
271210,BALRAMPUR,UTTAR_PRADESH,North
271203,BALRAMPUR,UTTAR_PRADESH,North
271205,BALRAMPUR,UTTAR_PRADESH,North
271607,BALRAMPUR,UTTAR_PRADESH,North
271609,BALRAMPUR,UTTAR_PRADESH,North
271206,BALRAMPUR,UTTAR_PRADESH,North
271861,BALRAMPUR,UTTAR_PRADESH,North
271215,BALRAMPUR,UTTAR_PRADESH,North
271207,BALRAMPUR,UTTAR_PRADESH,North
271306,BALRAMPUR,UTTAR_PRADESH,North
271307,BALRAMPUR,UTTAR_PRADESH,North
228171,SULTANPUR,UTTAR_PRADESH,North
228161,SULTANPUR,UTTAR_PRADESH,North
227812,SULTANPUR,UTTAR_PRADESH,North
228172,SULTANPUR,UTTAR_PRADESH,North
227815,SULTANPUR,UTTAR_PRADESH,North
227808,SULTANPUR,UTTAR_PRADESH,North
228159,SULTANPUR,UTTAR_PRADESH,North
228141,SULTANPUR,UTTAR_PRADESH,North
222301,SULTANPUR,UTTAR_PRADESH,North
228151,SULTANPUR,UTTAR_PRADESH,North
228155,SULTANPUR,UTTAR_PRADESH,North
222302,SULTANPUR,UTTAR_PRADESH,North
222303,SULTANPUR,UTTAR_PRADESH,North
228142,SULTANPUR,UTTAR_PRADESH,North
228119,SULTANPUR,UTTAR_PRADESH,North
228145,SULTANPUR,UTTAR_PRADESH,North
228118,SULTANPUR,UTTAR_PRADESH,North
228001,SULTANPUR,UTTAR_PRADESH,North
227805,SULTANPUR,UTTAR_PRADESH,North
228121,SULTANPUR,UTTAR_PRADESH,North
227814,SULTANPUR,UTTAR_PRADESH,North
227806,SULTANPUR,UTTAR_PRADESH,North
228133,SULTANPUR,UTTAR_PRADESH,North
227304,SULTANPUR,UTTAR_PRADESH,North
228132,SULTANPUR,UTTAR_PRADESH,North
228131,SULTANPUR,UTTAR_PRADESH,North
228125,SULTANPUR,UTTAR_PRADESH,North
228120,SULTANPUR,UTTAR_PRADESH,North
209307,KANPUR DEHAT,UTTAR_PRADESH,North
209101,KANPUR DEHAT,UTTAR_PRADESH,North
209112,KANPUR DEHAT,UTTAR_PRADESH,North
209208,KANPUR DEHAT,UTTAR_PRADESH,North
209311,KANPUR DEHAT,UTTAR_PRADESH,North
209302,KANPUR DEHAT,UTTAR_PRADESH,North
209310,KANPUR DEHAT,UTTAR_PRADESH,North
209111,KANPUR DEHAT,UTTAR_PRADESH,North
209115,KANPUR DEHAT,UTTAR_PRADESH,North
209306,KANPUR DEHAT,UTTAR_PRADESH,North
209303,KANPUR DEHAT,UTTAR_PRADESH,North
209121,KANPUR DEHAT,UTTAR_PRADESH,North
209125,KANPUR DEHAT,UTTAR_PRADESH,North
209204,KANPUR DEHAT,UTTAR_PRADESH,North
209312,KANPUR DEHAT,UTTAR_PRADESH,North
209301,KANPUR DEHAT,UTTAR_PRADESH,North
246726,BIJNOR,UTTAR_PRADESH,North
246728,BIJNOR,UTTAR_PRADESH,North
246731,BIJNOR,UTTAR_PRADESH,North
246729,BIJNOR,UTTAR_PRADESH,North
246725,BIJNOR,UTTAR_PRADESH,North
246701,BIJNOR,UTTAR_PRADESH,North
246736,BIJNOR,UTTAR_PRADESH,North
246764,BIJNOR,UTTAR_PRADESH,North
246721,BIJNOR,UTTAR_PRADESH,North
246732,BIJNOR,UTTAR_PRADESH,North
246763,BIJNOR,UTTAR_PRADESH,North
246749,BIJNOR,UTTAR_PRADESH,North
246761,BIJNOR,UTTAR_PRADESH,North
246722,BIJNOR,UTTAR_PRADESH,North
246727,BIJNOR,UTTAR_PRADESH,North
246762,BIJNOR,UTTAR_PRADESH,North
246733,BIJNOR,UTTAR_PRADESH,North
246734,BIJNOR,UTTAR_PRADESH,North
246745,BIJNOR,UTTAR_PRADESH,North
246747,BIJNOR,UTTAR_PRADESH,North
246735,BIJNOR,UTTAR_PRADESH,North
246746,BIJNOR,UTTAR_PRADESH,North
246723,BIJNOR,UTTAR_PRADESH,North
246724,BIJNOR,UTTAR_PRADESH,North
246737,BIJNOR,UTTAR_PRADESH,North
244901,RAMPUR,UTTAR_PRADESH,North
244921,RAMPUR,UTTAR_PRADESH,North
244923,RAMPUR,UTTAR_PRADESH,North
244701,RAMPUR,UTTAR_PRADESH,North
244927,RAMPUR,UTTAR_PRADESH,North
244922,RAMPUR,UTTAR_PRADESH,North
244924,RAMPUR,UTTAR_PRADESH,North
244925,RAMPUR,UTTAR_PRADESH,North
244926,RAMPUR,UTTAR_PRADESH,North
244928,RAMPUR,UTTAR_PRADESH,North
229001,RAE BARELI,UTTAR_PRADESH,North
229212,RAE BARELI,UTTAR_PRADESH,North
229211,RAE BARELI,UTTAR_PRADESH,North
229301,RAE BARELI,UTTAR_PRADESH,North
229310,RAE BARELI,UTTAR_PRADESH,North
229406,RAE BARELI,UTTAR_PRADESH,North
229103,RAE BARELI,UTTAR_PRADESH,North
229401,RAE BARELI,UTTAR_PRADESH,North
229402,RAE BARELI,UTTAR_PRADESH,North
229305,RAE BARELI,UTTAR_PRADESH,North
229124,RAE BARELI,UTTAR_PRADESH,North
229306,RAE BARELI,UTTAR_PRADESH,North
229128,RAE BARELI,UTTAR_PRADESH,North
229404,RAE BARELI,UTTAR_PRADESH,North
229215,RAE BARELI,UTTAR_PRADESH,North
229308,RAE BARELI,UTTAR_PRADESH,North
229303,RAE BARELI,UTTAR_PRADESH,North
229123,RAE BARELI,UTTAR_PRADESH,North
229010,RAE BARELI,UTTAR_PRADESH,North
229216,RAE BARELI,UTTAR_PRADESH,North
229307,RAE BARELI,UTTAR_PRADESH,North
229130,RAE BARELI,UTTAR_PRADESH,North
229405,RAE BARELI,UTTAR_PRADESH,North
229202,RAE BARELI,UTTAR_PRADESH,North
229203,RAE BARELI,UTTAR_PRADESH,North
229204,RAE BARELI,UTTAR_PRADESH,North
229122,RAE BARELI,UTTAR_PRADESH,North
229125,RAE BARELI,UTTAR_PRADESH,North
229205,RAE BARELI,UTTAR_PRADESH,North
229210,RAE BARELI,UTTAR_PRADESH,North
229207,RAE BARELI,UTTAR_PRADESH,North
229209,RAE BARELI,UTTAR_PRADESH,North
229208,RAE BARELI,UTTAR_PRADESH,North
229316,RAE BARELI,UTTAR_PRADESH,North
229127,RAE BARELI,UTTAR_PRADESH,North
229311,RAE BARELI,UTTAR_PRADESH,North
229206,RAE BARELI,UTTAR_PRADESH,North
229129,RAE BARELI,UTTAR_PRADESH,North
229121,RAE BARELI,UTTAR_PRADESH,North
229201,RAE BARELI,UTTAR_PRADESH,North
229120,RAE BARELI,UTTAR_PRADESH,North
206122,AURAIYA,UTTAR_PRADESH,North
206241,AURAIYA,UTTAR_PRADESH,North
206252,AURAIYA,UTTAR_PRADESH,North
206121,AURAIYA,UTTAR_PRADESH,North
206251,AURAIYA,UTTAR_PRADESH,North
206243,AURAIYA,UTTAR_PRADESH,North
206244,AURAIYA,UTTAR_PRADESH,North
206246,AURAIYA,UTTAR_PRADESH,North
206249,AURAIYA,UTTAR_PRADESH,North
206248,AURAIYA,UTTAR_PRADESH,North
206255,AURAIYA,UTTAR_PRADESH,North
206129,AURAIYA,UTTAR_PRADESH,North
206247,AURAIYA,UTTAR_PRADESH,North
206250,AURAIYA,UTTAR_PRADESH,North
205001,MAINPURI,UTTAR_PRADESH,North
205121,MAINPURI,UTTAR_PRADESH,North
205268,MAINPURI,UTTAR_PRADESH,North
205247,MAINPURI,UTTAR_PRADESH,North
205261,MAINPURI,UTTAR_PRADESH,North
205301,MAINPURI,UTTAR_PRADESH,North
205262,MAINPURI,UTTAR_PRADESH,North
205263,MAINPURI,UTTAR_PRADESH,North
205264,MAINPURI,UTTAR_PRADESH,North
205303,MAINPURI,UTTAR_PRADESH,North
205265,MAINPURI,UTTAR_PRADESH,North
205304,MAINPURI,UTTAR_PRADESH,North
205267,MAINPURI,UTTAR_PRADESH,North
205119,MAINPURI,UTTAR_PRADESH,North
241001,HARDOI,UTTAR_PRADESH,North
241121,HARDOI,UTTAR_PRADESH,North
241122,HARDOI,UTTAR_PRADESH,North
241401,HARDOI,UTTAR_PRADESH,North
241201,HARDOI,UTTAR_PRADESH,North
241125,HARDOI,UTTAR_PRADESH,North
241304,HARDOI,UTTAR_PRADESH,North
241202,HARDOI,UTTAR_PRADESH,North
241301,HARDOI,UTTAR_PRADESH,North
241203,HARDOI,UTTAR_PRADESH,North
241305,HARDOI,UTTAR_PRADESH,North
241404,HARDOI,UTTAR_PRADESH,North
241405,HARDOI,UTTAR_PRADESH,North
241402,HARDOI,UTTAR_PRADESH,North
241302,HARDOI,UTTAR_PRADESH,North
241303,HARDOI,UTTAR_PRADESH,North
241123,HARDOI,UTTAR_PRADESH,North
241406,HARDOI,UTTAR_PRADESH,North
241407,HARDOI,UTTAR_PRADESH,North
241204,HARDOI,UTTAR_PRADESH,North
241124,HARDOI,UTTAR_PRADESH,North
241126,HARDOI,UTTAR_PRADESH,North
241403,HARDOI,UTTAR_PRADESH,North
241127,HARDOI,UTTAR_PRADESH,North
210125,BANDA,UTTAR_PRADESH,North
210120,BANDA,UTTAR_PRADESH,North
210129,BANDA,UTTAR_PRADESH,North
210001,BANDA,UTTAR_PRADESH,North
210201,BANDA,UTTAR_PRADESH,North
210121,BANDA,UTTAR_PRADESH,North
210202,BANDA,UTTAR_PRADESH,North
210203,BANDA,UTTAR_PRADESH,North
210123,BANDA,UTTAR_PRADESH,North
210128,BANDA,UTTAR_PRADESH,North
210126,BANDA,UTTAR_PRADESH,North
210122,BANDA,UTTAR_PRADESH,North
225001,BARABANKI,UTTAR_PRADESH,North
225401,BARABANKI,UTTAR_PRADESH,North
225416,BARABANKI,UTTAR_PRADESH,North
225201,BARABANKI,UTTAR_PRADESH,North
225202,BARABANKI,UTTAR_PRADESH,North
225403,BARABANKI,UTTAR_PRADESH,North
225404,BARABANKI,UTTAR_PRADESH,North
225301,BARABANKI,UTTAR_PRADESH,North
225003,BARABANKI,UTTAR_PRADESH,North
225124,BARABANKI,UTTAR_PRADESH,North
225121,BARABANKI,UTTAR_PRADESH,North
225405,BARABANKI,UTTAR_PRADESH,North
225203,BARABANKI,UTTAR_PRADESH,North
225119,BARABANKI,UTTAR_PRADESH,North
225302,BARABANKI,UTTAR_PRADESH,North
225204,BARABANKI,UTTAR_PRADESH,North
225409,BARABANKI,UTTAR_PRADESH,North
225206,BARABANKI,UTTAR_PRADESH,North
225412,BARABANKI,UTTAR_PRADESH,North
225122,BARABANKI,UTTAR_PRADESH,North
225306,BARABANKI,UTTAR_PRADESH,North
225125,BARABANKI,UTTAR_PRADESH,North
225304,BARABANKI,UTTAR_PRADESH,North
225305,BARABANKI,UTTAR_PRADESH,North
225415,BARABANKI,UTTAR_PRADESH,North
225126,BARABANKI,UTTAR_PRADESH,North
225120,BARABANKI,UTTAR_PRADESH,North
225303,BARABANKI,UTTAR_PRADESH,North
225205,BARABANKI,UTTAR_PRADESH,North
225413,BARABANKI,UTTAR_PRADESH,North
225207,BARABANKI,UTTAR_PRADESH,North
225208,BARABANKI,UTTAR_PRADESH,North
225414,BARABANKI,UTTAR_PRADESH,North
225123,BARABANKI,UTTAR_PRADESH,North
225002,BARABANKI,UTTAR_PRADESH,North
229135,AMETHI,UTTAR_PRADESH,North
229302,AMETHI,UTTAR_PRADESH,North
229304,AMETHI,UTTAR_PRADESH,North
229801,AMETHI,UTTAR_PRADESH,North
227816,AMETHI,UTTAR_PRADESH,North
227411,AMETHI,UTTAR_PRADESH,North
227811,AMETHI,UTTAR_PRADESH,North
227413,AMETHI,UTTAR_PRADESH,North
227801,AMETHI,UTTAR_PRADESH,North
227409,AMETHI,UTTAR_PRADESH,North
227412,AMETHI,UTTAR_PRADESH,North
227809,AMETHI,UTTAR_PRADESH,North
227813,AMETHI,UTTAR_PRADESH,North
227807,AMETHI,UTTAR_PRADESH,North
227405,AMETHI,UTTAR_PRADESH,North
227407,AMETHI,UTTAR_PRADESH,North
227408,AMETHI,UTTAR_PRADESH,North
227406,AMETHI,UTTAR_PRADESH,North
229126,AMETHI,UTTAR_PRADESH,North
229802,AMETHI,UTTAR_PRADESH,North
229309,AMETHI,UTTAR_PRADESH,North
227817,AMETHI,UTTAR_PRADESH,North
209870,UNNAO,UTTAR_PRADESH,North
209871,UNNAO,UTTAR_PRADESH,North
209860,UNNAO,UTTAR_PRADESH,North
209801,UNNAO,UTTAR_PRADESH,North
209831,UNNAO,UTTAR_PRADESH,North
209868,UNNAO,UTTAR_PRADESH,North
209863,UNNAO,UTTAR_PRADESH,North
209864,UNNAO,UTTAR_PRADESH,North
209865,UNNAO,UTTAR_PRADESH,North
209866,UNNAO,UTTAR_PRADESH,North
209827,UNNAO,UTTAR_PRADESH,North
209869,UNNAO,UTTAR_PRADESH,North
209862,UNNAO,UTTAR_PRADESH,North
209825,UNNAO,UTTAR_PRADESH,North
209821,UNNAO,UTTAR_PRADESH,North
209881,UNNAO,UTTAR_PRADESH,North
209859,UNNAO,UTTAR_PRADESH,North
209867,UNNAO,UTTAR_PRADESH,North
209841,UNNAO,UTTAR_PRADESH,North
209861,UNNAO,UTTAR_PRADESH,North
210205,CHITRAKOOT,UTTAR_PRADESH,North
210208,CHITRAKOOT,UTTAR_PRADESH,North
210209,CHITRAKOOT,UTTAR_PRADESH,North
210204,CHITRAKOOT,UTTAR_PRADESH,North
210206,CHITRAKOOT,UTTAR_PRADESH,North
210207,CHITRAKOOT,UTTAR_PRADESH,North
251305,SHAMLI,UTTAR_PRADESH,North
247771,SHAMLI,UTTAR_PRADESH,North
247776,SHAMLI,UTTAR_PRADESH,North
247777,SHAMLI,UTTAR_PRADESH,North
247778,SHAMLI,UTTAR_PRADESH,North
247774,SHAMLI,UTTAR_PRADESH,North
247773,SHAMLI,UTTAR_PRADESH,North
247775,SHAMLI,UTTAR_PRADESH,North
274306,KUSHI NAGAR,UTTAR_PRADESH,North
274802,KUSHI NAGAR,UTTAR_PRADESH,North
274305,KUSHI NAGAR,UTTAR_PRADESH,North
274207,KUSHI NAGAR,UTTAR_PRADESH,North
274407,KUSHI NAGAR,UTTAR_PRADESH,North
274409,KUSHI NAGAR,UTTAR_PRADESH,North
274406,KUSHI NAGAR,UTTAR_PRADESH,North
274309,KUSHI NAGAR,UTTAR_PRADESH,North
274308,KUSHI NAGAR,UTTAR_PRADESH,North
274307,KUSHI NAGAR,UTTAR_PRADESH,North
274149,KUSHI NAGAR,UTTAR_PRADESH,North
274301,KUSHI NAGAR,UTTAR_PRADESH,North
274302,KUSHI NAGAR,UTTAR_PRADESH,North
274401,KUSHI NAGAR,UTTAR_PRADESH,North
274203,KUSHI NAGAR,UTTAR_PRADESH,North
274402,KUSHI NAGAR,UTTAR_PRADESH,North
274303,KUSHI NAGAR,UTTAR_PRADESH,North
274801,KUSHI NAGAR,UTTAR_PRADESH,North
274304,KUSHI NAGAR,UTTAR_PRADESH,North
900056,KUSHI NAGAR,UTTAR_PRADESH,North
274403,KUSHI NAGAR,UTTAR_PRADESH,North
271603,GONDA,UTTAR_PRADESH,North
271602,GONDA,UTTAR_PRADESH,North
271202,GONDA,UTTAR_PRADESH,North
271209,GONDA,UTTAR_PRADESH,North
271204,GONDA,UTTAR_PRADESH,North
271312,GONDA,UTTAR_PRADESH,North
271503,GONDA,UTTAR_PRADESH,North
271122,GONDA,UTTAR_PRADESH,North
271123,GONDA,UTTAR_PRADESH,North
271302,GONDA,UTTAR_PRADESH,North
271305,GONDA,UTTAR_PRADESH,North
271301,GONDA,UTTAR_PRADESH,North
271126,GONDA,UTTAR_PRADESH,North
271313,GONDA,UTTAR_PRADESH,North
271125,GONDA,UTTAR_PRADESH,North
271310,GONDA,UTTAR_PRADESH,North
271311,GONDA,UTTAR_PRADESH,North
271002,GONDA,UTTAR_PRADESH,North
271402,GONDA,UTTAR_PRADESH,North
271401,GONDA,UTTAR_PRADESH,North
271601,GONDA,UTTAR_PRADESH,North
271003,GONDA,UTTAR_PRADESH,North
271129,GONDA,UTTAR_PRADESH,North
271502,GONDA,UTTAR_PRADESH,North
271309,GONDA,UTTAR_PRADESH,North
271303,GONDA,UTTAR_PRADESH,North
271504,GONDA,UTTAR_PRADESH,North
271319,GONDA,UTTAR_PRADESH,North
271403,GONDA,UTTAR_PRADESH,North
271124,GONDA,UTTAR_PRADESH,North
271001,GONDA,UTTAR_PRADESH,North
271308,GONDA,UTTAR_PRADESH,North
271304,GONDA,UTTAR_PRADESH,North
261302,SITAPUR,UTTAR_PRADESH,North
261131,SITAPUR,UTTAR_PRADESH,North
261145,SITAPUR,UTTAR_PRADESH,North
261401,SITAPUR,UTTAR_PRADESH,North
261402,SITAPUR,UTTAR_PRADESH,North
261404,SITAPUR,UTTAR_PRADESH,North
261151,SITAPUR,UTTAR_PRADESH,North
261204,SITAPUR,UTTAR_PRADESH,North
261205,SITAPUR,UTTAR_PRADESH,North
261206,SITAPUR,UTTAR_PRADESH,North
261303,SITAPUR,UTTAR_PRADESH,North
261135,SITAPUR,UTTAR_PRADESH,North
261405,SITAPUR,UTTAR_PRADESH,North
261203,SITAPUR,UTTAR_PRADESH,North
261141,SITAPUR,UTTAR_PRADESH,North
261403,SITAPUR,UTTAR_PRADESH,North
261301,SITAPUR,UTTAR_PRADESH,North
261201,SITAPUR,UTTAR_PRADESH,North
261121,SITAPUR,UTTAR_PRADESH,North
261125,SITAPUR,UTTAR_PRADESH,North
261202,SITAPUR,UTTAR_PRADESH,North
261001,SITAPUR,UTTAR_PRADESH,North
261136,SITAPUR,UTTAR_PRADESH,North
261208,SITAPUR,UTTAR_PRADESH,North
261207,SITAPUR,UTTAR_PRADESH,North
221301,BHADOHI,UTTAR_PRADESH,North
221401,BHADOHI,UTTAR_PRADESH,North
221304,BHADOHI,UTTAR_PRADESH,North
221306,BHADOHI,UTTAR_PRADESH,North
221309,BHADOHI,UTTAR_PRADESH,North
221314,BHADOHI,UTTAR_PRADESH,North
221402,BHADOHI,UTTAR_PRADESH,North
221404,BHADOHI,UTTAR_PRADESH,North
221303,BHADOHI,UTTAR_PRADESH,North
221310,BHADOHI,UTTAR_PRADESH,North
221406,BHADOHI,UTTAR_PRADESH,North
221409,BHADOHI,UTTAR_PRADESH,North
221308,BHADOHI,UTTAR_PRADESH,North
741123,NADIA,WEST_BENGAL,East
741122,NADIA,WEST_BENGAL,East
741161,NADIA,WEST_BENGAL,East
741404,NADIA,WEST_BENGAL,East
741223,NADIA,WEST_BENGAL,East
741248,NADIA,WEST_BENGAL,East
741249,NADIA,WEST_BENGAL,East
741255,NADIA,WEST_BENGAL,East
741501,NADIA,WEST_BENGAL,East
741121,NADIA,WEST_BENGAL,East
741502,NADIA,WEST_BENGAL,East
741503,NADIA,WEST_BENGAL,East
741509,NADIA,WEST_BENGAL,East
741151,NADIA,WEST_BENGAL,East
741402,NADIA,WEST_BENGAL,East
741238,NADIA,WEST_BENGAL,East
741505,NADIA,WEST_BENGAL,East
741506,NADIA,WEST_BENGAL,East
741507,NADIA,WEST_BENGAL,East
741202,NADIA,WEST_BENGAL,East
741201,NADIA,WEST_BENGAL,East
741251,NADIA,WEST_BENGAL,East
741253,NADIA,WEST_BENGAL,East
741256,NADIA,WEST_BENGAL,East
741127,NADIA,WEST_BENGAL,East
741508,NADIA,WEST_BENGAL,East
741124,NADIA,WEST_BENGAL,East
741163,NADIA,WEST_BENGAL,East
741103,NADIA,WEST_BENGAL,East
741152,NADIA,WEST_BENGAL,East
741101,NADIA,WEST_BENGAL,East
741167,NADIA,WEST_BENGAL,East
741164,NADIA,WEST_BENGAL,East
741317,NADIA,WEST_BENGAL,East
741165,NADIA,WEST_BENGAL,East
741102,NADIA,WEST_BENGAL,East
741125,NADIA,WEST_BENGAL,East
741126,NADIA,WEST_BENGAL,East
741140,NADIA,WEST_BENGAL,East
741162,NADIA,WEST_BENGAL,East
741302,NADIA,WEST_BENGAL,East
741181,NADIA,WEST_BENGAL,East
741155,NADIA,WEST_BENGAL,East
741156,NADIA,WEST_BENGAL,East
741316,NADIA,WEST_BENGAL,East
741315,NADIA,WEST_BENGAL,East
741222,NADIA,WEST_BENGAL,East
741245,NADIA,WEST_BENGAL,East
741257,NADIA,WEST_BENGAL,East
741158,NADIA,WEST_BENGAL,East
741160,NADIA,WEST_BENGAL,East
741301,NADIA,WEST_BENGAL,East
741137,NADIA,WEST_BENGAL,East
741138,NADIA,WEST_BENGAL,East
741150,NADIA,WEST_BENGAL,East
741154,NADIA,WEST_BENGAL,East
741157,NADIA,WEST_BENGAL,East
741313,NADIA,WEST_BENGAL,East
741166,NADIA,WEST_BENGAL,East
741153,NADIA,WEST_BENGAL,East
741504,NADIA,WEST_BENGAL,East
741254,NADIA,WEST_BENGAL,East
741250,NADIA,WEST_BENGAL,East
741246,NADIA,WEST_BENGAL,East
741235,NADIA,WEST_BENGAL,East
741139,NADIA,WEST_BENGAL,East
741221,NADIA,WEST_BENGAL,East
741159,NADIA,WEST_BENGAL,East
741252,NADIA,WEST_BENGAL,East
741232,NADIA,WEST_BENGAL,East
741401,NADIA,WEST_BENGAL,East
741234,NADIA,WEST_BENGAL,East
741247,NADIA,WEST_BENGAL,East
721232,MEDINIPUR WEST,WEST_BENGAL,East
721149,MEDINIPUR WEST,WEST_BENGAL,East
721156,MEDINIPUR WEST,WEST_BENGAL,East
721260,MEDINIPUR WEST,WEST_BENGAL,East
721140,MEDINIPUR WEST,WEST_BENGAL,East
721160,MEDINIPUR WEST,WEST_BENGAL,East
721242,MEDINIPUR WEST,WEST_BENGAL,East
721144,MEDINIPUR WEST,WEST_BENGAL,East
721253,MEDINIPUR WEST,WEST_BENGAL,East
721146,MEDINIPUR WEST,WEST_BENGAL,East
721136,MEDINIPUR WEST,WEST_BENGAL,East
721166,MEDINIPUR WEST,WEST_BENGAL,East
721157,MEDINIPUR WEST,WEST_BENGAL,East
721131,MEDINIPUR WEST,WEST_BENGAL,East
721155,MEDINIPUR WEST,WEST_BENGAL,East
721150,MEDINIPUR WEST,WEST_BENGAL,East
721301,MEDINIPUR WEST,WEST_BENGAL,East
721222,MEDINIPUR WEST,WEST_BENGAL,East
721305,MEDINIPUR WEST,WEST_BENGAL,East
721133,MEDINIPUR WEST,WEST_BENGAL,East
721426,MEDINIPUR WEST,WEST_BENGAL,East
721467,MEDINIPUR WEST,WEST_BENGAL,East
721457,MEDINIPUR WEST,WEST_BENGAL,East
721443,MEDINIPUR WEST,WEST_BENGAL,East
721641,MEDINIPUR WEST,WEST_BENGAL,East
721102,MEDINIPUR WEST,WEST_BENGAL,East
721147,MEDINIPUR WEST,WEST_BENGAL,East
721445,MEDINIPUR WEST,WEST_BENGAL,East
721436,MEDINIPUR WEST,WEST_BENGAL,East
721437,MEDINIPUR WEST,WEST_BENGAL,East
721451,MEDINIPUR WEST,WEST_BENGAL,East
721148,MEDINIPUR WEST,WEST_BENGAL,East
721153,MEDINIPUR WEST,WEST_BENGAL,East
721304,MEDINIPUR WEST,WEST_BENGAL,East
721121,MEDINIPUR WEST,WEST_BENGAL,East
721145,MEDINIPUR WEST,WEST_BENGAL,East
721435,MEDINIPUR WEST,WEST_BENGAL,East
721127,MEDINIPUR WEST,WEST_BENGAL,East
721306,MEDINIPUR WEST,WEST_BENGAL,East
721101,MEDINIPUR WEST,WEST_BENGAL,East
721303,MEDINIPUR WEST,WEST_BENGAL,East
721124,MEDINIPUR WEST,WEST_BENGAL,East
721201,MEDINIPUR WEST,WEST_BENGAL,East
721122,MEDINIPUR WEST,WEST_BENGAL,East
721211,MEDINIPUR WEST,WEST_BENGAL,East
721126,MEDINIPUR WEST,WEST_BENGAL,East
721212,MEDINIPUR WEST,WEST_BENGAL,East
721161,MEDINIPUR WEST,WEST_BENGAL,East
721129,MEDINIPUR WEST,WEST_BENGAL,East
721128,MEDINIPUR WEST,WEST_BENGAL,East
721302,MEDINIPUR WEST,WEST_BENGAL,East
721132,MEDINIPUR WEST,WEST_BENGAL,East
721424,MEDINIPUR WEST,WEST_BENGAL,East
742163,MURSHIDABAD,WEST_BENGAL,East
742401,MURSHIDABAD,WEST_BENGAL,East
742201,MURSHIDABAD,WEST_BENGAL,East
742122,MURSHIDABAD,WEST_BENGAL,East
742235,MURSHIDABAD,WEST_BENGAL,East
742135,MURSHIDABAD,WEST_BENGAL,East
742202,MURSHIDABAD,WEST_BENGAL,East
742213,MURSHIDABAD,WEST_BENGAL,East
742123,MURSHIDABAD,WEST_BENGAL,East
742148,MURSHIDABAD,WEST_BENGAL,East
742184,MURSHIDABAD,WEST_BENGAL,East
742224,MURSHIDABAD,WEST_BENGAL,East
742226,MURSHIDABAD,WEST_BENGAL,East
742404,MURSHIDABAD,WEST_BENGAL,East
742212,MURSHIDABAD,WEST_BENGAL,East
742227,MURSHIDABAD,WEST_BENGAL,East
742223,MURSHIDABAD,WEST_BENGAL,East
742237,MURSHIDABAD,WEST_BENGAL,East
742113,MURSHIDABAD,WEST_BENGAL,East
742166,MURSHIDABAD,WEST_BENGAL,East
742304,MURSHIDABAD,WEST_BENGAL,East
742305,MURSHIDABAD,WEST_BENGAL,East
742187,MURSHIDABAD,WEST_BENGAL,East
742308,MURSHIDABAD,WEST_BENGAL,East
742175,MURSHIDABAD,WEST_BENGAL,East
742306,MURSHIDABAD,WEST_BENGAL,East
742174,MURSHIDABAD,WEST_BENGAL,East
742405,MURSHIDABAD,WEST_BENGAL,East
742151,MURSHIDABAD,WEST_BENGAL,East
742303,MURSHIDABAD,WEST_BENGAL,East
742149,MURSHIDABAD,WEST_BENGAL,East
742168,MURSHIDABAD,WEST_BENGAL,East
742138,MURSHIDABAD,WEST_BENGAL,East
742132,MURSHIDABAD,WEST_BENGAL,East
742301,MURSHIDABAD,WEST_BENGAL,East
742136,MURSHIDABAD,WEST_BENGAL,East
742140,MURSHIDABAD,WEST_BENGAL,East
742147,MURSHIDABAD,WEST_BENGAL,East
742159,MURSHIDABAD,WEST_BENGAL,East
742161,MURSHIDABAD,WEST_BENGAL,East
742103,MURSHIDABAD,WEST_BENGAL,East
742121,MURSHIDABAD,WEST_BENGAL,East
742189,MURSHIDABAD,WEST_BENGAL,East
742165,MURSHIDABAD,WEST_BENGAL,East
742406,MURSHIDABAD,WEST_BENGAL,East
742133,MURSHIDABAD,WEST_BENGAL,East
742134,MURSHIDABAD,WEST_BENGAL,East
742102,MURSHIDABAD,WEST_BENGAL,East
742104,MURSHIDABAD,WEST_BENGAL,East
742302,MURSHIDABAD,WEST_BENGAL,East
742407,MURSHIDABAD,WEST_BENGAL,East
742137,MURSHIDABAD,WEST_BENGAL,East
742402,MURSHIDABAD,WEST_BENGAL,East
742409,MURSHIDABAD,WEST_BENGAL,East
742408,MURSHIDABAD,WEST_BENGAL,East
742410,MURSHIDABAD,WEST_BENGAL,East
742225,MURSHIDABAD,WEST_BENGAL,East
742236,MURSHIDABAD,WEST_BENGAL,East
742238,MURSHIDABAD,WEST_BENGAL,East
742101,MURSHIDABAD,WEST_BENGAL,East
742160,MURSHIDABAD,WEST_BENGAL,East
742164,MURSHIDABAD,WEST_BENGAL,East
713152,PURBA BARDHAMAN,WEST_BENGAL,East
713125,PURBA BARDHAMAN,WEST_BENGAL,East
713520,PURBA BARDHAMAN,WEST_BENGAL,East
713126,PURBA BARDHAMAN,WEST_BENGAL,East
713127,PURBA BARDHAMAN,WEST_BENGAL,East
713406,PURBA BARDHAMAN,WEST_BENGAL,East
713128,PURBA BARDHAMAN,WEST_BENGAL,East
713407,PURBA BARDHAMAN,WEST_BENGAL,East
713408,PURBA BARDHAMAN,WEST_BENGAL,East
713141,PURBA BARDHAMAN,WEST_BENGAL,East
713428,PURBA BARDHAMAN,WEST_BENGAL,East
713401,PURBA BARDHAMAN,WEST_BENGAL,East
713121,PURBA BARDHAMAN,WEST_BENGAL,East
713122,PURBA BARDHAMAN,WEST_BENGAL,East
713124,PURBA BARDHAMAN,WEST_BENGAL,East
713153,PURBA BARDHAMAN,WEST_BENGAL,East
713403,PURBA BARDHAMAN,WEST_BENGAL,East
713104,PURBA BARDHAMAN,WEST_BENGAL,East
713404,PURBA BARDHAMAN,WEST_BENGAL,East
713131,PURBA BARDHAMAN,WEST_BENGAL,East
713146,PURBA BARDHAMAN,WEST_BENGAL,East
713166,PURBA BARDHAMAN,WEST_BENGAL,East
713102,PURBA BARDHAMAN,WEST_BENGAL,East
713142,PURBA BARDHAMAN,WEST_BENGAL,East
713426,PURBA BARDHAMAN,WEST_BENGAL,East
713144,PURBA BARDHAMAN,WEST_BENGAL,East
713145,PURBA BARDHAMAN,WEST_BENGAL,East
713420,PURBA BARDHAMAN,WEST_BENGAL,East
713421,PURBA BARDHAMAN,WEST_BENGAL,East
713151,PURBA BARDHAMAN,WEST_BENGAL,East
713149,PURBA BARDHAMAN,WEST_BENGAL,East
713422,PURBA BARDHAMAN,WEST_BENGAL,East
713423,PURBA BARDHAMAN,WEST_BENGAL,East
713427,PURBA BARDHAMAN,WEST_BENGAL,East
713424,PURBA BARDHAMAN,WEST_BENGAL,East
713123,PURBA BARDHAMAN,WEST_BENGAL,East
713502,PURBA BARDHAMAN,WEST_BENGAL,East
713405,PURBA BARDHAMAN,WEST_BENGAL,East
713103,PURBA BARDHAMAN,WEST_BENGAL,East
713409,PURBA BARDHAMAN,WEST_BENGAL,East
713129,PURBA BARDHAMAN,WEST_BENGAL,East
713130,PURBA BARDHAMAN,WEST_BENGAL,East
713101,PURBA BARDHAMAN,WEST_BENGAL,East
713154,PURBA BARDHAMAN,WEST_BENGAL,East
713140,PURBA BARDHAMAN,WEST_BENGAL,East
713132,PURBA BARDHAMAN,WEST_BENGAL,East
713143,PURBA BARDHAMAN,WEST_BENGAL,East
713147,PURBA BARDHAMAN,WEST_BENGAL,East
713512,PURBA BARDHAMAN,WEST_BENGAL,East
713513,PURBA BARDHAMAN,WEST_BENGAL,East
713519,PURBA BARDHAMAN,WEST_BENGAL,East
713514,PURBA BARDHAMAN,WEST_BENGAL,East
713150,PURBA BARDHAMAN,WEST_BENGAL,East
713515,PURBA BARDHAMAN,WEST_BENGAL,East
741319,PURBA BARDHAMAN,WEST_BENGAL,East
722152,BANKURA,WEST_BENGAL,East
722153,BANKURA,WEST_BENGAL,East
722122,BANKURA,WEST_BENGAL,East
722157,BANKURA,WEST_BENGAL,East
722132,BANKURA,WEST_BENGAL,East
722162,BANKURA,WEST_BENGAL,East
722133,BANKURA,WEST_BENGAL,East
722134,BANKURA,WEST_BENGAL,East
722135,BANKURA,WEST_BENGAL,East
722205,BANKURA,WEST_BENGAL,East
722136,BANKURA,WEST_BENGAL,East
722154,BANKURA,WEST_BENGAL,East
722151,BANKURA,WEST_BENGAL,East
722207,BANKURA,WEST_BENGAL,East
722140,BANKURA,WEST_BENGAL,East
722121,BANKURA,WEST_BENGAL,East
722144,BANKURA,WEST_BENGAL,East
722206,BANKURA,WEST_BENGAL,East
722146,BANKURA,WEST_BENGAL,East
722148,BANKURA,WEST_BENGAL,East
722149,BANKURA,WEST_BENGAL,East
722158,BANKURA,WEST_BENGAL,East
722150,BANKURA,WEST_BENGAL,East
722164,BANKURA,WEST_BENGAL,East
722202,BANKURA,WEST_BENGAL,East
722203,BANKURA,WEST_BENGAL,East
722201,BANKURA,WEST_BENGAL,East
722147,BANKURA,WEST_BENGAL,East
722161,BANKURA,WEST_BENGAL,East
722137,BANKURA,WEST_BENGAL,East
722173,BANKURA,WEST_BENGAL,East
722138,BANKURA,WEST_BENGAL,East
722141,BANKURA,WEST_BENGAL,East
722142,BANKURA,WEST_BENGAL,East
722102,BANKURA,WEST_BENGAL,East
722139,BANKURA,WEST_BENGAL,East
722155,BANKURA,WEST_BENGAL,East
722160,BANKURA,WEST_BENGAL,East
722143,BANKURA,WEST_BENGAL,East
722208,BANKURA,WEST_BENGAL,East
722156,BANKURA,WEST_BENGAL,East
722101,BANKURA,WEST_BENGAL,East
722183,BANKURA,WEST_BENGAL,East
722204,BANKURA,WEST_BENGAL,East
731124,BIRBHUM,WEST_BENGAL,East
731214,BIRBHUM,WEST_BENGAL,East
731126,BIRBHUM,WEST_BENGAL,East
731125,BIRBHUM,WEST_BENGAL,East
731215,BIRBHUM,WEST_BENGAL,East
731302,BIRBHUM,WEST_BENGAL,East
731303,BIRBHUM,WEST_BENGAL,East
731243,BIRBHUM,WEST_BENGAL,East
731221,BIRBHUM,WEST_BENGAL,East
731223,BIRBHUM,WEST_BENGAL,East
731222,BIRBHUM,WEST_BENGAL,East
731121,BIRBHUM,WEST_BENGAL,East
731201,BIRBHUM,WEST_BENGAL,East
731240,BIRBHUM,WEST_BENGAL,East
731103,BIRBHUM,WEST_BENGAL,East
731204,BIRBHUM,WEST_BENGAL,East
731123,BIRBHUM,WEST_BENGAL,East
731102,BIRBHUM,WEST_BENGAL,East
731104,BIRBHUM,WEST_BENGAL,East
731301,BIRBHUM,WEST_BENGAL,East
731218,BIRBHUM,WEST_BENGAL,East
731127,BIRBHUM,WEST_BENGAL,East
731130,BIRBHUM,WEST_BENGAL,East
731234,BIRBHUM,WEST_BENGAL,East
731236,BIRBHUM,WEST_BENGAL,East
731304,BIRBHUM,WEST_BENGAL,East
731132,BIRBHUM,WEST_BENGAL,East
731133,BIRBHUM,WEST_BENGAL,East
731129,BIRBHUM,WEST_BENGAL,East
731235,BIRBHUM,WEST_BENGAL,East
731202,BIRBHUM,WEST_BENGAL,East
731233,BIRBHUM,WEST_BENGAL,East
731241,BIRBHUM,WEST_BENGAL,East
731238,BIRBHUM,WEST_BENGAL,East
731245,BIRBHUM,WEST_BENGAL,East
731242,BIRBHUM,WEST_BENGAL,East
731237,BIRBHUM,WEST_BENGAL,East
731216,BIRBHUM,WEST_BENGAL,East
731219,BIRBHUM,WEST_BENGAL,East
731220,BIRBHUM,WEST_BENGAL,East
731244,BIRBHUM,WEST_BENGAL,East
731224,BIRBHUM,WEST_BENGAL,East
731101,BIRBHUM,WEST_BENGAL,East
736146,COOCHBEHAR,SILIGURI_GRP,East
736169,COOCHBEHAR,SILIGURI_GRP,East
736156,COOCHBEHAR,SILIGURI_GRP,East
736145,COOCHBEHAR,SILIGURI_GRP,East
736172,COOCHBEHAR,SILIGURI_GRP,East
736179,COOCHBEHAR,SILIGURI_GRP,East
735304,COOCHBEHAR,SILIGURI_GRP,East
735122,COOCHBEHAR,SILIGURI_GRP,East
736171,COOCHBEHAR,SILIGURI_GRP,East
736170,COOCHBEHAR,SILIGURI_GRP,East
735303,COOCHBEHAR,SILIGURI_GRP,East
736131,COOCHBEHAR,SILIGURI_GRP,East
736168,COOCHBEHAR,SILIGURI_GRP,East
736133,COOCHBEHAR,SILIGURI_GRP,East
736134,COOCHBEHAR,SILIGURI_GRP,East
736135,COOCHBEHAR,SILIGURI_GRP,East
735301,COOCHBEHAR,SILIGURI_GRP,East
736157,COOCHBEHAR,SILIGURI_GRP,East
736165,COOCHBEHAR,SILIGURI_GRP,East
736167,COOCHBEHAR,SILIGURI_GRP,East
736158,COOCHBEHAR,SILIGURI_GRP,East
736160,COOCHBEHAR,SILIGURI_GRP,East
736159,COOCHBEHAR,SILIGURI_GRP,East
736101,COOCHBEHAR,SILIGURI_GRP,East
736176,COOCHBEHAR,SILIGURI_GRP,East
735214,ALIPURDUAR,WEST_BENGAL,East
736201,ALIPURDUAR,WEST_BENGAL,East
735217,ALIPURDUAR,WEST_BENGAL,East
736202,ALIPURDUAR,WEST_BENGAL,East
736204,ALIPURDUAR,WEST_BENGAL,East
736182,ALIPURDUAR,WEST_BENGAL,East
735215,ALIPURDUAR,WEST_BENGAL,East
736203,ALIPURDUAR,WEST_BENGAL,East
735216,ALIPURDUAR,WEST_BENGAL,East
735220,ALIPURDUAR,WEST_BENGAL,East
735228,ALIPURDUAR,WEST_BENGAL,East
735213,ALIPURDUAR,WEST_BENGAL,East
736122,ALIPURDUAR,WEST_BENGAL,East
736123,ALIPURDUAR,WEST_BENGAL,East
736121,ALIPURDUAR,WEST_BENGAL,East
735204,ALIPURDUAR,WEST_BENGAL,East
736207,ALIPURDUAR,WEST_BENGAL,East
735211,ALIPURDUAR,WEST_BENGAL,East
735227,ALIPURDUAR,WEST_BENGAL,East
736208,ALIPURDUAR,WEST_BENGAL,East
736206,ALIPURDUAR,WEST_BENGAL,East
736205,ALIPURDUAR,WEST_BENGAL,East
735208,ALIPURDUAR,WEST_BENGAL,East
735226,ALIPURDUAR,WEST_BENGAL,East
743318,24 PARAGANAS SOUTH,WEST_BENGAL,East
743503,24 PARAGANAS SOUTH,WEST_BENGAL,East
743329,24 PARAGANAS SOUTH,WEST_BENGAL,East
743330,24 PARAGANAS SOUTH,WEST_BENGAL,East
743372,24 PARAGANAS SOUTH,WEST_BENGAL,East
743399,24 PARAGANAS SOUTH,WEST_BENGAL,East
743504,24 PARAGANAS SOUTH,WEST_BENGAL,East
743513,24 PARAGANAS SOUTH,WEST_BENGAL,East
743336,24 PARAGANAS SOUTH,WEST_BENGAL,East
700137,24 PARAGANAS SOUTH,WEST_BENGAL,East
743378,24 PARAGANAS SOUTH,WEST_BENGAL,East
700154,24 PARAGANAS SOUTH,WEST_BENGAL,East
743370,24 PARAGANAS SOUTH,WEST_BENGAL,East
743337,24 PARAGANAS SOUTH,WEST_BENGAL,East
743349,24 PARAGANAS SOUTH,WEST_BENGAL,East
743610,24 PARAGANAS SOUTH,WEST_BENGAL,East
700141,24 PARAGANAS SOUTH,WEST_BENGAL,East
700145,24 PARAGANAS SOUTH,WEST_BENGAL,East
743354,24 PARAGANAS SOUTH,WEST_BENGAL,East
743338,24 PARAGANAS SOUTH,WEST_BENGAL,East
700152,24 PARAGANAS SOUTH,WEST_BENGAL,East
743611,24 PARAGANAS SOUTH,WEST_BENGAL,East
743387,24 PARAGANAS SOUTH,WEST_BENGAL,East
743383,24 PARAGANAS SOUTH,WEST_BENGAL,East
700150,24 PARAGANAS SOUTH,WEST_BENGAL,East
743395,24 PARAGANAS SOUTH,WEST_BENGAL,East
743376,24 PARAGANAS SOUTH,WEST_BENGAL,East
743502,24 PARAGANAS SOUTH,WEST_BENGAL,East
700103,24 PARAGANAS SOUTH,WEST_BENGAL,East
700138,24 PARAGANAS SOUTH,WEST_BENGAL,East
743377,24 PARAGANAS SOUTH,WEST_BENGAL,East
743363,24 PARAGANAS SOUTH,WEST_BENGAL,East
743312,24 PARAGANAS SOUTH,WEST_BENGAL,East
700140,24 PARAGANAS SOUTH,WEST_BENGAL,East
700151,24 PARAGANAS SOUTH,WEST_BENGAL,East
700104,24 PARAGANAS SOUTH,WEST_BENGAL,East
700139,24 PARAGANAS SOUTH,WEST_BENGAL,East
743609,24 PARAGANAS SOUTH,WEST_BENGAL,East
743332,24 PARAGANAS SOUTH,WEST_BENGAL,East
743347,24 PARAGANAS SOUTH,WEST_BENGAL,East
743348,24 PARAGANAS SOUTH,WEST_BENGAL,East
743351,24 PARAGANAS SOUTH,WEST_BENGAL,East
743355,24 PARAGANAS SOUTH,WEST_BENGAL,East
743356,24 PARAGANAS SOUTH,WEST_BENGAL,East
743357,24 PARAGANAS SOUTH,WEST_BENGAL,East
743374,24 PARAGANAS SOUTH,WEST_BENGAL,East
743371,24 PARAGANAS SOUTH,WEST_BENGAL,East
743373,24 PARAGANAS SOUTH,WEST_BENGAL,East
743368,24 PARAGANAS SOUTH,WEST_BENGAL,East
743613,24 PARAGANAS SOUTH,WEST_BENGAL,East
743345,24 PARAGANAS SOUTH,WEST_BENGAL,East
700149,24 PARAGANAS SOUTH,WEST_BENGAL,East
743375,24 PARAGANAS SOUTH,WEST_BENGAL,East
700144,24 PARAGANAS SOUTH,WEST_BENGAL,East
743331,24 PARAGANAS SOUTH,WEST_BENGAL,East
700147,24 PARAGANAS SOUTH,WEST_BENGAL,East
700148,24 PARAGANAS SOUTH,WEST_BENGAL,East
700084,24 PARAGANAS SOUTH,WEST_BENGAL,East
700146,24 PARAGANAS SOUTH,WEST_BENGAL,East
700142,24 PARAGANAS SOUTH,WEST_BENGAL,East
700153,24 PARAGANAS SOUTH,WEST_BENGAL,East
700093,24 PARAGANAS SOUTH,WEST_BENGAL,East
700143,24 PARAGANAS SOUTH,WEST_BENGAL,East
700096,24 PARAGANAS SOUTH,WEST_BENGAL,East
721135,JHARGRAM,WEST_BENGAL,East
721143,JHARGRAM,WEST_BENGAL,East
721501,JHARGRAM,WEST_BENGAL,East
721503,JHARGRAM,WEST_BENGAL,East
721504,JHARGRAM,WEST_BENGAL,East
721505,JHARGRAM,WEST_BENGAL,East
721506,JHARGRAM,WEST_BENGAL,East
721516,JHARGRAM,WEST_BENGAL,East
721159,JHARGRAM,WEST_BENGAL,East
721125,JHARGRAM,WEST_BENGAL,East
721513,JHARGRAM,WEST_BENGAL,East
721514,JHARGRAM,WEST_BENGAL,East
721515,JHARGRAM,WEST_BENGAL,East
721517,JHARGRAM,WEST_BENGAL,East
721507,JHARGRAM,WEST_BENGAL,East
743145,24 PARAGANAS NORTH,WEST_BENGAL,East
743126,24 PARAGANAS NORTH,WEST_BENGAL,East
743127,24 PARAGANAS NORTH,WEST_BENGAL,East
700110,24 PARAGANAS NORTH,WEST_BENGAL,East
700083,24 PARAGANAS NORTH,WEST_BENGAL,East
700059,24 PARAGANAS NORTH,WEST_BENGAL,East
700156,24 PARAGANAS NORTH,WEST_BENGAL,East
743165,24 PARAGANAS NORTH,WEST_BENGAL,East
700121,24 PARAGANAS NORTH,WEST_BENGAL,East
700157,24 PARAGANAS NORTH,WEST_BENGAL,East
743221,24 PARAGANAS NORTH,WEST_BENGAL,East
743232,24 PARAGANAS NORTH,WEST_BENGAL,East
743235,24 PARAGANAS NORTH,WEST_BENGAL,East
743233,24 PARAGANAS NORTH,WEST_BENGAL,East
743234,24 PARAGANAS NORTH,WEST_BENGAL,East
743245,24 PARAGANAS NORTH,WEST_BENGAL,East
743247,24 PARAGANAS NORTH,WEST_BENGAL,East
743424,24 PARAGANAS NORTH,WEST_BENGAL,East
743423,24 PARAGANAS NORTH,WEST_BENGAL,East
743249,24 PARAGANAS NORTH,WEST_BENGAL,East
743251,24 PARAGANAS NORTH,WEST_BENGAL,East
743222,24 PARAGANAS NORTH,WEST_BENGAL,East
700128,24 PARAGANAS NORTH,WEST_BENGAL,East
743702,24 PARAGANAS NORTH,WEST_BENGAL,East
743294,24 PARAGANAS NORTH,WEST_BENGAL,East
700113,24 PARAGANAS NORTH,WEST_BENGAL,East
700119,24 PARAGANAS NORTH,WEST_BENGAL,East
743135,24 PARAGANAS NORTH,WEST_BENGAL,East
700112,24 PARAGANAS NORTH,WEST_BENGAL,East
700159,24 PARAGANAS NORTH,WEST_BENGAL,East
743248,24 PARAGANAS NORTH,WEST_BENGAL,East
700132,24 PARAGANAS NORTH,WEST_BENGAL,East
743286,24 PARAGANAS NORTH,WEST_BENGAL,East
700051,24 PARAGANAS NORTH,WEST_BENGAL,East
700163,24 PARAGANAS NORTH,WEST_BENGAL,East
700135,24 PARAGANAS NORTH,WEST_BENGAL,East
743252,24 PARAGANAS NORTH,WEST_BENGAL,East
743262,24 PARAGANAS NORTH,WEST_BENGAL,East
743263,24 PARAGANAS NORTH,WEST_BENGAL,East
743270,24 PARAGANAS NORTH,WEST_BENGAL,East
743273,24 PARAGANAS NORTH,WEST_BENGAL,East
743438,24 PARAGANAS NORTH,WEST_BENGAL,East
743289,24 PARAGANAS NORTH,WEST_BENGAL,East
743290,24 PARAGANAS NORTH,WEST_BENGAL,East
700131,24 PARAGANAS NORTH,WEST_BENGAL,East
700125,24 PARAGANAS NORTH,WEST_BENGAL,East
743701,24 PARAGANAS NORTH,WEST_BENGAL,East
743405,24 PARAGANAS NORTH,WEST_BENGAL,East
743711,24 PARAGANAS NORTH,WEST_BENGAL,East
743287,24 PARAGANAS NORTH,WEST_BENGAL,East
743425,24 PARAGANAS NORTH,WEST_BENGAL,East
743401,24 PARAGANAS NORTH,WEST_BENGAL,East
700035,24 PARAGANAS NORTH,WEST_BENGAL,East
700108,24 PARAGANAS NORTH,WEST_BENGAL,East
700028,24 PARAGANAS NORTH,WEST_BENGAL,East
700052,24 PARAGANAS NORTH,WEST_BENGAL,East
700036,24 PARAGANAS NORTH,WEST_BENGAL,East
743710,24 PARAGANAS NORTH,WEST_BENGAL,East
700129,24 PARAGANAS NORTH,WEST_BENGAL,East
700091,24 PARAGANAS NORTH,WEST_BENGAL,East
700048,24 PARAGANAS NORTH,WEST_BENGAL,East
700160,24 PARAGANAS NORTH,WEST_BENGAL,East
700161,24 PARAGANAS NORTH,WEST_BENGAL,East
700077,24 PARAGANAS NORTH,WEST_BENGAL,East
700065,24 PARAGANAS NORTH,WEST_BENGAL,East
700080,24 PARAGANAS NORTH,WEST_BENGAL,East
700090,24 PARAGANAS NORTH,WEST_BENGAL,East
743297,24 PARAGANAS NORTH,WEST_BENGAL,East
743456,24 PARAGANAS NORTH,WEST_BENGAL,East
743291,24 PARAGANAS NORTH,WEST_BENGAL,East
743437,24 PARAGANAS NORTH,WEST_BENGAL,East
743412,24 PARAGANAS NORTH,WEST_BENGAL,East
743422,24 PARAGANAS NORTH,WEST_BENGAL,East
743445,24 PARAGANAS NORTH,WEST_BENGAL,East
743426,24 PARAGANAS NORTH,WEST_BENGAL,East
743439,24 PARAGANAS NORTH,WEST_BENGAL,East
743435,24 PARAGANAS NORTH,WEST_BENGAL,East
743292,24 PARAGANAS NORTH,WEST_BENGAL,East
743427,24 PARAGANAS NORTH,WEST_BENGAL,East
743442,24 PARAGANAS NORTH,WEST_BENGAL,East
743446,24 PARAGANAS NORTH,WEST_BENGAL,East
743704,24 PARAGANAS NORTH,WEST_BENGAL,East
743272,24 PARAGANAS NORTH,WEST_BENGAL,East
700126,24 PARAGANAS NORTH,WEST_BENGAL,East
743411,24 PARAGANAS NORTH,WEST_BENGAL,East
743293,24 PARAGANAS NORTH,WEST_BENGAL,East
743428,24 PARAGANAS NORTH,WEST_BENGAL,East
743271,24 PARAGANAS NORTH,WEST_BENGAL,East
700130,24 PARAGANAS NORTH,WEST_BENGAL,East
743429,24 PARAGANAS NORTH,WEST_BENGAL,East
700136,24 PARAGANAS NORTH,WEST_BENGAL,East
743166,24 PARAGANAS NORTH,WEST_BENGAL,East
743223,24 PARAGANAS NORTH,WEST_BENGAL,East
700127,24 PARAGANAS NORTH,WEST_BENGAL,East
700124,24 PARAGANAS NORTH,WEST_BENGAL,East
700055,24 PARAGANAS NORTH,WEST_BENGAL,East
700102,24 PARAGANAS NORTH,WEST_BENGAL,East
700101,24 PARAGANAS NORTH,WEST_BENGAL,East
700097,24 PARAGANAS NORTH,WEST_BENGAL,East
700162,24 PARAGANAS NORTH,WEST_BENGAL,East
700030,24 PARAGANAS NORTH,WEST_BENGAL,East
700074,24 PARAGANAS NORTH,WEST_BENGAL,East
700111,24 PARAGANAS NORTH,WEST_BENGAL,East
743268,24 PARAGANAS NORTH,WEST_BENGAL,East
700133,24 PARAGANAS NORTH,WEST_BENGAL,East
700089,24 PARAGANAS NORTH,WEST_BENGAL,East
700064,24 PARAGANAS NORTH,WEST_BENGAL,East
700106,24 PARAGANAS NORTH,WEST_BENGAL,East
700056,24 PARAGANAS NORTH,WEST_BENGAL,East
700120,24 PARAGANAS NORTH,WEST_BENGAL,East
700155,24 PARAGANAS NORTH,WEST_BENGAL,East
700057,24 PARAGANAS NORTH,WEST_BENGAL,East
700114,24 PARAGANAS NORTH,WEST_BENGAL,East
700081,24 PARAGANAS NORTH,WEST_BENGAL,East
700115,24 PARAGANAS NORTH,WEST_BENGAL,East
700117,24 PARAGANAS NORTH,WEST_BENGAL,East
743144,24 PARAGANAS NORTH,WEST_BENGAL,East
743128,24 PARAGANAS NORTH,WEST_BENGAL,East
743123,24 PARAGANAS NORTH,WEST_BENGAL,East
743133,24 PARAGANAS NORTH,WEST_BENGAL,East
743125,24 PARAGANAS NORTH,WEST_BENGAL,East
700122,24 PARAGANAS NORTH,WEST_BENGAL,East
700123,24 PARAGANAS NORTH,WEST_BENGAL,East
700076,24 PARAGANAS NORTH,WEST_BENGAL,East
700079,24 PARAGANAS NORTH,WEST_BENGAL,East
700058,24 PARAGANAS NORTH,WEST_BENGAL,East
700049,24 PARAGANAS NORTH,WEST_BENGAL,East
700118,24 PARAGANAS NORTH,WEST_BENGAL,East
743134,24 PARAGANAS NORTH,WEST_BENGAL,East
743136,24 PARAGANAS NORTH,WEST_BENGAL,East
743122,24 PARAGANAS NORTH,WEST_BENGAL,East
743124,24 PARAGANAS NORTH,WEST_BENGAL,East
743194,24 PARAGANAS NORTH,WEST_BENGAL,East
700109,24 PARAGANAS NORTH,WEST_BENGAL,East
700116,24 PARAGANAS NORTH,WEST_BENGAL,East
700158,24 PARAGANAS NORTH,WEST_BENGAL,East
700134,24 PARAGANAS NORTH,WEST_BENGAL,East
743130,24 PARAGANAS NORTH,WEST_BENGAL,East
743129,24 PARAGANAS NORTH,WEST_BENGAL,East
743193,24 PARAGANAS NORTH,WEST_BENGAL,East
713148,PASCHIM BARDHAMAN,WEST_BENGAL,East
713324,PASCHIM BARDHAMAN,WEST_BENGAL,East
713325,PASCHIM BARDHAMAN,WEST_BENGAL,East
713334,PASCHIM BARDHAMAN,WEST_BENGAL,East
713335,PASCHIM BARDHAMAN,WEST_BENGAL,East
713336,PASCHIM BARDHAMAN,WEST_BENGAL,East
713371,PASCHIM BARDHAMAN,WEST_BENGAL,East
713359,PASCHIM BARDHAMAN,WEST_BENGAL,East
713373,PASCHIM BARDHAMAN,WEST_BENGAL,East
713212,PASCHIM BARDHAMAN,WEST_BENGAL,East
713211,PASCHIM BARDHAMAN,WEST_BENGAL,East
713205,PASCHIM BARDHAMAN,WEST_BENGAL,East
713204,PASCHIM BARDHAMAN,WEST_BENGAL,East
713321,PASCHIM BARDHAMAN,WEST_BENGAL,East
713333,PASCHIM BARDHAMAN,WEST_BENGAL,East
713339,PASCHIM BARDHAMAN,WEST_BENGAL,East
713341,PASCHIM BARDHAMAN,WEST_BENGAL,East
713315,PASCHIM BARDHAMAN,WEST_BENGAL,East
713203,PASCHIM BARDHAMAN,WEST_BENGAL,East
713330,PASCHIM BARDHAMAN,WEST_BENGAL,East
713360,PASCHIM BARDHAMAN,WEST_BENGAL,East
713332,PASCHIM BARDHAMAN,WEST_BENGAL,East
713343,PASCHIM BARDHAMAN,WEST_BENGAL,East
713206,PASCHIM BARDHAMAN,WEST_BENGAL,East
713378,PASCHIM BARDHAMAN,WEST_BENGAL,East
713385,PASCHIM BARDHAMAN,WEST_BENGAL,East
713381,PASCHIM BARDHAMAN,WEST_BENGAL,East
713346,PASCHIM BARDHAMAN,WEST_BENGAL,East
713362,PASCHIM BARDHAMAN,WEST_BENGAL,East
713363,PASCHIM BARDHAMAN,WEST_BENGAL,East
713323,PASCHIM BARDHAMAN,WEST_BENGAL,East
713358,PASCHIM BARDHAMAN,WEST_BENGAL,East
713322,PASCHIM BARDHAMAN,WEST_BENGAL,East
713337,PASCHIM BARDHAMAN,WEST_BENGAL,East
713338,PASCHIM BARDHAMAN,WEST_BENGAL,East
713201,PASCHIM BARDHAMAN,WEST_BENGAL,East
713347,PASCHIM BARDHAMAN,WEST_BENGAL,East
713301,PASCHIM BARDHAMAN,WEST_BENGAL,East
713331,PASCHIM BARDHAMAN,WEST_BENGAL,East
713326,PASCHIM BARDHAMAN,WEST_BENGAL,East
713302,PASCHIM BARDHAMAN,WEST_BENGAL,East
713304,PASCHIM BARDHAMAN,WEST_BENGAL,East
713365,PASCHIM BARDHAMAN,WEST_BENGAL,East
713340,PASCHIM BARDHAMAN,WEST_BENGAL,East
713344,PASCHIM BARDHAMAN,WEST_BENGAL,East
713386,PASCHIM BARDHAMAN,WEST_BENGAL,East
713303,PASCHIM BARDHAMAN,WEST_BENGAL,East
713369,PASCHIM BARDHAMAN,WEST_BENGAL,East
713372,PASCHIM BARDHAMAN,WEST_BENGAL,East
713357,PASCHIM BARDHAMAN,WEST_BENGAL,East
713361,PASCHIM BARDHAMAN,WEST_BENGAL,East
713213,PASCHIM BARDHAMAN,WEST_BENGAL,East
713305,PASCHIM BARDHAMAN,WEST_BENGAL,East
713216,PASCHIM BARDHAMAN,WEST_BENGAL,East
713370,PASCHIM BARDHAMAN,WEST_BENGAL,East
713214,PASCHIM BARDHAMAN,WEST_BENGAL,East
713215,PASCHIM BARDHAMAN,WEST_BENGAL,East
713342,PASCHIM BARDHAMAN,WEST_BENGAL,East
713210,PASCHIM BARDHAMAN,WEST_BENGAL,East
713209,PASCHIM BARDHAMAN,WEST_BENGAL,East
713208,PASCHIM BARDHAMAN,WEST_BENGAL,East
713376,PASCHIM BARDHAMAN,WEST_BENGAL,East
713202,PASCHIM BARDHAMAN,WEST_BENGAL,East
713207,PASCHIM BARDHAMAN,WEST_BENGAL,East
713217,PASCHIM BARDHAMAN,WEST_BENGAL,East
713384,PASCHIM BARDHAMAN,WEST_BENGAL,East
721632,MEDINIPUR EAST,WEST_BENGAL,East
721631,MEDINIPUR EAST,WEST_BENGAL,East
721633,MEDINIPUR EAST,WEST_BENGAL,East
721629,MEDINIPUR EAST,WEST_BENGAL,East
721452,MEDINIPUR EAST,WEST_BENGAL,East
721438,MEDINIPUR EAST,WEST_BENGAL,East
721447,MEDINIPUR EAST,WEST_BENGAL,East
721448,MEDINIPUR EAST,WEST_BENGAL,East
721439,MEDINIPUR EAST,WEST_BENGAL,East
721654,MEDINIPUR EAST,WEST_BENGAL,East
721628,MEDINIPUR EAST,WEST_BENGAL,East
721649,MEDINIPUR EAST,WEST_BENGAL,East
721440,MEDINIPUR EAST,WEST_BENGAL,East
721441,MEDINIPUR EAST,WEST_BENGAL,East
721446,MEDINIPUR EAST,WEST_BENGAL,East
721453,MEDINIPUR EAST,WEST_BENGAL,East
721427,MEDINIPUR EAST,WEST_BENGAL,East
721428,MEDINIPUR EAST,WEST_BENGAL,East
721429,MEDINIPUR EAST,WEST_BENGAL,East
721430,MEDINIPUR EAST,WEST_BENGAL,East
721642,MEDINIPUR EAST,WEST_BENGAL,East
721655,MEDINIPUR EAST,WEST_BENGAL,East
721134,MEDINIPUR EAST,WEST_BENGAL,East
721658,MEDINIPUR EAST,WEST_BENGAL,East
721652,MEDINIPUR EAST,WEST_BENGAL,East
721659,MEDINIPUR EAST,WEST_BENGAL,East
721458,MEDINIPUR EAST,WEST_BENGAL,East
721137,MEDINIPUR EAST,WEST_BENGAL,East
721431,MEDINIPUR EAST,WEST_BENGAL,East
721636,MEDINIPUR EAST,WEST_BENGAL,East
721601,MEDINIPUR EAST,WEST_BENGAL,East
721151,MEDINIPUR EAST,WEST_BENGAL,East
721648,MEDINIPUR EAST,WEST_BENGAL,East
721645,MEDINIPUR EAST,WEST_BENGAL,East
721653,MEDINIPUR EAST,WEST_BENGAL,East
721657,MEDINIPUR EAST,WEST_BENGAL,East
721603,MEDINIPUR EAST,WEST_BENGAL,East
721130,MEDINIPUR EAST,WEST_BENGAL,East
721625,MEDINIPUR EAST,WEST_BENGAL,East
721626,MEDINIPUR EAST,WEST_BENGAL,East
721158,MEDINIPUR EAST,WEST_BENGAL,East
721602,MEDINIPUR EAST,WEST_BENGAL,East
721627,MEDINIPUR EAST,WEST_BENGAL,East
721432,MEDINIPUR EAST,WEST_BENGAL,East
721401,MEDINIPUR EAST,WEST_BENGAL,East
721434,MEDINIPUR EAST,WEST_BENGAL,East
721449,MEDINIPUR EAST,WEST_BENGAL,East
721444,MEDINIPUR EAST,WEST_BENGAL,East
721643,MEDINIPUR EAST,WEST_BENGAL,East
721656,MEDINIPUR EAST,WEST_BENGAL,East
721607,MEDINIPUR EAST,WEST_BENGAL,East
721450,MEDINIPUR EAST,WEST_BENGAL,East
721433,MEDINIPUR EAST,WEST_BENGAL,East
721152,MEDINIPUR EAST,WEST_BENGAL,East
721139,MEDINIPUR EAST,WEST_BENGAL,East
721644,MEDINIPUR EAST,WEST_BENGAL,East
721634,MEDINIPUR EAST,WEST_BENGAL,East
721647,MEDINIPUR EAST,WEST_BENGAL,East
721650,MEDINIPUR EAST,WEST_BENGAL,East
721651,MEDINIPUR EAST,WEST_BENGAL,East
721635,MEDINIPUR EAST,WEST_BENGAL,East
721646,MEDINIPUR EAST,WEST_BENGAL,East
721154,MEDINIPUR EAST,WEST_BENGAL,East
721172,MEDINIPUR EAST,WEST_BENGAL,East
721637,MEDINIPUR EAST,WEST_BENGAL,East
721454,MEDINIPUR EAST,WEST_BENGAL,East
721456,MEDINIPUR EAST,WEST_BENGAL,East
721422,MEDINIPUR EAST,WEST_BENGAL,East
721423,MEDINIPUR EAST,WEST_BENGAL,East
721442,MEDINIPUR EAST,WEST_BENGAL,East
721425,MEDINIPUR EAST,WEST_BENGAL,East
721455,MEDINIPUR EAST,WEST_BENGAL,East
721463,MEDINIPUR EAST,WEST_BENGAL,East
721406,MEDINIPUR EAST,WEST_BENGAL,East
721405,MEDINIPUR EAST,WEST_BENGAL,East
721403,MEDINIPUR EAST,WEST_BENGAL,East
721402,MEDINIPUR EAST,WEST_BENGAL,East
721404,MEDINIPUR EAST,WEST_BENGAL,East
721420,MEDINIPUR EAST,WEST_BENGAL,East
721606,MEDINIPUR EAST,WEST_BENGAL,East
721604,MEDINIPUR EAST,WEST_BENGAL,East
721171,MEDINIPUR EAST,WEST_BENGAL,East
721624,MEDINIPUR EAST,WEST_BENGAL,East
711322,HOWRAH,WEST_BENGAL,East
711314,HOWRAH,WEST_BENGAL,East
711226,HOWRAH,WEST_BENGAL,East
711316,HOWRAH,WEST_BENGAL,East
711315,HOWRAH,WEST_BENGAL,East
711227,HOWRAH,WEST_BENGAL,East
711205,HOWRAH,WEST_BENGAL,East
711401,HOWRAH,WEST_BENGAL,East
711302,HOWRAH,WEST_BENGAL,East
711303,HOWRAH,WEST_BENGAL,East
711114,HOWRAH,WEST_BENGAL,East
711404,HOWRAH,WEST_BENGAL,East
711411,HOWRAH,WEST_BENGAL,East
711412,HOWRAH,WEST_BENGAL,East
711309,HOWRAH,WEST_BENGAL,East
711405,HOWRAH,WEST_BENGAL,East
711310,HOWRAH,WEST_BENGAL,East
711413,HOWRAH,WEST_BENGAL,East
711408,HOWRAH,WEST_BENGAL,East
711312,HOWRAH,WEST_BENGAL,East
711410,HOWRAH,WEST_BENGAL,East
711301,HOWRAH,WEST_BENGAL,East
711403,HOWRAH,WEST_BENGAL,East
711307,HOWRAH,WEST_BENGAL,East
711414,HOWRAH,WEST_BENGAL,East
711409,HOWRAH,WEST_BENGAL,East
711313,HOWRAH,WEST_BENGAL,East
711104,HOWRAH,WEST_BENGAL,East
711204,HOWRAH,WEST_BENGAL,East
711109,HOWRAH,WEST_BENGAL,East
711206,HOWRAH,WEST_BENGAL,East
711106,HOWRAH,WEST_BENGAL,East
711201,HOWRAH,WEST_BENGAL,East
711108,HOWRAH,WEST_BENGAL,East
711115,HOWRAH,WEST_BENGAL,East
711101,HOWRAH,WEST_BENGAL,East
711103,HOWRAH,WEST_BENGAL,East
711110,HOWRAH,WEST_BENGAL,East
711308,HOWRAH,WEST_BENGAL,East
711102,HOWRAH,WEST_BENGAL,East
711112,HOWRAH,WEST_BENGAL,East
711225,HOWRAH,WEST_BENGAL,East
711203,HOWRAH,WEST_BENGAL,East
711105,HOWRAH,WEST_BENGAL,East
711107,HOWRAH,WEST_BENGAL,East
711304,HOWRAH,WEST_BENGAL,East
711306,HOWRAH,WEST_BENGAL,East
711331,HOWRAH,WEST_BENGAL,East
711113,HOWRAH,WEST_BENGAL,East
711317,HOWRAH,WEST_BENGAL,East
711305,HOWRAH,WEST_BENGAL,East
711111,HOWRAH,WEST_BENGAL,East
711202,HOWRAH,WEST_BENGAL,East
733208,DINAJPUR UTTAR,WEST_BENGAL,East
733134,DINAJPUR UTTAR,WEST_BENGAL,East
733207,DINAJPUR UTTAR,WEST_BENGAL,East
733143,DINAJPUR UTTAR,WEST_BENGAL,East
733156,DINAJPUR UTTAR,WEST_BENGAL,East
733201,DINAJPUR UTTAR,WEST_BENGAL,East
733123,DINAJPUR UTTAR,WEST_BENGAL,East
733210,DINAJPUR UTTAR,WEST_BENGAL,East
733202,DINAJPUR UTTAR,WEST_BENGAL,East
733128,DINAJPUR UTTAR,WEST_BENGAL,East
733129,DINAJPUR UTTAR,WEST_BENGAL,East
733209,DINAJPUR UTTAR,WEST_BENGAL,East
733215,DINAJPUR UTTAR,WEST_BENGAL,East
733130,DINAJPUR UTTAR,WEST_BENGAL,East
733133,DINAJPUR DAKSHIN,WEST_BENGAL,East
733140,DINAJPUR DAKSHIN,WEST_BENGAL,East
733127,DINAJPUR DAKSHIN,WEST_BENGAL,East
733145,DINAJPUR DAKSHIN,WEST_BENGAL,East
733158,DINAJPUR DAKSHIN,WEST_BENGAL,East
733103,DINAJPUR DAKSHIN,WEST_BENGAL,East
733121,DINAJPUR DAKSHIN,WEST_BENGAL,East
733102,DINAJPUR DAKSHIN,WEST_BENGAL,East
733124,DINAJPUR DAKSHIN,WEST_BENGAL,East
733142,DINAJPUR DAKSHIN,WEST_BENGAL,East
733141,DINAJPUR DAKSHIN,WEST_BENGAL,East
733126,DINAJPUR DAKSHIN,WEST_BENGAL,East
733125,DINAJPUR DAKSHIN,WEST_BENGAL,East
733132,DINAJPUR DAKSHIN,WEST_BENGAL,East
733101,DINAJPUR DAKSHIN,WEST_BENGAL,East
732205,MALDAH,WEST_BENGAL,East
732139,MALDAH,WEST_BENGAL,East
732209,MALDAH,WEST_BENGAL,East
732206,MALDAH,WEST_BENGAL,East
732140,MALDAH,WEST_BENGAL,East
732216,MALDAH,WEST_BENGAL,East
732142,MALDAH,WEST_BENGAL,East
732202,MALDAH,WEST_BENGAL,East
732203,MALDAH,WEST_BENGAL,East
732207,MALDAH,WEST_BENGAL,East
732103,MALDAH,WEST_BENGAL,East
732141,MALDAH,WEST_BENGAL,East
732128,MALDAH,WEST_BENGAL,East
732138,MALDAH,WEST_BENGAL,East
732204,MALDAH,WEST_BENGAL,East
732210,MALDAH,WEST_BENGAL,East
732122,MALDAH,WEST_BENGAL,East
732123,MALDAH,WEST_BENGAL,East
732124,MALDAH,WEST_BENGAL,East
732125,MALDAH,WEST_BENGAL,East
732102,MALDAH,WEST_BENGAL,East
732201,MALDAH,WEST_BENGAL,East
732126,MALDAH,WEST_BENGAL,East
732127,MALDAH,WEST_BENGAL,East
732121,MALDAH,WEST_BENGAL,East
732208,MALDAH,WEST_BENGAL,East
732101,MALDAH,WEST_BENGAL,East
732144,MALDAH,WEST_BENGAL,East
732215,MALDAH,WEST_BENGAL,East
712122,HOOGHLY,WEST_BENGAL,East
712616,HOOGHLY,WEST_BENGAL,East
712615,HOOGHLY,WEST_BENGAL,East
712611,HOOGHLY,WEST_BENGAL,East
712602,HOOGHLY,WEST_BENGAL,East
712614,HOOGHLY,WEST_BENGAL,East
712613,HOOGHLY,WEST_BENGAL,East
712412,HOOGHLY,WEST_BENGAL,East
712612,HOOGHLY,WEST_BENGAL,East
712406,HOOGHLY,WEST_BENGAL,East
712413,HOOGHLY,WEST_BENGAL,East
712416,HOOGHLY,WEST_BENGAL,East
712417,HOOGHLY,WEST_BENGAL,East
712501,HOOGHLY,WEST_BENGAL,East
712414,HOOGHLY,WEST_BENGAL,East
712415,HOOGHLY,WEST_BENGAL,East
712617,HOOGHLY,WEST_BENGAL,East
712409,HOOGHLY,WEST_BENGAL,East
712410,HOOGHLY,WEST_BENGAL,East
712123,HOOGHLY,WEST_BENGAL,East
712706,HOOGHLY,WEST_BENGAL,East
712223,HOOGHLY,WEST_BENGAL,East
712408,HOOGHLY,WEST_BENGAL,East
712124,HOOGHLY,WEST_BENGAL,East
712401,HOOGHLY,WEST_BENGAL,East
712403,HOOGHLY,WEST_BENGAL,East
712102,HOOGHLY,WEST_BENGAL,East
712302,HOOGHLY,WEST_BENGAL,East
712512,HOOGHLY,WEST_BENGAL,East
712103,HOOGHLY,WEST_BENGAL,East
712147,HOOGHLY,WEST_BENGAL,East
712515,HOOGHLY,WEST_BENGAL,East
712148,HOOGHLY,WEST_BENGAL,East
712149,HOOGHLY,WEST_BENGAL,East
712305,HOOGHLY,WEST_BENGAL,East
712304,HOOGHLY,WEST_BENGAL,East
712404,HOOGHLY,WEST_BENGAL,East
712405,HOOGHLY,WEST_BENGAL,East
712202,HOOGHLY,WEST_BENGAL,East
712139,HOOGHLY,WEST_BENGAL,East
712701,HOOGHLY,WEST_BENGAL,East
712250,HOOGHLY,WEST_BENGAL,East
712407,HOOGHLY,WEST_BENGAL,East
712402,HOOGHLY,WEST_BENGAL,East
712303,HOOGHLY,WEST_BENGAL,East
712146,HOOGHLY,WEST_BENGAL,East
712308,HOOGHLY,WEST_BENGAL,East
712152,HOOGHLY,WEST_BENGAL,East
712310,HOOGHLY,WEST_BENGAL,East
712311,HOOGHLY,WEST_BENGAL,East
712138,HOOGHLY,WEST_BENGAL,East
712203,HOOGHLY,WEST_BENGAL,East
712249,HOOGHLY,WEST_BENGAL,East
712306,HOOGHLY,WEST_BENGAL,East
712702,HOOGHLY,WEST_BENGAL,East
712245,HOOGHLY,WEST_BENGAL,East
712246,HOOGHLY,WEST_BENGAL,East
712301,HOOGHLY,WEST_BENGAL,East
712134,HOOGHLY,WEST_BENGAL,East
712513,HOOGHLY,WEST_BENGAL,East
712502,HOOGHLY,WEST_BENGAL,East
712135,HOOGHLY,WEST_BENGAL,East
712105,HOOGHLY,WEST_BENGAL,East
712601,HOOGHLY,WEST_BENGAL,East
712101,HOOGHLY,WEST_BENGAL,East
712201,HOOGHLY,WEST_BENGAL,East
712234,HOOGHLY,WEST_BENGAL,East
712235,HOOGHLY,WEST_BENGAL,East
712125,HOOGHLY,WEST_BENGAL,East
712136,HOOGHLY,WEST_BENGAL,East
712248,HOOGHLY,WEST_BENGAL,East
712258,HOOGHLY,WEST_BENGAL,East
712222,HOOGHLY,WEST_BENGAL,East
712221,HOOGHLY,WEST_BENGAL,East
712204,HOOGHLY,WEST_BENGAL,East
712233,HOOGHLY,WEST_BENGAL,East
712232,HOOGHLY,WEST_BENGAL,East
712137,HOOGHLY,WEST_BENGAL,East
712104,HOOGHLY,WEST_BENGAL,East
712503,HOOGHLY,WEST_BENGAL,East
712121,HOOGHLY,WEST_BENGAL,East
712514,HOOGHLY,WEST_BENGAL,East
712504,HOOGHLY,WEST_BENGAL,East
735135,JALPAIGURI,SILIGURI_GRP,East
735224,JALPAIGURI,SILIGURI_GRP,East
735132,JALPAIGURI,SILIGURI_GRP,East
735133,JALPAIGURI,SILIGURI_GRP,East
735134,JALPAIGURI,SILIGURI_GRP,East
735202,JALPAIGURI,SILIGURI_GRP,East
735207,JALPAIGURI,SILIGURI_GRP,East
735102,JALPAIGURI,SILIGURI_GRP,East
735233,JALPAIGURI,SILIGURI_GRP,East
735205,JALPAIGURI,SILIGURI_GRP,East
735206,JALPAIGURI,SILIGURI_GRP,East
735218,JALPAIGURI,SILIGURI_GRP,East
735219,JALPAIGURI,SILIGURI_GRP,East
735223,JALPAIGURI,SILIGURI_GRP,East
735225,JALPAIGURI,SILIGURI_GRP,East
735230,JALPAIGURI,SILIGURI_GRP,East
735101,JALPAIGURI,SILIGURI_GRP,East
734501,JALPAIGURI,SILIGURI_GRP,East
735222,JALPAIGURI,SILIGURI_GRP,East
735221,JALPAIGURI,SILIGURI_GRP,East
735229,JALPAIGURI,SILIGURI_GRP,East
734007,JALPAIGURI,SILIGURI_GRP,East
734015,JALPAIGURI,SILIGURI_GRP,East
735305,JALPAIGURI,SILIGURI_GRP,East
735121,JALPAIGURI,SILIGURI_GRP,East
735210,JALPAIGURI,SILIGURI_GRP,East
735302,JALPAIGURI,SILIGURI_GRP,East
735212,JALPAIGURI,SILIGURI_GRP,East
734006,JALPAIGURI,SILIGURI_GRP,East
734004,JALPAIGURI,SILIGURI_GRP,East
735234,JALPAIGURI,SILIGURI_GRP,East
734001,JALPAIGURI,SILIGURI_GRP,East
735203,JALPAIGURI,SILIGURI_GRP,East
735232,JALPAIGURI,SILIGURI_GRP,East
735209,JALPAIGURI,SILIGURI_GRP,East
700105,KOLKATA,WEST_BENGAL,East
700073,KOLKATA,WEST_BENGAL,East
700001,KOLKATA,WEST_BENGAL,East
700050,KOLKATA,WEST_BENGAL,East
700054,KOLKATA,WEST_BENGAL,East
700015,KOLKATA,WEST_BENGAL,East
700014,KOLKATA,WEST_BENGAL,East
700039,KOLKATA,WEST_BENGAL,East
700007,KOLKATA,WEST_BENGAL,East
700062,KOLKATA,WEST_BENGAL,East
700002,KOLKATA,WEST_BENGAL,East
700037,KOLKATA,WEST_BENGAL,East
700017,KOLKATA,WEST_BENGAL,East
700010,KOLKATA,WEST_BENGAL,East
700085,KOLKATA,WEST_BENGAL,East
700011,KOLKATA,WEST_BENGAL,East
700100,KOLKATA,WEST_BENGAL,East
700009,KOLKATA,WEST_BENGAL,East
700004,KOLKATA,WEST_BENGAL,East
700012,KOLKATA,WEST_BENGAL,East
700033,KOLKATA,WEST_BENGAL,East
700046,KOLKATA,WEST_BENGAL,East
700016,KOLKATA,WEST_BENGAL,East
700069,KOLKATA,WEST_BENGAL,East
700071,KOLKATA,WEST_BENGAL,East
700021,KOLKATA,WEST_BENGAL,East
700072,KOLKATA,WEST_BENGAL,East
700086,KOLKATA,WEST_BENGAL,East
700025,KOLKATA,WEST_BENGAL,East
700042,KOLKATA,WEST_BENGAL,East
700107,KOLKATA,WEST_BENGAL,East
700019,KOLKATA,WEST_BENGAL,East
700082,KOLKATA,WEST_BENGAL,East
700020,KOLKATA,WEST_BENGAL,East
700031,KOLKATA,WEST_BENGAL,East
700026,KOLKATA,WEST_BENGAL,East
700047,KOLKATA,WEST_BENGAL,East
700040,KOLKATA,WEST_BENGAL,East
700094,KOLKATA,WEST_BENGAL,East
700078,KOLKATA,WEST_BENGAL,East
700022,KOLKATA,WEST_BENGAL,East
700032,KOLKATA,WEST_BENGAL,East
700045,KOLKATA,WEST_BENGAL,East
700092,KOLKATA,WEST_BENGAL,East
700061,KOLKATA,WEST_BENGAL,East
700013,KOLKATA,WEST_BENGAL,East
700095,KOLKATA,WEST_BENGAL,East
700099,KOLKATA,WEST_BENGAL,East
700075,KOLKATA,WEST_BENGAL,East
700027,KOLKATA,WEST_BENGAL,East
700068,KOLKATA,WEST_BENGAL,East
700041,KOLKATA,WEST_BENGAL,East
700087,KOLKATA,WEST_BENGAL,East
700003,KOLKATA,WEST_BENGAL,East
700044,KOLKATA,WEST_BENGAL,East
700024,KOLKATA,WEST_BENGAL,East
700063,KOLKATA,WEST_BENGAL,East
700053,KOLKATA,WEST_BENGAL,East
700018,KOLKATA,WEST_BENGAL,East
700008,KOLKATA,WEST_BENGAL,East
700034,KOLKATA,WEST_BENGAL,East
700066,KOLKATA,WEST_BENGAL,East
700029,KOLKATA,WEST_BENGAL,East
700005,KOLKATA,WEST_BENGAL,East
700006,KOLKATA,WEST_BENGAL,East
700067,KOLKATA,WEST_BENGAL,East
700060,KOLKATA,WEST_BENGAL,East
700038,KOLKATA,WEST_BENGAL,East
700023,KOLKATA,WEST_BENGAL,East
700043,KOLKATA,WEST_BENGAL,East
700088,KOLKATA,WEST_BENGAL,East
700070,KOLKATA,WEST_BENGAL,East
900099,KOLKATA,WEST_BENGAL,East
723121,PURULIA,WEST_BENGAL,East
723104,PURULIA,WEST_BENGAL,East
723126,PURULIA,WEST_BENGAL,East
723152,PURULIA,WEST_BENGAL,East
723143,PURULIA,WEST_BENGAL,East
723128,PURULIA,WEST_BENGAL,East
723130,PURULIA,WEST_BENGAL,East
723127,PURULIA,WEST_BENGAL,East
723129,PURULIA,WEST_BENGAL,East
723102,PURULIA,WEST_BENGAL,East
723201,PURULIA,WEST_BENGAL,East
723148,PURULIA,WEST_BENGAL,East
723215,PURULIA,WEST_BENGAL,East
723145,PURULIA,WEST_BENGAL,East
723147,PURULIA,WEST_BENGAL,East
723212,PURULIA,WEST_BENGAL,East
723153,PURULIA,WEST_BENGAL,East
723103,PURULIA,WEST_BENGAL,East
723202,PURULIA,WEST_BENGAL,East
723213,PURULIA,WEST_BENGAL,East
723131,PURULIA,WEST_BENGAL,East
723132,PURULIA,WEST_BENGAL,East
723151,PURULIA,WEST_BENGAL,East
723149,PURULIA,WEST_BENGAL,East
723156,PURULIA,WEST_BENGAL,East
723155,PURULIA,WEST_BENGAL,East
723133,PURULIA,WEST_BENGAL,East
723154,PURULIA,WEST_BENGAL,East
723146,PURULIA,WEST_BENGAL,East
723101,PURULIA,WEST_BENGAL,East
723142,PURULIA,WEST_BENGAL,East
735231,KALIMPONG,WEST_BENGAL,East
734503,KALIMPONG,WEST_BENGAL,East
734301,KALIMPONG,WEST_BENGAL,East
734315,KALIMPONG,WEST_BENGAL,East
734316,KALIMPONG,WEST_BENGAL,East
734311,KALIMPONG,WEST_BENGAL,East
734314,KALIMPONG,WEST_BENGAL,East
734201,DARJEELING,SILIGURI_GRP,East
734102,DARJEELING,SILIGURI_GRP,East
734203,DARJEELING,SILIGURI_GRP,East
734105,DARJEELING,SILIGURI_GRP,East
734215,DARJEELING,SILIGURI_GRP,East
734104,DARJEELING,SILIGURI_GRP,East
734217,DARJEELING,SILIGURI_GRP,East
734216,DARJEELING,SILIGURI_GRP,East
734226,DARJEELING,SILIGURI_GRP,East
734209,DARJEELING,SILIGURI_GRP,East
734221,DARJEELING,SILIGURI_GRP,East
734222,DARJEELING,SILIGURI_GRP,East
734312,DARJEELING,SILIGURI_GRP,East
734224,DARJEELING,SILIGURI_GRP,East
734014,DARJEELING,SILIGURI_GRP,East
734423,DARJEELING,SILIGURI_GRP,East
734429,DARJEELING,SILIGURI_GRP,East
734427,DARJEELING,SILIGURI_GRP,East
734214,DARJEELING,SILIGURI_GRP,East
734313,DARJEELING,SILIGURI_GRP,East
734013,DARJEELING,SILIGURI_GRP,East
734434,DARJEELING,SILIGURI_GRP,East
734218,DARJEELING,SILIGURI_GRP,East
734003,DARJEELING,SILIGURI_GRP,East
734213,DARJEELING,SILIGURI_GRP,East
734223,DARJEELING,SILIGURI_GRP,East
734008,DARJEELING,SILIGURI_GRP,East
734426,DARJEELING,SILIGURI_GRP,East
734010,DARJEELING,SILIGURI_GRP,East
734009,DARJEELING,SILIGURI_GRP,East
734103,DARJEELING,SILIGURI_GRP,East
734220,DARJEELING,SILIGURI_GRP,East
734005,DARJEELING,SILIGURI_GRP,East
734012,DARJEELING,SILIGURI_GRP,East
734101,DARJEELING,SILIGURI_GRP,East
734002,DARJEELING,SILIGURI_GRP,East
734425,DARJEELING,SILIGURI_GRP,East
734204,DARJEELING,SILIGURI_GRP,East
734421,DARJEELING,SILIGURI_GRP,East
734424,DARJEELING,SILIGURI_GRP,East
734011,DARJEELING,SILIGURI_GRP,East
122022,GURUGRAM,HARYANA,North
122050,GURUGRAM,HARYANA,North
